{
  "type": "FeatureCollection",
  "features": [
    {
      "type": "Feature",
      "properties": {
        "highway": "tertiary",
        "name": ""
      },
      "geometry": {
        "type": "LineString",
        "coordinates": [
          [
            -151.0259493,
            -16.6951445
          ],
          [
            -151.0267953,
            -16.6952114
          ],
          [
            -151.0269095,
            -16.6952204
          ],
          [
            -151.0279656,
            -16.6953536
          ],
          [
            -151.0282598,
            -16.6953761
          ],
          [
            -151.0284970,
            -16.6953353
          ],
          [
            -151.0299217,
            -16.6947811
          ],
          [
            -151.0300094,
            -16.6947470
          ],
          [
            -151.0307043,
            -16.6944959
          ],
          [
            -151.0314090,
            -16.6942500
          ],
          [
            -151.0320918,
            -16.6940278
          ],
          [
            -151.0327653,
            -16.6938117
          ],
          [
            -151.0333660,
            -16.6936043
          ],
          [
            -151.0335393,
            -16.6935884
          ],
          [
            -151.0337123,
            -16.6936560
          ],
          [
            -151.0338113,
            -16.6937834
          ],
          [
            -151.0346605,
            -16.6953172
          ],
          [
            -151.0346721,
            -16.6954632
          ],
          [
            -151.0346257,
            -16.6955819
          ],
          [
            -151.0345113,
            -16.6956635
          ],
          [
            -151.0333997,
            -16.6963027
          ],
          [
            -151.0332615,
            -16.6964237
          ],
          [
            -151.0318324,
            -16.6984276
          ],
          [
            -151.0310815,
            -16.6994539
          ],
          [
            -151.0303256,
            -16.7005831
          ],
          [
            -151.0303049,
            -16.7006133
          ],
          [
            -151.0297061,
            -16.7014878
          ],
          [
            -151.0295898,
            -16.7016361
          ],
          [
            -151.0294410,
            -16.7019470
          ],
          [
            -151.0292032,
            -16.7025712
          ]
        ]
      }
    },
    {
      "type": "Feature",
      "properties": {
        "highway": "primary",
        "name": ""
      },
      "geometry": {
        "type": "LineString",
        "coordinates": [
          [
            -151.0027327,
            -16.7467840
          ],
          [
            -151.0030045,
            -16.7467642
          ],
          [
            -151.0036442,
            -16.7466757
          ],
          [
            -151.0041714,
            -16.7466329
          ],
          [
            -151.0042227,
            -16.7466366
          ],
          [
            -151.0045785,
            -16.7466621
          ],
          [
            -151.0046024,
            -16.7466638
          ],
          [
            -151.0052880,
            -16.7467639
          ],
          [
            -151.0059107,
            -16.7468465
          ],
          [
            -151.0060544,
            -16.7468745
          ],
          [
            -151.0061865,
            -16.7469216
          ],
          [
            -151.0062922,
            -16.7469928
          ],
          [
            -151.0063813,
            -16.7470776
          ],
          [
            -151.0065490,
            -16.7472843
          ],
          [
            -151.0066887,
            -16.7475414
          ],
          [
            -151.0069031,
            -16.7481378
          ],
          [
            -151.0071097,
            -16.7487089
          ],
          [
            -151.0072445,
            -16.7491469
          ],
          [
            -151.0073285,
            -16.7494453
          ],
          [
            -151.0073709,
            -16.7497643
          ],
          [
            -151.0073748,
            -16.7502495
          ],
          [
            -151.0073480,
            -16.7504463
          ],
          [
            -151.0072899,
            -16.7505944
          ],
          [
            -151.0071348,
            -16.7508141
          ],
          [
            -151.0070270,
            -16.7509834
          ],
          [
            -151.0070113,
            -16.7511040
          ],
          [
            -151.0070301,
            -16.7511739
          ],
          [
            -151.0070726,
            -16.7512593
          ],
          [
            -151.0071304,
            -16.7513189
          ],
          [
            -151.0072310,
            -16.7513667
          ],
          [
            -151.0074076,
            -16.7513939
          ],
          [
            -151.0075420,
            -16.7514067
          ],
          [
            -151.0076481,
            -16.7514625
          ],
          [
            -151.0077660,
            -16.7516047
          ],
          [
            -151.0078678,
            -16.7517708
          ],
          [
            -151.0079553,
            -16.7519344
          ],
          [
            -151.0080295,
            -16.7520834
          ],
          [
            -151.0081442,
            -16.7522424
          ],
          [
            -151.0086810,
            -16.7526860
          ],
          [
            -151.0089839,
            -16.7528971
          ],
          [
            -151.0093119,
            -16.7531201
          ],
          [
            -151.0094584,
            -16.7532581
          ],
          [
            -151.0096676,
            -16.7535148
          ],
          [
            -151.0097990,
            -16.7536185
          ],
          [
            -151.0100546,
            -16.7537494
          ],
          [
            -151.0103819,
            -16.7538322
          ],
          [
            -151.0105946,
            -16.7538701
          ],
          [
            -151.0108650,
            -16.7538748
          ],
          [
            -151.0111081,
            -16.7538014
          ],
          [
            -151.0113355,
            -16.7536732
          ],
          [
            -151.0120008,
            -16.7532152
          ],
          [
            -151.0123909,
            -16.7529148
          ],
          [
            -151.0126972,
            -16.7525271
          ],
          [
            -151.0129906,
            -16.7521632
          ],
          [
            -151.0134614,
            -16.7517988
          ],
          [
            -151.0140680,
            -16.7514104
          ]
        ]
      }
    },
    {
      "type": "Feature",
      "properties": {
        "highway": "track",
        "name": ""
      },
      "geometry": {
        "type": "LineString",
        "coordinates": [
          [
            -151.0169683,
            -16.6875776
          ],
          [
            -151.0168193,
            -16.6885115
          ]
        ]
      }
    },
    {
      "type": "Feature",
      "properties": {
        "highway": "residential",
        "name": ""
      },
      "geometry": {
        "type": "LineString",
        "coordinates": [
          [
            -151.0260338,
            -16.6955949
          ],
          [
            -151.0245910,
            -16.6960185
          ]
        ]
      }
    },
    {
      "type": "Feature",
      "properties": {
        "highway": "residential",
        "name": ""
      },
      "geometry": {
        "type": "LineString",
        "coordinates": [
          [
            -151.0149133,
            -16.7823654
          ],
          [
            -151.0149566,
            -16.7824988
          ],
          [
            -151.0150174,
            -16.7825809
          ],
          [
            -151.0150647,
            -16.7827400
          ],
          [
            -151.0150457,
            -16.7828280
          ],
          [
            -151.0149747,
            -16.7829176
          ],
          [
            -151.0148954,
            -16.7830126
          ],
          [
            -151.0148147,
            -16.7831329
          ],
          [
            -151.0147234,
            -16.7831798
          ],
          [
            -151.0146466,
            -16.7831797
          ],
          [
            -151.0146015,
            -16.7831475
          ],
          [
            -151.0145964,
            -16.7830882
          ],
          [
            -151.0146774,
            -16.7829822
          ],
          [
            -151.0147026,
            -16.7829086
          ],
          [
            -151.0146929,
            -16.7828598
          ],
          [
            -151.0146428,
            -16.7828177
          ],
          [
            -151.0144046,
            -16.7827292
          ],
          [
            -151.0141618,
            -16.7826352
          ],
          [
            -151.0136568,
            -16.7824675
          ]
        ]
      }
    },
    {
      "type": "Feature",
      "properties": {
        "highway": "residential",
        "name": ""
      },
      "geometry": {
        "type": "LineString",
        "coordinates": [
          [
            -151.0268624,
            -16.6903962
          ],
          [
            -151.0264062,
            -16.6900554
          ],
          [
            -151.0263595,
            -16.6899863
          ],
          [
            -151.0264715,
            -16.6894786
          ],
          [
            -151.0264604,
            -16.6893510
          ],
          [
            -151.0264075,
            -16.6892488
          ],
          [
            -151.0262974,
            -16.6891968
          ],
          [
            -151.0169683,
            -16.6875776
          ],
          [
            -151.0116938,
            -16.6866456
          ],
          [
            -151.0096226,
            -16.6862116
          ],
          [
            -151.0094458,
            -16.6861358
          ],
          [
            -151.0093328,
            -16.6860046
          ],
          [
            -151.0091831,
            -16.6859038
          ],
          [
            -151.0089515,
            -16.6858411
          ],
          [
            -151.0079600,
            -16.6858899
          ],
          [
            -151.0077278,
            -16.6859042
          ],
          [
            -151.0058979,
            -16.6861622
          ],
          [
            -151.0045915,
            -16.6862992
          ],
          [
            -151.0030098,
            -16.6865545
          ],
          [
            -151.0026926,
            -16.6865526
          ],
          [
            -151.0022829,
            -16.6863648
          ],
          [
            -151.0018183,
            -16.6862134
          ],
          [
            -151.0013167,
            -16.6861750
          ],
          [
            -151.0006367,
            -16.6862153
          ],
          [
            -151.0003214,
            -16.6861555
          ],
          [
            -150.9998259,
            -16.6858873
          ],
          [
            -150.9993448,
            -16.6857191
          ],
          [
            -150.9985815,
            -16.6855149
          ],
          [
            -150.9981403,
            -16.6853605
          ],
          [
            -150.9971646,
            -16.6851123
          ],
          [
            -150.9968221,
            -16.6850871
          ],
          [
            -150.9964435,
            -16.6851736
          ],
          [
            -150.9949811,
            -16.6857842
          ],
          [
            -150.9942125,
            -16.6862315
          ],
          [
            -150.9935376,
            -16.6864005
          ],
          [
            -150.9927728,
            -16.6866112
          ],
          [
            -150.9920730,
            -16.6868646
          ],
          [
            -150.9915580,
            -16.6872346
          ],
          [
            -150.9913005,
            -16.6876868
          ],
          [
            -150.9906139,
            -16.6879334
          ],
          [
            -150.9893693,
            -16.6887556
          ],
          [
            -150.9881248,
            -16.6898244
          ],
          [
            -150.9860648,
            -16.6914276
          ],
          [
            -150.9853782,
            -16.6921161
          ],
          [
            -150.9850470,
            -16.6924359
          ],
          [
            -150.9839191,
            -16.6935240
          ],
          [
            -150.9835434,
            -16.6937221
          ],
          [
            -150.9830779,
            -16.6941032
          ],
          [
            -150.9822481,
            -16.6946549
          ],
          [
            -150.9820406,
            -16.6949527
          ],
          [
            -150.9818676,
            -16.6952597
          ],
          [
            -150.9817416,
            -16.6956897
          ],
          [
            -150.9816306,
            -16.6963076
          ],
          [
            -150.9813983,
            -16.6970621
          ],
          [
            -150.9813770,
            -16.6975835
          ],
          [
            -150.9812154,
            -16.6983335
          ],
          [
            -150.9810962,
            -16.6986376
          ],
          [
            -150.9810774,
            -16.6988020
          ],
          [
            -150.9810962,
            -16.6989420
          ],
          [
            -150.9811606,
            -16.6991116
          ],
          [
            -150.9812849,
            -16.6993307
          ],
          [
            -150.9813564,
            -16.6995766
          ],
          [
            -150.9814081,
            -16.6996742
          ],
          [
            -150.9814931,
            -16.6997551
          ],
          [
            -150.9815361,
            -16.6998470
          ],
          [
            -150.9816117,
            -16.7003347
          ],
          [
            -150.9816474,
            -16.7009096
          ],
          [
            -150.9817022,
            -16.7012599
          ],
          [
            -150.9816716,
            -16.7014190
          ]
        ]
      }
    },
    {
      "type": "Feature",
      "properties": {
        "highway": "primary",
        "name": ""
      },
      "geometry": {
        "type": "LineString",
        "coordinates": [
          [
            -151.0136568,
            -16.7824675
          ],
          [
            -151.0136976,
            -16.7827199
          ],
          [
            -151.0136875,
            -16.7830592
          ],
          [
            -151.0136315,
            -16.7833841
          ],
          [
            -151.0134818,
            -16.7838356
          ],
          [
            -151.0134055,
            -16.7842771
          ],
          [
            -151.0133516,
            -16.7844187
          ],
          [
            -151.0132733,
            -16.7845559
          ],
          [
            -151.0131244,
            -16.7847382
          ],
          [
            -151.0128491,
            -16.7849886
          ],
          [
            -151.0121149,
            -16.7854865
          ]
        ]
      }
    },
    {
      "type": "Feature",
      "properties": {
        "highway": "primary",
        "name": ""
      },
      "geometry": {
        "type": "LineString",
        "coordinates": [
          [
            -151.0012940,
            -16.7834199
          ],
          [
            -151.0012801,
            -16.7834511
          ],
          [
            -151.0011268,
            -16.7841350
          ],
          [
            -151.0010308,
            -16.7846655
          ],
          [
            -151.0010187,
            -16.7848615
          ],
          [
            -151.0010347,
            -16.7851686
          ],
          [
            -151.0010610,
            -16.7855102
          ],
          [
            -151.0010390,
            -16.7856979
          ],
          [
            -151.0009528,
            -16.7859098
          ],
          [
            -151.0007891,
            -16.7861101
          ],
          [
            -150.9997862,
            -16.7870005
          ],
          [
            -150.9996035,
            -16.7872998
          ],
          [
            -150.9995303,
            -16.7875224
          ],
          [
            -150.9995264,
            -16.7876366
          ],
          [
            -150.9995711,
            -16.7878071
          ],
          [
            -150.9999796,
            -16.7883848
          ],
          [
            -151.0003117,
            -16.7889831
          ],
          [
            -151.0004749,
            -16.7894204
          ],
          [
            -151.0006450,
            -16.7897395
          ],
          [
            -151.0008445,
            -16.7899349
          ],
          [
            -151.0016514,
            -16.7902924
          ],
          [
            -151.0022229,
            -16.7903761
          ],
          [
            -151.0024870,
            -16.7904574
          ],
          [
            -151.0029603,
            -16.7908085
          ],
          [
            -151.0032052,
            -16.7910858
          ],
          [
            -151.0034457,
            -16.7917255
          ],
          [
            -151.0039657,
            -16.7931094
          ],
          [
            -151.0042743,
            -16.7935742
          ],
          [
            -151.0045864,
            -16.7940255
          ],
          [
            -151.0048964,
            -16.7942619
          ],
          [
            -151.0052523,
            -16.7943801
          ],
          [
            -151.0055008,
            -16.7944676
          ],
          [
            -151.0057718,
            -16.7946881
          ],
          [
            -151.0063361,
            -16.7951675
          ],
          [
            -151.0065911,
            -16.7953578
          ],
          [
            -151.0068809,
            -16.7954613
          ],
          [
            -151.0073654,
            -16.7955819
          ],
          [
            -151.0077615,
            -16.7957170
          ],
          [
            -151.0085588,
            -16.7961553
          ],
          [
            -151.0088830,
            -16.7962898
          ],
          [
            -151.0092186,
            -16.7963571
          ],
          [
            -151.0096361,
            -16.7964413
          ],
          [
            -151.0098383,
            -16.7965604
          ],
          [
            -151.0101734,
            -16.7967876
          ],
          [
            -151.0105419,
            -16.7969375
          ],
          [
            -151.0107794,
            -16.7970439
          ],
          [
            -151.0109717,
            -16.7971524
          ],
          [
            -151.0110728,
            -16.7973432
          ],
          [
            -151.0110718,
            -16.7975254
          ],
          [
            -151.0110408,
            -16.7976916
          ],
          [
            -151.0109060,
            -16.7978278
          ],
          [
            -151.0107650,
            -16.7979034
          ],
          [
            -151.0105630,
            -16.7979019
          ],
          [
            -151.0102269,
            -16.7978535
          ],
          [
            -151.0100050,
            -16.7978635
          ],
          [
            -151.0095863,
            -16.7980018
          ],
          [
            -151.0092980,
            -16.7981766
          ],
          [
            -151.0090645,
            -16.7983554
          ],
          [
            -151.0087400,
            -16.7987491
          ],
          [
            -151.0086054,
            -16.7988658
          ],
          [
            -151.0082831,
            -16.7990669
          ],
          [
            -151.0079590,
            -16.7993240
          ],
          [
            -151.0077059,
            -16.7995580
          ],
          [
            -151.0074206,
            -16.7998951
          ],
          [
            -151.0067912,
            -16.8007854
          ],
          [
            -151.0055485,
            -16.8017269
          ],
          [
            -151.0051775,
            -16.8021510
          ],
          [
            -151.0048059,
            -16.8026582
          ],
          [
            -151.0042678,
            -16.8035301
          ],
          [
            -151.0041569,
            -16.8039004
          ],
          [
            -151.0041298,
            -16.8043391
          ],
          [
            -151.0040624,
            -16.8045251
          ],
          [
            -151.0039146,
            -16.8047052
          ],
          [
            -151.0037657,
            -16.8048658
          ],
          [
            -151.0036674,
            -16.8049272
          ],
          [
            -151.0035013,
            -16.8049399
          ],
          [
            -151.0031899,
            -16.8049409
          ],
          [
            -151.0029489,
            -16.8050126
          ],
          [
            -151.0027328,
            -16.8051622
          ],
          [
            -151.0020968,
            -16.8056321
          ],
          [
            -151.0018399,
            -16.8057078
          ],
          [
            -151.0015001,
            -16.8056913
          ],
          [
            -151.0011438,
            -16.8056442
          ],
          [
            -151.0008916,
            -16.8056474
          ],
          [
            -151.0006927,
            -16.8057497
          ],
          [
            -151.0005065,
            -16.8059602
          ],
          [
            -151.0004085,
            -16.8062828
          ],
          [
            -151.0003632,
            -16.8067040
          ],
          [
            -151.0003780,
            -16.8069396
          ],
          [
            -151.0004208,
            -16.8071679
          ],
          [
            -151.0005068,
            -16.8074929
          ],
          [
            -151.0006281,
            -16.8077859
          ],
          [
            -151.0010626,
            -16.8084920
          ],
          [
            -151.0011140,
            -16.8086568
          ],
          [
            -151.0010968,
            -16.8088050
          ],
          [
            -151.0010276,
            -16.8089046
          ],
          [
            -151.0008147,
            -16.8091055
          ],
          [
            -151.0002683,
            -16.8093190
          ],
          [
            -151.0000642,
            -16.8093377
          ],
          [
            -150.9998425,
            -16.8092897
          ],
          [
            -150.9994010,
            -16.8090724
          ],
          [
            -150.9990566,
            -16.8087706
          ],
          [
            -150.9986479,
            -16.8083387
          ],
          [
            -150.9984326,
            -16.8082181
          ],
          [
            -150.9981679,
            -16.8081145
          ],
          [
            -150.9975060,
            -16.8079503
          ],
          [
            -150.9971795,
            -16.8078819
          ],
          [
            -150.9969206,
            -16.8078652
          ]
        ]
      }
    },
    {
      "type": "Feature",
      "properties": {
        "highway": "tertiary",
        "name": ""
      },
      "geometry": {
        "type": "LineString",
        "coordinates": [
          [
            -151.0307040,
            -16.7397701
          ],
          [
            -151.0309212,
            -16.7398002
          ],
          [
            -151.0311703,
            -16.7398066
          ],
          [
            -151.0313815,
            -16.7397869
          ],
          [
            -151.0316128,
            -16.7397152
          ],
          [
            -151.0317889,
            -16.7396194
          ],
          [
            -151.0321027,
            -16.7394725
          ],
          [
            -151.0322599,
            -16.7393984
          ],
          [
            -151.0325941,
            -16.7392659
          ],
          [
            -151.0329804,
            -16.7389025
          ],
          [
            -151.0332750,
            -16.7385263
          ],
          [
            -151.0335403,
            -16.7381868
          ],
          [
            -151.0337038,
            -16.7380506
          ],
          [
            -151.0340510,
            -16.7379086
          ],
          [
            -151.0342102,
            -16.7377682
          ],
          [
            -151.0343635,
            -16.7376017
          ],
          [
            -151.0347001,
            -16.7371483
          ],
          [
            -151.0351199,
            -16.7368473
          ],
          [
            -151.0357958,
            -16.7365653
          ],
          [
            -151.0359893,
            -16.7364313
          ],
          [
            -151.0368312,
            -16.7357785
          ],
          [
            -151.0381163,
            -16.7349963
          ],
          [
            -151.0385384,
            -16.7347606
          ],
          [
            -151.0388315,
            -16.7346436
          ],
          [
            -151.0391522,
            -16.7345677
          ],
          [
            -151.0399342,
            -16.7344518
          ],
          [
            -151.0400860,
            -16.7343974
          ],
          [
            -151.0402592,
            -16.7342936
          ],
          [
            -151.0405087,
            -16.7341404
          ],
          [
            -151.0406445,
            -16.7340726
          ],
          [
            -151.0408147,
            -16.7340550
          ],
          [
            -151.0409732,
            -16.7340785
          ],
          [
            -151.0410812,
            -16.7341466
          ],
          [
            -151.0412361,
            -16.7342990
          ],
          [
            -151.0413867,
            -16.7344158
          ],
          [
            -151.0417019,
            -16.7345336
          ],
          [
            -151.0418963,
            -16.7346568
          ],
          [
            -151.0422631,
            -16.7349126
          ],
          [
            -151.0438173,
            -16.7361641
          ],
          [
            -151.0439904,
            -16.7363594
          ],
          [
            -151.0441958,
            -16.7367056
          ],
          [
            -151.0454507,
            -16.7393845
          ],
          [
            -151.0456316,
            -16.7396950
          ],
          [
            -151.0458202,
            -16.7399206
          ],
          [
            -151.0459180,
            -16.7400643
          ],
          [
            -151.0460000,
            -16.7402817
          ],
          [
            -151.0462351,
            -16.7412352
          ],
          [
            -151.0462147,
            -16.7414991
          ],
          [
            -151.0461731,
            -16.7418150
          ],
          [
            -151.0461799,
            -16.7420226
          ],
          [
            -151.0462285,
            -16.7422346
          ]
        ]
      }
    },
    {
      "type": "Feature",
      "properties": {
        "highway": "unclassified",
        "name": ""
      },
      "geometry": {
        "type": "LineString",
        "coordinates": [
          [
            -151.0349417,
            -16.7122605
          ],
          [
            -151.0354404,
            -16.7128687
          ],
          [
            -151.0357490,
            -16.7132924
          ],
          [
            -151.0358888,
            -16.7135422
          ],
          [
            -151.0358959,
            -16.7136558
          ],
          [
            -151.0358619,
            -16.7137737
          ],
          [
            -151.0354303,
            -16.7139019
          ],
          [
            -151.0349145,
            -16.7140787
          ]
        ]
      }
    },
    {
      "type": "Feature",
      "properties": {
        "highway": "primary",
        "name": ""
      },
      "geometry": {
        "type": "LineString",
        "coordinates": [
          [
            -151.0096891,
            -16.7675650
          ],
          [
            -151.0099767,
            -16.7673864
          ],
          [
            -151.0100023,
            -16.7673497
          ],
          [
            -151.0100199,
            -16.7673079
          ],
          [
            -151.0100184,
            -16.7672436
          ],
          [
            -151.0099732,
            -16.7667673
          ],
          [
            -151.0100290,
            -16.7663523
          ],
          [
            -151.0107595,
            -16.7642000
          ],
          [
            -151.0110095,
            -16.7633178
          ],
          [
            -151.0112777,
            -16.7628221
          ],
          [
            -151.0113770,
            -16.7624960
          ],
          [
            -151.0114655,
            -16.7619361
          ],
          [
            -151.0116935,
            -16.7603720
          ],
          [
            -151.0117632,
            -16.7600946
          ],
          [
            -151.0121745,
            -16.7593198
          ],
          [
            -151.0130958,
            -16.7577537
          ],
          [
            -151.0135107,
            -16.7569425
          ],
          [
            -151.0137193,
            -16.7566735
          ],
          [
            -151.0139471,
            -16.7563881
          ],
          [
            -151.0139971,
            -16.7562495
          ],
          [
            -151.0141898,
            -16.7556094
          ],
          [
            -151.0143295,
            -16.7553630
          ],
          [
            -151.0150083,
            -16.7546800
          ],
          [
            -151.0155531,
            -16.7541785
          ],
          [
            -151.0161277,
            -16.7538545
          ],
          [
            -151.0171637,
            -16.7534421
          ]
        ]
      }
    },
    {
      "type": "Feature",
      "properties": {
        "highway": "primary",
        "name": "Pont de Maroe"
      },
      "geometry": {
        "type": "LineString",
        "coordinates": [
          [
            -151.0088107,
            -16.7680952
          ],
          [
            -151.0096891,
            -16.7675650
          ]
        ]
      }
    },
    {
      "type": "Feature",
      "properties": {
        "highway": "unclassified",
        "name": "Anini"
      },
      "geometry": {
        "type": "LineString",
        "coordinates": [
          [
            -150.9830373,
            -16.8166540
          ],
          [
            -150.9825271,
            -16.8169809
          ],
          [
            -150.9820902,
            -16.8173226
          ],
          [
            -150.9819056,
            -16.8175745
          ],
          [
            -150.9817838,
            -16.8177526
          ],
          [
            -150.9816721,
            -16.8178358
          ],
          [
            -150.9813191,
            -16.8180473
          ],
          [
            -150.9811860,
            -16.8181711
          ]
        ]
      }
    },
    {
      "type": "Feature",
      "properties": {
        "highway": "tertiary",
        "name": ""
      },
      "geometry": {
        "type": "LineString",
        "coordinates": [
          [
            -150.9853956,
            -16.7021247
          ],
          [
            -150.9853092,
            -16.7021024
          ],
          [
            -150.9851509,
            -16.7019078
          ],
          [
            -150.9850269,
            -16.7018345
          ],
          [
            -150.9844017,
            -16.7017516
          ],
          [
            -150.9840569,
            -16.7017027
          ],
          [
            -150.9823518,
            -16.7014928
          ],
          [
            -150.9818421,
            -16.7014190
          ],
          [
            -150.9816716,
            -16.7014190
          ],
          [
            -150.9815942,
            -16.7014863
          ],
          [
            -150.9815391,
            -16.7015497
          ],
          [
            -150.9814161,
            -16.7018613
          ],
          [
            -150.9811136,
            -16.7027093
          ],
          [
            -150.9810916,
            -16.7028294
          ],
          [
            -150.9810693,
            -16.7030171
          ],
          [
            -150.9810406,
            -16.7039105
          ],
          [
            -150.9810717,
            -16.7042111
          ],
          [
            -150.9810520,
            -16.7045808
          ],
          [
            -150.9809085,
            -16.7054104
          ],
          [
            -150.9807769,
            -16.7061280
          ],
          [
            -150.9806874,
            -16.7066416
          ],
          [
            -150.9806550,
            -16.7069249
          ],
          [
            -150.9806631,
            -16.7071212
          ],
          [
            -150.9807074,
            -16.7072486
          ],
          [
            -150.9808565,
            -16.7075049
          ],
          [
            -150.9810777,
            -16.7078280
          ],
          [
            -150.9810944,
            -16.7079726
          ],
          [
            -150.9809928,
            -16.7085622
          ],
          [
            -150.9810312,
            -16.7092623
          ],
          [
            -150.9810116,
            -16.7094522
          ],
          [
            -150.9807970,
            -16.7102537
          ],
          [
            -150.9806091,
            -16.7108092
          ],
          [
            -150.9805497,
            -16.7111045
          ],
          [
            -150.9805462,
            -16.7112998
          ],
          [
            -150.9807004,
            -16.7122472
          ],
          [
            -150.9808721,
            -16.7126685
          ],
          [
            -150.9810116,
            -16.7129973
          ],
          [
            -150.9811510,
            -16.7132337
          ],
          [
            -150.9811673,
            -16.7134594
          ],
          [
            -150.9811834,
            -16.7136547
          ],
          [
            -150.9812129,
            -16.7137266
          ],
          [
            -150.9812745,
            -16.7137523
          ],
          [
            -150.9815468,
            -16.7137941
          ],
          [
            -150.9816532,
            -16.7138475
          ],
          [
            -150.9820351,
            -16.7141275
          ],
          [
            -150.9820706,
            -16.7141906
          ],
          [
            -150.9820655,
            -16.7142472
          ],
          [
            -150.9820486,
            -16.7143265
          ],
          [
            -150.9819776,
            -16.7144026
          ],
          [
            -150.9816211,
            -16.7146243
          ]
        ]
      }
    },
    {
      "type": "Feature",
      "properties": {
        "highway": "tertiary",
        "name": ""
      },
      "geometry": {
        "type": "LineString",
        "coordinates": [
          [
            -150.9858398,
            -16.7022409
          ],
          [
            -150.9853956,
            -16.7021247
          ]
        ]
      }
    },
    {
      "type": "Feature",
      "properties": {
        "highway": "tertiary",
        "name": ""
      },
      "geometry": {
        "type": "LineString",
        "coordinates": [
          [
            -150.9859696,
            -16.7022398
          ],
          [
            -150.9859327,
            -16.7022426
          ],
          [
            -150.9858398,
            -16.7022409
          ]
        ]
      }
    },
    {
      "type": "Feature",
      "properties": {
        "highway": "footway",
        "name": ""
      },
      "geometry": {
        "type": "LineString",
        "coordinates": [
          [
            -150.9936861,
            -16.6986422
          ],
          [
            -150.9936705,
            -16.6987204
          ],
          [
            -150.9935456,
            -16.6988787
          ],
          [
            -150.9935562,
            -16.6991434
          ],
          [
            -150.9935393,
            -16.6992172
          ],
          [
            -150.9935943,
            -16.6993852
          ],
          [
            -150.9935731,
            -16.6995563
          ],
          [
            -150.9933819,
            -16.6998338
          ],
          [
            -150.9930248,
            -16.7000714
          ],
          [
            -150.9928929,
            -16.7002031
          ],
          [
            -150.9927878,
            -16.7002749
          ],
          [
            -150.9926526,
            -16.7003673
          ],
          [
            -150.9923751,
            -16.7004976
          ],
          [
            -150.9922157,
            -16.7006515
          ],
          [
            -150.9920701,
            -16.7006836
          ],
          [
            -150.9919106,
            -16.7008124
          ],
          [
            -150.9916981,
            -16.7009900
          ],
          [
            -150.9916586,
            -16.7009501
          ],
          [
            -150.9915118,
            -16.7009242
          ],
          [
            -150.9914258,
            -16.7008380
          ]
        ]
      }
    },
    {
      "type": "Feature",
      "properties": {
        "highway": "footway",
        "name": ""
      },
      "geometry": {
        "type": "LineString",
        "coordinates": [
          [
            -150.9880246,
            -16.7034494
          ],
          [
            -150.9879531,
            -16.7032250
          ],
          [
            -150.9879209,
            -16.7031119
          ],
          [
            -150.9879424,
            -16.7028653
          ],
          [
            -150.9880282,
            -16.7026803
          ],
          [
            -150.9882428,
            -16.7024337
          ],
          [
            -150.9885110,
            -16.7020021
          ],
          [
            -150.9887685,
            -16.7016835
          ],
          [
            -150.9889831,
            -16.7013650
          ],
          [
            -150.9891762,
            -16.7012108
          ],
          [
            -150.9894337,
            -16.7011594
          ],
          [
            -150.9896590,
            -16.7011594
          ],
          [
            -150.9900452,
            -16.7013341
          ],
          [
            -150.9903242,
            -16.7014883
          ],
          [
            -150.9906353,
            -16.7016322
          ],
          [
            -150.9909786,
            -16.7017041
          ],
          [
            -150.9911430,
            -16.7019051
          ]
        ]
      }
    },
    {
      "type": "Feature",
      "properties": {
        "highway": "footway",
        "name": ""
      },
      "geometry": {
        "type": "LineString",
        "coordinates": [
          [
            -150.9896590,
            -16.7011594
          ],
          [
            -150.9898950,
            -16.7008614
          ],
          [
            -150.9898950,
            -16.7006148
          ],
          [
            -150.9897877,
            -16.7001318
          ],
          [
            -150.9897556,
            -16.6998235
          ],
          [
            -150.9897877,
            -16.6996077
          ]
        ]
      }
    },
    {
      "type": "Feature",
      "properties": {
        "highway": "tertiary",
        "name": ""
      },
      "geometry": {
        "type": "LineString",
        "coordinates": [
          [
            -151.0219304,
            -16.7508269
          ],
          [
            -151.0220092,
            -16.7509209
          ],
          [
            -151.0220495,
            -16.7509398
          ],
          [
            -151.0222319,
            -16.7509848
          ],
          [
            -151.0224006,
            -16.7510673
          ],
          [
            -151.0230345,
            -16.7515523
          ],
          [
            -151.0232039,
            -16.7517314
          ],
          [
            -151.0232862,
            -16.7519335
          ],
          [
            -151.0233916,
            -16.7522578
          ],
          [
            -151.0234819,
            -16.7526341
          ],
          [
            -151.0236038,
            -16.7528129
          ],
          [
            -151.0237654,
            -16.7529039
          ],
          [
            -151.0239454,
            -16.7529138
          ],
          [
            -151.0240879,
            -16.7528550
          ],
          [
            -151.0242496,
            -16.7527091
          ],
          [
            -151.0243284,
            -16.7526698
          ],
          [
            -151.0244132,
            -16.7526800
          ],
          [
            -151.0246061,
            -16.7527794
          ],
          [
            -151.0247643,
            -16.7528325
          ],
          [
            -151.0249826,
            -16.7528383
          ],
          [
            -151.0251497,
            -16.7527929
          ],
          [
            -151.0252996,
            -16.7526737
          ],
          [
            -151.0255051,
            -16.7524537
          ],
          [
            -151.0255934,
            -16.7524244
          ],
          [
            -151.0256793,
            -16.7524535
          ],
          [
            -151.0257796,
            -16.7525579
          ],
          [
            -151.0261990,
            -16.7528830
          ],
          [
            -151.0263422,
            -16.7529821
          ],
          [
            -151.0264188,
            -16.7530767
          ],
          [
            -151.0265747,
            -16.7533951
          ],
          [
            -151.0267141,
            -16.7535849
          ],
          [
            -151.0268949,
            -16.7537608
          ],
          [
            -151.0271029,
            -16.7539278
          ],
          [
            -151.0272323,
            -16.7541310
          ],
          [
            -151.0273469,
            -16.7543275
          ],
          [
            -151.0274641,
            -16.7546094
          ],
          [
            -151.0276072,
            -16.7554990
          ],
          [
            -151.0276941,
            -16.7561908
          ],
          [
            -151.0277878,
            -16.7565100
          ],
          [
            -151.0280087,
            -16.7569346
          ],
          [
            -151.0282476,
            -16.7574207
          ],
          [
            -151.0283389,
            -16.7575143
          ],
          [
            -151.0284935,
            -16.7575692
          ],
          [
            -151.0289356,
            -16.7576155
          ],
          [
            -151.0291207,
            -16.7576649
          ],
          [
            -151.0292681,
            -16.7577817
          ],
          [
            -151.0298268,
            -16.7584442
          ],
          [
            -151.0302808,
            -16.7588291
          ],
          [
            -151.0306590,
            -16.7590667
          ],
          [
            -151.0308887,
            -16.7591161
          ],
          [
            -151.0311274,
            -16.7591260
          ],
          [
            -151.0319711,
            -16.7591387
          ],
          [
            -151.0323331,
            -16.7591303
          ],
          [
            -151.0326924,
            -16.7590830
          ],
          [
            -151.0332437,
            -16.7589633
          ],
          [
            -151.0333674,
            -16.7589771
          ],
          [
            -151.0336880,
            -16.7590713
          ],
          [
            -151.0342058,
            -16.7591109
          ],
          [
            -151.0343108,
            -16.7591309
          ],
          [
            -151.0344035,
            -16.7591659
          ],
          [
            -151.0349225,
            -16.7595098
          ],
          [
            -151.0356096,
            -16.7597651
          ],
          [
            -151.0361884,
            -16.7601698
          ],
          [
            -151.0365034,
            -16.7604343
          ],
          [
            -151.0366255,
            -16.7605863
          ],
          [
            -151.0367224,
            -16.7607505
          ],
          [
            -151.0367530,
            -16.7609240
          ],
          [
            -151.0367494,
            -16.7611954
          ],
          [
            -151.0368079,
            -16.7614373
          ],
          [
            -151.0369688,
            -16.7618815
          ],
          [
            -151.0371112,
            -16.7622864
          ],
          [
            -151.0372692,
            -16.7626489
          ],
          [
            -151.0374384,
            -16.7630836
          ],
          [
            -151.0374976,
            -16.7633744
          ],
          [
            -151.0374546,
            -16.7638902
          ],
          [
            -151.0375217,
            -16.7646815
          ],
          [
            -151.0375298,
            -16.7651928
          ],
          [
            -151.0375257,
            -16.7658489
          ],
          [
            -151.0374222,
            -16.7664041
          ],
          [
            -151.0372076,
            -16.7672670
          ],
          [
            -151.0368428,
            -16.7682121
          ],
          [
            -151.0365866,
            -16.7689437
          ],
          [
            -151.0362387,
            -16.7697325
          ],
          [
            -151.0361726,
            -16.7700119
          ],
          [
            -151.0360775,
            -16.7706678
          ],
          [
            -151.0359875,
            -16.7712104
          ],
          [
            -151.0359804,
            -16.7718236
          ],
          [
            -151.0357801,
            -16.7726510
          ],
          [
            -151.0357961,
            -16.7728377
          ],
          [
            -151.0358884,
            -16.7731317
          ],
          [
            -151.0360382,
            -16.7733878
          ],
          [
            -151.0362480,
            -16.7735936
          ],
          [
            -151.0363885,
            -16.7736853
          ],
          [
            -151.0364268,
            -16.7737131
          ],
          [
            -151.0364959,
            -16.7737362
          ],
          [
            -151.0365716,
            -16.7737285
          ],
          [
            -151.0367159,
            -16.7737144
          ],
          [
            -151.0369220,
            -16.7737274
          ],
          [
            -151.0370622,
            -16.7737622
          ],
          [
            -151.0373609,
            -16.7738062
          ],
          [
            -151.0374264,
            -16.7738071
          ],
          [
            -151.0377425,
            -16.7737382
          ],
          [
            -151.0378243,
            -16.7737447
          ],
          [
            -151.0378855,
            -16.7737665
          ],
          [
            -151.0380341,
            -16.7738460
          ],
          [
            -151.0381119,
            -16.7738806
          ],
          [
            -151.0381857,
            -16.7738883
          ],
          [
            -151.0382769,
            -16.7738768
          ],
          [
            -151.0391057,
            -16.7738010
          ]
        ]
      }
    },
    {
      "type": "Feature",
      "properties": {
        "highway": "residential",
        "name": ""
      },
      "geometry": {
        "type": "LineString",
        "coordinates": [
          [
            -151.0299686,
            -16.7355025
          ],
          [
            -151.0301263,
            -16.7356578
          ],
          [
            -151.0303575,
            -16.7359121
          ],
          [
            -151.0306941,
            -16.7362666
          ],
          [
            -151.0311072,
            -16.7366005
          ],
          [
            -151.0315143,
            -16.7368018
          ]
        ]
      }
    },
    {
      "type": "Feature",
      "properties": {
        "highway": "residential",
        "name": ""
      },
      "geometry": {
        "type": "LineString",
        "coordinates": [
          [
            -151.0317108,
            -16.7371585
          ],
          [
            -151.0318342,
            -16.7370339
          ],
          [
            -151.0319390,
            -16.7369052
          ],
          [
            -151.0320565,
            -16.7367041
          ],
          [
            -151.0321252,
            -16.7364967
          ],
          [
            -151.0322336,
            -16.7361519
          ],
          [
            -151.0322990,
            -16.7358619
          ]
        ]
      }
    },
    {
      "type": "Feature",
      "properties": {
        "highway": "residential",
        "name": ""
      },
      "geometry": {
        "type": "LineString",
        "coordinates": [
          [
            -151.0321252,
            -16.7364967
          ],
          [
            -151.0319323,
            -16.7363661
          ],
          [
            -151.0318930,
            -16.7363494
          ]
        ]
      }
    },
    {
      "type": "Feature",
      "properties": {
        "highway": "primary",
        "name": ""
      },
      "geometry": {
        "type": "LineString",
        "coordinates": [
          [
            -151.0261045,
            -16.7016378
          ],
          [
            -151.0262167,
            -16.7016017
          ],
          [
            -151.0264315,
            -16.7015792
          ],
          [
            -151.0265089,
            -16.7015696
          ],
          [
            -151.0265311,
            -16.7015692
          ],
          [
            -151.0265556,
            -16.7015689
          ],
          [
            -151.0266387,
            -16.7015856
          ],
          [
            -151.0267654,
            -16.7016104
          ],
          [
            -151.0268318,
            -16.7016293
          ],
          [
            -151.0268527,
            -16.7016375
          ],
          [
            -151.0268860,
            -16.7016544
          ]
        ]
      }
    },
    {
      "type": "Feature",
      "properties": {
        "highway": "residential",
        "name": ""
      },
      "geometry": {
        "type": "LineString",
        "coordinates": [
          [
            -151.0306062,
            -16.6928110
          ],
          [
            -151.0314090,
            -16.6942500
          ]
        ]
      }
    },
    {
      "type": "Feature",
      "properties": {
        "highway": "residential",
        "name": ""
      },
      "geometry": {
        "type": "LineString",
        "coordinates": [
          [
            -151.0314189,
            -16.6927955
          ],
          [
            -151.0320918,
            -16.6940278
          ]
        ]
      }
    },
    {
      "type": "Feature",
      "properties": {
        "highway": "primary",
        "name": ""
      },
      "geometry": {
        "type": "LineString",
        "coordinates": [
          [
            -151.0265655,
            -16.7006462
          ],
          [
            -151.0265676,
            -16.7007298
          ],
          [
            -151.0265639,
            -16.7009288
          ],
          [
            -151.0265619,
            -16.7010527
          ],
          [
            -151.0265663,
            -16.7011174
          ],
          [
            -151.0265787,
            -16.7012368
          ],
          [
            -151.0265895,
            -16.7012927
          ],
          [
            -151.0266032,
            -16.7013412
          ],
          [
            -151.0266165,
            -16.7013894
          ],
          [
            -151.0266294,
            -16.7014270
          ],
          [
            -151.0266441,
            -16.7014584
          ],
          [
            -151.0266605,
            -16.7014812
          ],
          [
            -151.0267132,
            -16.7015406
          ],
          [
            -151.0267484,
            -16.7015724
          ],
          [
            -151.0267921,
            -16.7016005
          ],
          [
            -151.0268318,
            -16.7016293
          ]
        ]
      }
    },
    {
      "type": "Feature",
      "properties": {
        "highway": "residential",
        "name": ""
      },
      "geometry": {
        "type": "LineString",
        "coordinates": [
          [
            -151.0299468,
            -16.7366198
          ],
          [
            -151.0300300,
            -16.7366995
          ],
          [
            -151.0300729,
            -16.7368305
          ],
          [
            -151.0302392,
            -16.7370180
          ],
          [
            -151.0303814,
            -16.7371926
          ],
          [
            -151.0306040,
            -16.7373724
          ],
          [
            -151.0308596,
            -16.7375377
          ]
        ]
      }
    },
    {
      "type": "Feature",
      "properties": {
        "highway": "primary",
        "name": ""
      },
      "geometry": {
        "type": "LineString",
        "coordinates": [
          [
            -151.0268860,
            -16.7016544
          ],
          [
            -151.0268093,
            -16.7016471
          ],
          [
            -151.0267534,
            -16.7016351
          ],
          [
            -151.0266520,
            -16.7016190
          ],
          [
            -151.0265526,
            -16.7016129
          ],
          [
            -151.0264979,
            -16.7016126
          ],
          [
            -151.0264364,
            -16.7016147
          ],
          [
            -151.0263155,
            -16.7016267
          ],
          [
            -151.0261045,
            -16.7016378
          ]
        ]
      }
    },
    {
      "type": "Feature",
      "properties": {
        "highway": "primary",
        "name": ""
      },
      "geometry": {
        "type": "LineString",
        "coordinates": [
          [
            -151.0262167,
            -16.7016017
          ],
          [
            -151.0263075,
            -16.7015419
          ],
          [
            -151.0263491,
            -16.7015111
          ],
          [
            -151.0263833,
            -16.7014771
          ],
          [
            -151.0264118,
            -16.7014425
          ],
          [
            -151.0264279,
            -16.7014141
          ],
          [
            -151.0264557,
            -16.7013646
          ],
          [
            -151.0264678,
            -16.7013335
          ],
          [
            -151.0264852,
            -16.7012841
          ],
          [
            -151.0264955,
            -16.7012335
          ],
          [
            -151.0265160,
            -16.7011187
          ],
          [
            -151.0265223,
            -16.7010508
          ],
          [
            -151.0265301,
            -16.7009273
          ],
          [
            -151.0265468,
            -16.7007315
          ],
          [
            -151.0265655,
            -16.7006462
          ]
        ]
      }
    },
    {
      "type": "Feature",
      "properties": {
        "highway": "residential",
        "name": ""
      },
      "geometry": {
        "type": "LineString",
        "coordinates": [
          [
            -151.0325339,
            -16.7369301
          ],
          [
            -151.0320565,
            -16.7367041
          ]
        ]
      }
    },
    {
      "type": "Feature",
      "properties": {
        "highway": "primary",
        "name": ""
      },
      "geometry": {
        "type": "LineString",
        "coordinates": [
          [
            -151.0261045,
            -16.7016378
          ],
          [
            -151.0253278,
            -16.7017240
          ],
          [
            -151.0249920,
            -16.7017281
          ],
          [
            -151.0247392,
            -16.7017131
          ],
          [
            -151.0244541,
            -16.7016730
          ],
          [
            -151.0241491,
            -16.7016106
          ],
          [
            -151.0225258,
            -16.7011577
          ],
          [
            -151.0223714,
            -16.7011193
          ],
          [
            -151.0222815,
            -16.7011026
          ],
          [
            -151.0221766,
            -16.7010959
          ],
          [
            -151.0220736,
            -16.7011039
          ],
          [
            -151.0219601,
            -16.7011283
          ],
          [
            -151.0217039,
            -16.7011977
          ],
          [
            -151.0215903,
            -16.7012391
          ],
          [
            -151.0210355,
            -16.7014413
          ],
          [
            -151.0207019,
            -16.7015129
          ],
          [
            -151.0205002,
            -16.7015003
          ],
          [
            -151.0199278,
            -16.7013759
          ],
          [
            -151.0192665,
            -16.7011822
          ],
          [
            -151.0182664,
            -16.7008915
          ],
          [
            -151.0171467,
            -16.7005054
          ],
          [
            -151.0165237,
            -16.7002736
          ],
          [
            -151.0159809,
            -16.7002065
          ],
          [
            -151.0155259,
            -16.7001569
          ],
          [
            -151.0147577,
            -16.7000849
          ],
          [
            -151.0139812,
            -16.7000812
          ],
          [
            -151.0130810,
            -16.7001145
          ],
          [
            -151.0122804,
            -16.7000546
          ],
          [
            -151.0120359,
            -16.7001014
          ],
          [
            -151.0115424,
            -16.7003254
          ],
          [
            -151.0111419,
            -16.7006352
          ],
          [
            -151.0108600,
            -16.7009885
          ],
          [
            -151.0103319,
            -16.7013388
          ],
          [
            -151.0100121,
            -16.7015008
          ],
          [
            -151.0098552,
            -16.7015206
          ]
        ]
      }
    },
    {
      "type": "Feature",
      "properties": {
        "highway": "primary_link",
        "name": ""
      },
      "geometry": {
        "type": "LineString",
        "coordinates": [
          [
            -151.0266165,
            -16.7013894
          ],
          [
            -151.0266153,
            -16.7014334
          ],
          [
            -151.0266086,
            -16.7014652
          ],
          [
            -151.0265992,
            -16.7014941
          ],
          [
            -151.0265817,
            -16.7015284
          ],
          [
            -151.0265556,
            -16.7015689
          ],
          [
            -151.0265462,
            -16.7015766
          ],
          [
            -151.0265331,
            -16.7015834
          ],
          [
            -151.0265003,
            -16.7015956
          ],
          [
            -151.0264364,
            -16.7016147
          ]
        ]
      }
    },
    {
      "type": "Feature",
      "properties": {
        "highway": "primary_link",
        "name": ""
      },
      "geometry": {
        "type": "LineString",
        "coordinates": [
          [
            -151.0266520,
            -16.7016190
          ],
          [
            -151.0265720,
            -16.7015962
          ],
          [
            -151.0265331,
            -16.7015834
          ],
          [
            -151.0265187,
            -16.7015776
          ],
          [
            -151.0265089,
            -16.7015696
          ],
          [
            -151.0264822,
            -16.7015272
          ],
          [
            -151.0264758,
            -16.7015072
          ],
          [
            -151.0264631,
            -16.7014796
          ],
          [
            -151.0264560,
            -16.7014482
          ],
          [
            -151.0264563,
            -16.7014235
          ],
          [
            -151.0264557,
            -16.7013646
          ]
        ]
      }
    },
    {
      "type": "Feature",
      "properties": {
        "highway": "residential",
        "name": ""
      },
      "geometry": {
        "type": "LineString",
        "coordinates": [
          [
            -151.0321323,
            -16.6926877
          ],
          [
            -151.0327653,
            -16.6938117
          ]
        ]
      }
    },
    {
      "type": "Feature",
      "properties": {
        "highway": "residential",
        "name": ""
      },
      "geometry": {
        "type": "LineString",
        "coordinates": [
          [
            -151.0298390,
            -16.6929240
          ],
          [
            -151.0307043,
            -16.6944959
          ]
        ]
      }
    },
    {
      "type": "Feature",
      "properties": {
        "highway": "residential",
        "name": ""
      },
      "geometry": {
        "type": "LineString",
        "coordinates": [
          [
            -151.0309470,
            -16.7343703
          ],
          [
            -151.0310583,
            -16.7342612
          ],
          [
            -151.0310993,
            -16.7342548
          ],
          [
            -151.0311784,
            -16.7342663
          ],
          [
            -151.0312459,
            -16.7343093
          ],
          [
            -151.0314363,
            -16.7345148
          ],
          [
            -151.0315865,
            -16.7346330
          ],
          [
            -151.0317890,
            -16.7347344
          ],
          [
            -151.0321270,
            -16.7348821
          ],
          [
            -151.0326340,
            -16.7351157
          ]
        ]
      }
    },
    {
      "type": "Feature",
      "properties": {
        "highway": "residential",
        "name": ""
      },
      "geometry": {
        "type": "LineString",
        "coordinates": [
          [
            -151.0317787,
            -16.7107334
          ],
          [
            -151.0323525,
            -16.7111458
          ],
          [
            -151.0329645,
            -16.7116820
          ],
          [
            -151.0336272,
            -16.7121394
          ],
          [
            -151.0343465,
            -16.7126155
          ],
          [
            -151.0347487,
            -16.7127988
          ]
        ]
      }
    },
    {
      "type": "Feature",
      "properties": {
        "highway": "residential",
        "name": ""
      },
      "geometry": {
        "type": "LineString",
        "coordinates": [
          [
            -151.0402841,
            -16.7052860
          ],
          [
            -151.0396327,
            -16.7052918
          ],
          [
            -151.0394587,
            -16.7053138
          ],
          [
            -151.0393958,
            -16.7054689
          ],
          [
            -151.0392588,
            -16.7059415
          ],
          [
            -151.0392287,
            -16.7060596
          ],
          [
            -151.0391499,
            -16.7061003
          ],
          [
            -151.0370786,
            -16.7065035
          ],
          [
            -151.0358964,
            -16.7067590
          ],
          [
            -151.0345621,
            -16.7070690
          ]
        ]
      }
    },
    {
      "type": "Feature",
      "properties": {
        "highway": "residential",
        "name": ""
      },
      "geometry": {
        "type": "LineString",
        "coordinates": [
          [
            -151.0320733,
            -16.7100307
          ],
          [
            -151.0328371,
            -16.7105784
          ],
          [
            -151.0334187,
            -16.7112051
          ],
          [
            -151.0334603,
            -16.7112499
          ],
          [
            -151.0344081,
            -16.7119622
          ],
          [
            -151.0349738,
            -16.7121495
          ]
        ]
      }
    },
    {
      "type": "Feature",
      "properties": {
        "highway": "residential",
        "name": ""
      },
      "geometry": {
        "type": "LineString",
        "coordinates": [
          [
            -151.0373528,
            -16.7119888
          ],
          [
            -151.0367060,
            -16.7115234
          ],
          [
            -151.0364361,
            -16.7113699
          ],
          [
            -151.0359801,
            -16.7112489
          ],
          [
            -151.0353056,
            -16.7110852
          ]
        ]
      }
    },
    {
      "type": "Feature",
      "properties": {
        "highway": "service",
        "name": ""
      },
      "geometry": {
        "type": "LineString",
        "coordinates": [
          [
            -151.0345122,
            -16.7092685
          ],
          [
            -151.0344825,
            -16.7086645
          ]
        ]
      }
    },
    {
      "type": "Feature",
      "properties": {
        "highway": "residential",
        "name": ""
      },
      "geometry": {
        "type": "LineString",
        "coordinates": [
          [
            -151.0374330,
            -16.7115112
          ],
          [
            -151.0370160,
            -16.7112585
          ],
          [
            -151.0362063,
            -16.7107641
          ],
          [
            -151.0360426,
            -16.7107134
          ],
          [
            -151.0353325,
            -16.7106093
          ]
        ]
      }
    },
    {
      "type": "Feature",
      "properties": {
        "highway": "residential",
        "name": ""
      },
      "geometry": {
        "type": "LineString",
        "coordinates": [
          [
            -151.0391335,
            -16.7026055
          ],
          [
            -151.0386049,
            -16.7019142
          ],
          [
            -151.0385410,
            -16.7018495
          ],
          [
            -151.0384796,
            -16.7018270
          ],
          [
            -151.0383801,
            -16.7018516
          ],
          [
            -151.0377906,
            -16.7022527
          ],
          [
            -151.0374804,
            -16.7024638
          ],
          [
            -151.0365775,
            -16.7030517
          ],
          [
            -151.0341172,
            -16.7046535
          ],
          [
            -151.0334505,
            -16.7050876
          ]
        ]
      }
    },
    {
      "type": "Feature",
      "properties": {
        "highway": "residential",
        "name": ""
      },
      "geometry": {
        "type": "LineString",
        "coordinates": [
          [
            -151.0340358,
            -16.7098524
          ],
          [
            -151.0336961,
            -16.7098012
          ],
          [
            -151.0336402,
            -16.7093219
          ],
          [
            -151.0336728,
            -16.7092474
          ],
          [
            -151.0345122,
            -16.7092685
          ],
          [
            -151.0351631,
            -16.7092806
          ]
        ]
      }
    },
    {
      "type": "Feature",
      "properties": {
        "highway": "service",
        "name": ""
      },
      "geometry": {
        "type": "LineString",
        "coordinates": [
          [
            -150.9870518,
            -16.7122389
          ],
          [
            -150.9876882,
            -16.7123173
          ],
          [
            -150.9881981,
            -16.7123356
          ],
          [
            -150.9883135,
            -16.7123215
          ],
          [
            -150.9886445,
            -16.7122279
          ],
          [
            -150.9889253,
            -16.7121626
          ],
          [
            -150.9891655,
            -16.7121564
          ],
          [
            -150.9894492,
            -16.7120742
          ],
          [
            -150.9896967,
            -16.7120506
          ],
          [
            -150.9897678,
            -16.7121043
          ],
          [
            -150.9898397,
            -16.7121977
          ]
        ]
      }
    },
    {
      "type": "Feature",
      "properties": {
        "highway": "track",
        "name": ""
      },
      "geometry": {
        "type": "LineString",
        "coordinates": [
          [
            -151.0290125,
            -16.6899406
          ],
          [
            -151.0290444,
            -16.6900332
          ],
          [
            -151.0291246,
            -16.6900768
          ],
          [
            -151.0292048,
            -16.6900383
          ],
          [
            -151.0292609,
            -16.6899756
          ],
          [
            -151.0293090,
            -16.6899538
          ],
          [
            -151.0293785,
            -16.6899180
          ],
          [
            -151.0294039,
            -16.6898130
          ],
          [
            -151.0293719,
            -16.6897426
          ],
          [
            -151.0292382,
            -16.6896901
          ],
          [
            -151.0291015,
            -16.6897091
          ],
          [
            -151.0290614,
            -16.6897389
          ]
        ]
      }
    },
    {
      "type": "Feature",
      "properties": {
        "highway": "service",
        "name": ""
      },
      "geometry": {
        "type": "LineString",
        "coordinates": [
          [
            -151.0252294,
            -16.7121849
          ],
          [
            -151.0256678,
            -16.7121118
          ],
          [
            -151.0260963,
            -16.7120896
          ],
          [
            -151.0262677,
            -16.7121061
          ],
          [
            -151.0265081,
            -16.7122282
          ],
          [
            -151.0267281,
            -16.7123234
          ],
          [
            -151.0269425,
            -16.7124037
          ],
          [
            -151.0270565,
            -16.7124184
          ],
          [
            -151.0272023,
            -16.7124176
          ],
          [
            -151.0273802,
            -16.7124101
          ],
          [
            -151.0278785,
            -16.7124856
          ],
          [
            -151.0282076,
            -16.7124983
          ],
          [
            -151.0284942,
            -16.7125057
          ],
          [
            -151.0286616,
            -16.7125374
          ],
          [
            -151.0290960,
            -16.7126638
          ]
        ]
      }
    },
    {
      "type": "Feature",
      "properties": {
        "highway": "unclassified",
        "name": ""
      },
      "geometry": {
        "type": "LineString",
        "coordinates": [
          [
            -151.0335894,
            -16.7144344
          ],
          [
            -151.0332363,
            -16.7142373
          ],
          [
            -151.0327067,
            -16.7139916
          ],
          [
            -151.0322922,
            -16.7137939
          ],
          [
            -151.0318810,
            -16.7136751
          ],
          [
            -151.0314040,
            -16.7136091
          ],
          [
            -151.0309480,
            -16.7135648
          ],
          [
            -151.0307441,
            -16.7135161
          ],
          [
            -151.0305219,
            -16.7134100
          ],
          [
            -151.0303446,
            -16.7133568
          ],
          [
            -151.0301158,
            -16.7132725
          ],
          [
            -151.0297435,
            -16.7130367
          ],
          [
            -151.0294319,
            -16.7128679
          ],
          [
            -151.0290960,
            -16.7126638
          ]
        ]
      }
    },
    {
      "type": "Feature",
      "properties": {
        "highway": "primary",
        "name": ""
      },
      "geometry": {
        "type": "LineString",
        "coordinates": [
          [
            -151.0277521,
            -16.6895697
          ],
          [
            -151.0276072,
            -16.6895416
          ],
          [
            -151.0275147,
            -16.6895520
          ],
          [
            -151.0274275,
            -16.6896068
          ],
          [
            -151.0271613,
            -16.6899506
          ],
          [
            -151.0270940,
            -16.6900422
          ],
          [
            -151.0268624,
            -16.6903962
          ],
          [
            -151.0268034,
            -16.6904817
          ],
          [
            -151.0267315,
            -16.6905860
          ],
          [
            -151.0263026,
            -16.6912075
          ],
          [
            -151.0256125,
            -16.6922077
          ],
          [
            -151.0255288,
            -16.6925037
          ],
          [
            -151.0255258,
            -16.6928945
          ],
          [
            -151.0256241,
            -16.6933730
          ],
          [
            -151.0258088,
            -16.6943794
          ],
          [
            -151.0259493,
            -16.6951445
          ],
          [
            -151.0260338,
            -16.6955949
          ],
          [
            -151.0261681,
            -16.6963495
          ],
          [
            -151.0264243,
            -16.6977565
          ],
          [
            -151.0265145,
            -16.6982518
          ],
          [
            -151.0266441,
            -16.6988669
          ],
          [
            -151.0266975,
            -16.6992607
          ],
          [
            -151.0266378,
            -16.6998871
          ],
          [
            -151.0265655,
            -16.7006462
          ]
        ]
      }
    },
    {
      "type": "Feature",
      "properties": {
        "highway": "service",
        "name": ""
      },
      "geometry": {
        "type": "LineString",
        "coordinates": [
          [
            -150.9870298,
            -16.7125619
          ],
          [
            -150.9872016,
            -16.7125701
          ],
          [
            -150.9874446,
            -16.7126247
          ],
          [
            -150.9876513,
            -16.7126566
          ],
          [
            -150.9879903,
            -16.7127125
          ],
          [
            -150.9882869,
            -16.7128020
          ],
          [
            -150.9886269,
            -16.7128797
          ],
          [
            -150.9888228,
            -16.7129491
          ],
          [
            -150.9890577,
            -16.7129648
          ],
          [
            -150.9893200,
            -16.7130139
          ],
          [
            -150.9895769,
            -16.7131092
          ],
          [
            -150.9897449,
            -16.7131311
          ],
          [
            -150.9898854,
            -16.7130874
          ],
          [
            -150.9901682,
            -16.7128945
          ]
        ]
      }
    },
    {
      "type": "Feature",
      "properties": {
        "highway": "residential",
        "name": ""
      },
      "geometry": {
        "type": "LineString",
        "coordinates": [
          [
            -151.0351076,
            -16.7077180
          ],
          [
            -151.0352260,
            -16.7076099
          ],
          [
            -151.0354610,
            -16.7074291
          ],
          [
            -151.0356460,
            -16.7073688
          ],
          [
            -151.0358199,
            -16.7073547
          ],
          [
            -151.0366859,
            -16.7073795
          ],
          [
            -151.0369616,
            -16.7073883
          ],
          [
            -151.0373094,
            -16.7074025
          ],
          [
            -151.0374815,
            -16.7074220
          ],
          [
            -151.0376351,
            -16.7074555
          ],
          [
            -151.0377498,
            -16.7074805
          ],
          [
            -151.0381513,
            -16.7075425
          ],
          [
            -151.0386491,
            -16.7076099
          ],
          [
            -151.0393118,
            -16.7076864
          ],
          [
            -151.0394651,
            -16.7077038
          ]
        ]
      }
    },
    {
      "type": "Feature",
      "properties": {
        "highway": "service",
        "name": ""
      },
      "geometry": {
        "type": "LineString",
        "coordinates": [
          [
            -150.9916059,
            -16.7155165
          ],
          [
            -150.9916863,
            -16.7155023
          ],
          [
            -150.9918003,
            -16.7153379
          ],
          [
            -150.9918419,
            -16.7152467
          ],
          [
            -150.9918325,
            -16.7151954
          ],
          [
            -150.9917413,
            -16.7150720
          ],
          [
            -150.9916434,
            -16.7149680
          ],
          [
            -150.9915187,
            -16.7148717
          ],
          [
            -150.9913685,
            -16.7148229
          ],
          [
            -150.9912438,
            -16.7148087
          ],
          [
            -150.9911003,
            -16.7148396
          ],
          [
            -150.9909782,
            -16.7148408
          ],
          [
            -150.9908870,
            -16.7148113
          ],
          [
            -150.9907288,
            -16.7146610
          ],
          [
            -150.9905986,
            -16.7145024
          ],
          [
            -150.9904241,
            -16.7143030
          ],
          [
            -150.9901762,
            -16.7141898
          ],
          [
            -150.9896083,
            -16.7140858
          ],
          [
            -150.9893346,
            -16.7139860
          ],
          [
            -150.9891596,
            -16.7139339
          ],
          [
            -150.9887392,
            -16.7138651
          ],
          [
            -150.9883431,
            -16.7138229
          ],
          [
            -150.9881027,
            -16.7138252
          ],
          [
            -150.9878472,
            -16.7138150
          ],
          [
            -150.9876450,
            -16.7137108
          ],
          [
            -150.9874325,
            -16.7135730
          ],
          [
            -150.9869644,
            -16.7134562
          ]
        ]
      }
    },
    {
      "type": "Feature",
      "properties": {
        "highway": "unclassified",
        "name": ""
      },
      "geometry": {
        "type": "LineString",
        "coordinates": [
          [
            -150.9751186,
            -16.8053257
          ],
          [
            -150.9752042,
            -16.8053284
          ],
          [
            -150.9752980,
            -16.8053669
          ],
          [
            -150.9755539,
            -16.8055319
          ],
          [
            -150.9759172,
            -16.8057698
          ],
          [
            -150.9763503,
            -16.8060233
          ],
          [
            -150.9768554,
            -16.8063326
          ],
          [
            -150.9770466,
            -16.8064245
          ],
          [
            -150.9773507,
            -16.8064661
          ],
          [
            -150.9781959,
            -16.8069161
          ],
          [
            -150.9786619,
            -16.8071259
          ],
          [
            -150.9793018,
            -16.8074151
          ],
          [
            -150.9797876,
            -16.8077365
          ],
          [
            -150.9805972,
            -16.8078537
          ],
          [
            -150.9811067,
            -16.8079936
          ],
          [
            -150.9815846,
            -16.8081524
          ],
          [
            -150.9820704,
            -16.8083339
          ],
          [
            -150.9823429,
            -16.8085267
          ],
          [
            -150.9826691,
            -16.8088610
          ],
          [
            -150.9827229,
            -16.8089698
          ]
        ]
      }
    },
    {
      "type": "Feature",
      "properties": {
        "highway": "track",
        "name": ""
      },
      "geometry": {
        "type": "LineString",
        "coordinates": [
          [
            -150.9760156,
            -16.7920424
          ],
          [
            -150.9760044,
            -16.7918385
          ],
          [
            -150.9760541,
            -16.7916439
          ],
          [
            -150.9762490,
            -16.7915209
          ],
          [
            -150.9764564,
            -16.7913938
          ],
          [
            -150.9766264,
            -16.7911318
          ],
          [
            -150.9767799,
            -16.7909492
          ],
          [
            -150.9768296,
            -16.7908181
          ],
          [
            -150.9768752,
            -16.7906157
          ],
          [
            -150.9770370,
            -16.7903655
          ],
          [
            -150.9772195,
            -16.7901630
          ],
          [
            -150.9774475,
            -16.7898097
          ],
          [
            -150.9776188,
            -16.7896245
          ],
          [
            -150.9781069,
            -16.7894466
          ],
          [
            -150.9784338,
            -16.7891570
          ],
          [
            -150.9787456,
            -16.7888012
          ],
          [
            -150.9790690,
            -16.7883208
          ],
          [
            -150.9792183,
            -16.7881342
          ],
          [
            -150.9793967,
            -16.7879992
          ],
          [
            -150.9794091,
            -16.7877174
          ],
          [
            -150.9794837,
            -16.7874871
          ],
          [
            -150.9794713,
            -16.7872727
          ],
          [
            -150.9795294,
            -16.7870623
          ]
        ]
      }
    },
    {
      "type": "Feature",
      "properties": {
        "highway": "unclassified",
        "name": ""
      },
      "geometry": {
        "type": "LineString",
        "coordinates": [
          [
            -151.0350348,
            -16.7083761
          ],
          [
            -151.0352643,
            -16.7083726
          ],
          [
            -151.0361080,
            -16.7084612
          ],
          [
            -151.0364078,
            -16.7085214
          ],
          [
            -151.0371664,
            -16.7088192
          ],
          [
            -151.0374847,
            -16.7089326
          ],
          [
            -151.0377659,
            -16.7090992
          ],
          [
            -151.0382396,
            -16.7093792
          ],
          [
            -151.0384617,
            -16.7094926
          ],
          [
            -151.0385949,
            -16.7095387
          ]
        ]
      }
    },
    {
      "type": "Feature",
      "properties": {
        "highway": "service",
        "name": ""
      },
      "geometry": {
        "type": "LineString",
        "coordinates": [
          [
            -151.0393118,
            -16.7076864
          ],
          [
            -151.0394308,
            -16.7075975
          ],
          [
            -151.0394917,
            -16.7075334
          ]
        ]
      }
    },
    {
      "type": "Feature",
      "properties": {
        "highway": "track",
        "name": ""
      },
      "geometry": {
        "type": "LineString",
        "coordinates": [
          [
            -150.9776085,
            -16.7919745
          ],
          [
            -150.9776798,
            -16.7916678
          ],
          [
            -150.9777834,
            -16.7912152
          ],
          [
            -150.9778650,
            -16.7910106
          ],
          [
            -150.9779900,
            -16.7907945
          ],
          [
            -150.9781037,
            -16.7906460
          ],
          [
            -150.9782392,
            -16.7905587
          ],
          [
            -150.9788968,
            -16.7902334
          ],
          [
            -150.9793772,
            -16.7898863
          ],
          [
            -150.9797856,
            -16.7896243
          ],
          [
            -150.9800129,
            -16.7894956
          ],
          [
            -150.9804370,
            -16.7894265
          ],
          [
            -150.9810204,
            -16.7892943
          ],
          [
            -150.9813678,
            -16.7891782
          ],
          [
            -150.9816712,
            -16.7890049
          ],
          [
            -150.9819738,
            -16.7888655
          ],
          [
            -150.9823543,
            -16.7887181
          ],
          [
            -150.9826148,
            -16.7884002
          ],
          [
            -150.9828055,
            -16.7880588
          ],
          [
            -150.9833115,
            -16.7876459
          ],
          [
            -150.9836681,
            -16.7874474
          ],
          [
            -150.9838257,
            -16.7872925
          ],
          [
            -150.9840953,
            -16.7871694
          ],
          [
            -150.9843897,
            -16.7868876
          ],
          [
            -150.9847837,
            -16.7867486
          ],
          [
            -150.9850491,
            -16.7867248
          ],
          [
            -150.9852896,
            -16.7865858
          ],
          [
            -150.9855716,
            -16.7863238
          ],
          [
            -150.9857541,
            -16.7863357
          ],
          [
            -150.9859863,
            -16.7863516
          ],
          [
            -150.9863720,
            -16.7860379
          ],
          [
            -150.9866001,
            -16.7856687
          ],
          [
            -150.9869567,
            -16.7850374
          ]
        ]
      }
    },
    {
      "type": "Feature",
      "properties": {
        "highway": "track",
        "name": ""
      },
      "geometry": {
        "type": "LineString",
        "coordinates": [
          [
            -150.9848046,
            -16.8082616
          ],
          [
            -150.9856237,
            -16.8077285
          ],
          [
            -150.9858537,
            -16.8074968
          ],
          [
            -150.9861402,
            -16.8070912
          ],
          [
            -150.9864510,
            -16.8069135
          ],
          [
            -150.9868464,
            -16.8067628
          ],
          [
            -150.9873387,
            -16.8063765
          ],
          [
            -150.9878673,
            -16.8058550
          ],
          [
            -150.9879964,
            -16.8055112
          ],
          [
            -150.9881619,
            -16.8048584
          ],
          [
            -150.9882991,
            -16.8044721
          ],
          [
            -150.9883435,
            -16.8041940
          ],
          [
            -150.9884887,
            -16.8039158
          ],
          [
            -150.9886865,
            -16.8034484
          ],
          [
            -150.9889044,
            -16.8032166
          ],
          [
            -150.9892312,
            -16.8030003
          ],
          [
            -150.9894814,
            -16.8025445
          ],
          [
            -150.9895258,
            -16.8022470
          ],
          [
            -150.9894591,
            -16.8020112
          ],
          [
            -150.9893977,
            -16.8018858
          ]
        ]
      }
    },
    {
      "type": "Feature",
      "properties": {
        "highway": "track",
        "name": ""
      },
      "geometry": {
        "type": "LineString",
        "coordinates": [
          [
            -151.0293719,
            -16.6897426
          ],
          [
            -151.0295615,
            -16.6898076
          ],
          [
            -151.0297140,
            -16.6899001
          ],
          [
            -151.0299729,
            -16.6900499
          ]
        ]
      }
    },
    {
      "type": "Feature",
      "properties": {
        "highway": "path",
        "name": ""
      },
      "geometry": {
        "type": "LineString",
        "coordinates": [
          [
            -151.0232761,
            -16.7122593
          ],
          [
            -151.0239988,
            -16.7122831
          ],
          [
            -151.0245201,
            -16.7123016
          ],
          [
            -151.0250556,
            -16.7122310
          ],
          [
            -151.0252294,
            -16.7121849
          ]
        ]
      }
    },
    {
      "type": "Feature",
      "properties": {
        "highway": "residential",
        "name": ""
      },
      "geometry": {
        "type": "LineString",
        "coordinates": [
          [
            -151.0353038,
            -16.7103726
          ],
          [
            -151.0347573,
            -16.7103999
          ],
          [
            -151.0341911,
            -16.7104141
          ],
          [
            -151.0338432,
            -16.7103929
          ],
          [
            -151.0336498,
            -16.7103816
          ]
        ]
      }
    },
    {
      "type": "Feature",
      "properties": {
        "highway": "service",
        "name": ""
      },
      "geometry": {
        "type": "LineString",
        "coordinates": [
          [
            -151.0073748,
            -16.7502495
          ],
          [
            -151.0081611,
            -16.7503029
          ],
          [
            -151.0082985,
            -16.7503275
          ],
          [
            -151.0085557,
            -16.7504869
          ],
          [
            -151.0088389,
            -16.7507047
          ]
        ]
      }
    },
    {
      "type": "Feature",
      "properties": {
        "highway": "track",
        "name": ""
      },
      "geometry": {
        "type": "LineString",
        "coordinates": [
          [
            -151.0233701,
            -16.7129059
          ],
          [
            -151.0241783,
            -16.7126364
          ],
          [
            -151.0246168,
            -16.7124964
          ],
          [
            -151.0249147,
            -16.7123458
          ],
          [
            -151.0252294,
            -16.7121849
          ]
        ]
      }
    },
    {
      "type": "Feature",
      "properties": {
        "highway": "track",
        "name": ""
      },
      "geometry": {
        "type": "LineString",
        "coordinates": [
          [
            -150.9827102,
            -16.7954824
          ],
          [
            -150.9826510,
            -16.7957395
          ],
          [
            -150.9826470,
            -16.7959740
          ],
          [
            -150.9828169,
            -16.7959778
          ],
          [
            -150.9829670,
            -16.7957698
          ],
          [
            -150.9830815,
            -16.7955996
          ],
          [
            -150.9831368,
            -16.7954484
          ],
          [
            -150.9832395,
            -16.7954446
          ],
          [
            -150.9832632,
            -16.7955505
          ],
          [
            -150.9832000,
            -16.7957244
          ],
          [
            -150.9832592,
            -16.7958265
          ],
          [
            -150.9834093,
            -16.7958000
          ],
          [
            -150.9834962,
            -16.7956980
          ],
          [
            -150.9834883,
            -16.7955770
          ],
          [
            -150.9834765,
            -16.7954824
          ],
          [
            -150.9835317,
            -16.7954182
          ],
          [
            -150.9836028,
            -16.7954560
          ],
          [
            -150.9836344,
            -16.7955807
          ],
          [
            -150.9838754,
            -16.7958227
          ],
          [
            -150.9839701,
            -16.7959967
          ],
          [
            -150.9838438,
            -16.7962878
          ],
          [
            -150.9838122,
            -16.7965827
          ],
          [
            -150.9838280,
            -16.7967756
          ],
          [
            -150.9839701,
            -16.7974032
          ],
          [
            -150.9839780,
            -16.7977473
          ],
          [
            -150.9841005,
            -16.7981292
          ],
          [
            -150.9842308,
            -16.7984354
          ],
          [
            -150.9842822,
            -16.7988287
          ],
          [
            -150.9844243,
            -16.7989988
          ],
          [
            -150.9845665,
            -16.7991084
          ],
          [
            -150.9845981,
            -16.7993126
          ],
          [
            -150.9845705,
            -16.7996907
          ],
          [
            -150.9845255,
            -16.7999762
          ],
          [
            -150.9845073,
            -16.8000915
          ],
          [
            -150.9845389,
            -16.8004734
          ],
          [
            -150.9847166,
            -16.8010972
          ],
          [
            -150.9848509,
            -16.8016228
          ],
          [
            -150.9848588,
            -16.8020009
          ],
          [
            -150.9848390,
            -16.8022996
          ],
          [
            -150.9849220,
            -16.8028970
          ],
          [
            -150.9849733,
            -16.8034452
          ],
          [
            -150.9850365,
            -16.8038309
          ],
          [
            -150.9849654,
            -16.8042846
          ],
          [
            -150.9847996,
            -16.8048517
          ],
          [
            -150.9847956,
            -16.8054907
          ],
          [
            -150.9847482,
            -16.8057553
          ],
          [
            -150.9846060,
            -16.8060729
          ],
          [
            -150.9843927,
            -16.8065796
          ],
          [
            -150.9841479,
            -16.8068178
          ],
          [
            -150.9837371,
            -16.8071353
          ],
          [
            -150.9835515,
            -16.8075361
          ],
          [
            -150.9832977,
            -16.8080425
          ],
          [
            -150.9832402,
            -16.8083126
          ],
          [
            -150.9832405,
            -16.8085810
          ],
          [
            -150.9831635,
            -16.8087808
          ],
          [
            -150.9829693,
            -16.8089524
          ],
          [
            -150.9828430,
            -16.8090498
          ]
        ]
      }
    },
    {
      "type": "Feature",
      "properties": {
        "highway": "unclassified",
        "name": ""
      },
      "geometry": {
        "type": "LineString",
        "coordinates": [
          [
            -151.0347991,
            -16.7077254
          ],
          [
            -151.0351076,
            -16.7077180
          ],
          [
            -151.0358702,
            -16.7077419
          ],
          [
            -151.0365395,
            -16.7077697
          ],
          [
            -151.0366007,
            -16.7077740
          ],
          [
            -151.0367005,
            -16.7077804
          ],
          [
            -151.0368138,
            -16.7077901
          ],
          [
            -151.0369407,
            -16.7077921
          ],
          [
            -151.0370798,
            -16.7078031
          ],
          [
            -151.0372310,
            -16.7078179
          ],
          [
            -151.0373353,
            -16.7078227
          ],
          [
            -151.0374279,
            -16.7078267
          ]
        ]
      }
    },
    {
      "type": "Feature",
      "properties": {
        "highway": "track",
        "name": ""
      },
      "geometry": {
        "type": "LineString",
        "coordinates": [
          [
            -150.9894591,
            -16.8020112
          ],
          [
            -150.9898647,
            -16.8018253
          ],
          [
            -150.9903013,
            -16.8015713
          ],
          [
            -150.9907036,
            -16.8012872
          ],
          [
            -150.9913057,
            -16.8008228
          ],
          [
            -150.9919620,
            -16.8004322
          ],
          [
            -150.9922987,
            -16.8002137
          ]
        ]
      }
    },
    {
      "type": "Feature",
      "properties": {
        "highway": "service",
        "name": ""
      },
      "geometry": {
        "type": "LineString",
        "coordinates": [
          [
            -151.0396230,
            -16.7065818
          ],
          [
            -151.0392623,
            -16.7065170
          ],
          [
            -151.0387887,
            -16.7064769
          ],
          [
            -151.0380429,
            -16.7064418
          ],
          [
            -151.0376844,
            -16.7064518
          ],
          [
            -151.0374358,
            -16.7064794
          ],
          [
            -151.0373128,
            -16.7065044
          ],
          [
            -151.0370786,
            -16.7065035
          ]
        ]
      }
    },
    {
      "type": "Feature",
      "properties": {
        "highway": "track",
        "name": ""
      },
      "geometry": {
        "type": "LineString",
        "coordinates": [
          [
            -151.0287162,
            -16.6900594
          ],
          [
            -151.0288457,
            -16.6901027
          ],
          [
            -151.0289118,
            -16.6901029
          ],
          [
            -151.0289571,
            -16.6900606
          ],
          [
            -151.0290125,
            -16.6899406
          ],
          [
            -151.0290614,
            -16.6897389
          ],
          [
            -151.0290965,
            -16.6895940
          ]
        ]
      }
    },
    {
      "type": "Feature",
      "properties": {
        "highway": "residential",
        "name": ""
      },
      "geometry": {
        "type": "LineString",
        "coordinates": [
          [
            -151.0379695,
            -16.7109032
          ],
          [
            -151.0377770,
            -16.7108714
          ],
          [
            -151.0372478,
            -16.7104708
          ],
          [
            -151.0368926,
            -16.7101979
          ],
          [
            -151.0367482,
            -16.7100845
          ],
          [
            -151.0362376,
            -16.7099746
          ],
          [
            -151.0355899,
            -16.7098612
          ],
          [
            -151.0353934,
            -16.7098175
          ],
          [
            -151.0352282,
            -16.7097894
          ]
        ]
      }
    },
    {
      "type": "Feature",
      "properties": {
        "highway": "unclassified",
        "name": ""
      },
      "geometry": {
        "type": "LineString",
        "coordinates": [
          [
            -151.0343123,
            -16.7136812
          ],
          [
            -151.0340426,
            -16.7135107
          ],
          [
            -151.0337260,
            -16.7132476
          ],
          [
            -151.0333178,
            -16.7129794
          ],
          [
            -151.0328049,
            -16.7126235
          ],
          [
            -151.0322999,
            -16.7122325
          ],
          [
            -151.0318342,
            -16.7118546
          ],
          [
            -151.0315750,
            -16.7116829
          ],
          [
            -151.0311608,
            -16.7114407
          ]
        ]
      }
    },
    {
      "type": "Feature",
      "properties": {
        "highway": "unclassified",
        "name": ""
      },
      "geometry": {
        "type": "LineString",
        "coordinates": [
          [
            -151.0100199,
            -16.7673079
          ],
          [
            -151.0101034,
            -16.7672987
          ],
          [
            -151.0101699,
            -16.7672796
          ],
          [
            -151.0113950,
            -16.7665944
          ],
          [
            -151.0121010,
            -16.7664855
          ],
          [
            -151.0122112,
            -16.7664593
          ],
          [
            -151.0125136,
            -16.7663558
          ],
          [
            -151.0127493,
            -16.7663644
          ],
          [
            -151.0137589,
            -16.7666118
          ],
          [
            -151.0143323,
            -16.7668033
          ],
          [
            -151.0145869,
            -16.7668929
          ],
          [
            -151.0147576,
            -16.7669350
          ],
          [
            -151.0149451,
            -16.7669301
          ],
          [
            -151.0152380,
            -16.7669028
          ],
          [
            -151.0156565,
            -16.7670110
          ],
          [
            -151.0161161,
            -16.7672068
          ],
          [
            -151.0163671,
            -16.7674254
          ],
          [
            -151.0167784,
            -16.7678895
          ],
          [
            -151.0171799,
            -16.7681447
          ],
          [
            -151.0173122,
            -16.7682730
          ],
          [
            -151.0174683,
            -16.7685179
          ],
          [
            -151.0176301,
            -16.7689944
          ],
          [
            -151.0176951,
            -16.7690446
          ],
          [
            -151.0177833,
            -16.7690813
          ],
          [
            -151.0185116,
            -16.7692153
          ],
          [
            -151.0186097,
            -16.7692003
          ],
          [
            -151.0191070,
            -16.7689090
          ],
          [
            -151.0192253,
            -16.7688944
          ],
          [
            -151.0200816,
            -16.7691975
          ],
          [
            -151.0201666,
            -16.7692601
          ],
          [
            -151.0204418,
            -16.7695074
          ],
          [
            -151.0205683,
            -16.7695998
          ],
          [
            -151.0207216,
            -16.7696686
          ],
          [
            -151.0208316,
            -16.7696850
          ],
          [
            -151.0209637,
            -16.7696818
          ],
          [
            -151.0211964,
            -16.7696414
          ],
          [
            -151.0212766,
            -16.7695927
          ],
          [
            -151.0213253,
            -16.7695477
          ],
          [
            -151.0214039,
            -16.7694248
          ],
          [
            -151.0214956,
            -16.7691667
          ],
          [
            -151.0215271,
            -16.7688794
          ],
          [
            -151.0215427,
            -16.7687511
          ],
          [
            -151.0216419,
            -16.7685857
          ],
          [
            -151.0218403,
            -16.7684051
          ],
          [
            -151.0222960,
            -16.7678699
          ],
          [
            -151.0224202,
            -16.7676050
          ],
          [
            -151.0224840,
            -16.7673699
          ],
          [
            -151.0225216,
            -16.7668659
          ],
          [
            -151.0225792,
            -16.7666911
          ],
          [
            -151.0226753,
            -16.7665117
          ],
          [
            -151.0233300,
            -16.7655777
          ],
          [
            -151.0234010,
            -16.7653660
          ],
          [
            -151.0234445,
            -16.7650463
          ],
          [
            -151.0234960,
            -16.7648929
          ],
          [
            -151.0237763,
            -16.7642080
          ],
          [
            -151.0238243,
            -16.7639478
          ],
          [
            -151.0238176,
            -16.7635231
          ],
          [
            -151.0238726,
            -16.7633142
          ],
          [
            -151.0240249,
            -16.7631889
          ],
          [
            -151.0245616,
            -16.7630782
          ],
          [
            -151.0249406,
            -16.7628968
          ],
          [
            -151.0251811,
            -16.7626502
          ],
          [
            -151.0256615,
            -16.7618861
          ],
          [
            -151.0261607,
            -16.7612262
          ],
          [
            -151.0262243,
            -16.7610693
          ],
          [
            -151.0262620,
            -16.7608772
          ],
          [
            -151.0263228,
            -16.7603507
          ],
          [
            -151.0264143,
            -16.7600657
          ],
          [
            -151.0264487,
            -16.7598959
          ],
          [
            -151.0263678,
            -16.7593570
          ],
          [
            -151.0260424,
            -16.7584165
          ],
          [
            -151.0259222,
            -16.7582247
          ],
          [
            -151.0256158,
            -16.7577545
          ],
          [
            -151.0254897,
            -16.7574993
          ],
          [
            -151.0252756,
            -16.7570412
          ],
          [
            -151.0250009,
            -16.7567234
          ],
          [
            -151.0247934,
            -16.7564818
          ],
          [
            -151.0240803,
            -16.7560947
          ],
          [
            -151.0239673,
            -16.7560149
          ],
          [
            -151.0239296,
            -16.7559324
          ],
          [
            -151.0238913,
            -16.7555601
          ],
          [
            -151.0238598,
            -16.7553200
          ],
          [
            -151.0238066,
            -16.7552221
          ],
          [
            -151.0237053,
            -16.7550660
          ],
          [
            -151.0233611,
            -16.7548206
          ],
          [
            -151.0229891,
            -16.7546329
          ],
          [
            -151.0223353,
            -16.7544661
          ],
          [
            -151.0221528,
            -16.7543943
          ],
          [
            -151.0220602,
            -16.7542928
          ],
          [
            -151.0220172,
            -16.7541639
          ],
          [
            -151.0218163,
            -16.7536576
          ],
          [
            -151.0214845,
            -16.7532088
          ],
          [
            -151.0209791,
            -16.7522578
          ]
        ]
      }
    },
    {
      "type": "Feature",
      "properties": {
        "highway": "track",
        "name": ""
      },
      "geometry": {
        "type": "LineString",
        "coordinates": [
          [
            -150.9927728,
            -16.6866112
          ],
          [
            -150.9927786,
            -16.6868006
          ],
          [
            -150.9929331,
            -16.6870004
          ],
          [
            -150.9929447,
            -16.6871336
          ],
          [
            -150.9928057,
            -16.6873630
          ],
          [
            -150.9928057,
            -16.6875518
          ],
          [
            -150.9930452,
            -16.6879403
          ],
          [
            -150.9931765,
            -16.6881993
          ],
          [
            -150.9932692,
            -16.6882548
          ],
          [
            -150.9933967,
            -16.6882067
          ],
          [
            -150.9935396,
            -16.6881771
          ],
          [
            -150.9936787,
            -16.6882659
          ],
          [
            -150.9945054,
            -16.6890356
          ],
          [
            -150.9950269,
            -16.6895426
          ],
          [
            -150.9954789,
            -16.6900384
          ],
          [
            -150.9960506,
            -16.6905934
          ],
          [
            -150.9963481,
            -16.6908710
          ],
          [
            -150.9971212,
            -16.6916279
          ],
          [
            -150.9979783,
            -16.6923548
          ]
        ]
      }
    },
    {
      "type": "Feature",
      "properties": {
        "highway": "footway",
        "name": ""
      },
      "geometry": {
        "type": "LineString",
        "coordinates": [
          [
            -150.9963224,
            -16.6991097
          ],
          [
            -150.9964411,
            -16.6992065
          ],
          [
            -150.9967344,
            -16.6992320
          ],
          [
            -150.9972083,
            -16.6993443
          ],
          [
            -150.9974844,
            -16.6994959
          ],
          [
            -150.9976757,
            -16.6996596
          ],
          [
            -150.9976553,
            -16.6997378
          ],
          [
            -150.9975660,
            -16.6997426
          ],
          [
            -150.9973492,
            -16.6995960
          ],
          [
            -150.9971120,
            -16.6995423
          ],
          [
            -150.9969487,
            -16.6995594
          ],
          [
            -150.9967880,
            -16.6996498
          ],
          [
            -150.9966222,
            -16.6996889
          ],
          [
            -150.9964768,
            -16.6997018
          ],
          [
            -150.9964200,
            -16.6997509
          ],
          [
            -150.9964562,
            -16.6998069
          ],
          [
            -150.9967013,
            -16.6998483
          ],
          [
            -150.9969307,
            -16.6998875
          ],
          [
            -150.9970660,
            -16.6999552
          ],
          [
            -150.9971324,
            -16.7001336
          ],
          [
            -150.9972140,
            -16.7002557
          ],
          [
            -150.9973441,
            -16.7003266
          ],
          [
            -150.9973772,
            -16.7003999
          ],
          [
            -150.9973160,
            -16.7004585
          ],
          [
            -150.9971359,
            -16.7004078
          ],
          [
            -150.9969640,
            -16.7002850
          ],
          [
            -150.9967920,
            -16.7002610
          ],
          [
            -150.9964926,
            -16.7002570
          ],
          [
            -150.9963721,
            -16.7002337
          ],
          [
            -150.9962917,
            -16.7002671
          ],
          [
            -150.9963024,
            -16.7003030
          ],
          [
            -150.9963265,
            -16.7003339
          ],
          [
            -150.9964392,
            -16.7003801
          ],
          [
            -150.9965948,
            -16.7004598
          ],
          [
            -150.9967772,
            -16.7006524
          ],
          [
            -150.9969059,
            -16.7009273
          ],
          [
            -150.9969703,
            -16.7011585
          ],
          [
            -150.9969703,
            -16.7013692
          ],
          [
            -150.9969434,
            -16.7016646
          ],
          [
            -150.9969139,
            -16.7017725
          ],
          [
            -150.9968630,
            -16.7017803
          ],
          [
            -150.9968388,
            -16.7017623
          ],
          [
            -150.9967691,
            -16.7015799
          ],
          [
            -150.9966940,
            -16.7014925
          ],
          [
            -150.9966001,
            -16.7014334
          ],
          [
            -150.9962407,
            -16.7012125
          ],
          [
            -150.9959591,
            -16.7009993
          ],
          [
            -150.9955458,
            -16.7006782
          ]
        ]
      }
    },
    {
      "type": "Feature",
      "properties": {
        "highway": "path",
        "name": ""
      },
      "geometry": {
        "type": "LineString",
        "coordinates": [
          [
            -151.0384374,
            -16.7109264
          ],
          [
            -151.0380941,
            -16.7106903
          ],
          [
            -151.0380129,
            -16.7106250
          ]
        ]
      }
    },
    {
      "type": "Feature",
      "properties": {
        "highway": "track",
        "name": ""
      },
      "geometry": {
        "type": "LineString",
        "coordinates": [
          [
            -151.0385949,
            -16.7095387
          ],
          [
            -151.0386430,
            -16.7096096
          ],
          [
            -151.0389696,
            -16.7097238
          ],
          [
            -151.0391608,
            -16.7098010
          ]
        ]
      }
    },
    {
      "type": "Feature",
      "properties": {
        "highway": "track",
        "name": ""
      },
      "geometry": {
        "type": "LineString",
        "coordinates": [
          [
            -151.0385949,
            -16.7095387
          ],
          [
            -151.0387001,
            -16.7095340
          ],
          [
            -151.0388521,
            -16.7096178
          ],
          [
            -151.0390180,
            -16.7096642
          ],
          [
            -151.0392553,
            -16.7097436
          ],
          [
            -151.0393728,
            -16.7097944
          ]
        ]
      }
    },
    {
      "type": "Feature",
      "properties": {
        "highway": "unclassified",
        "name": ""
      },
      "geometry": {
        "type": "LineString",
        "coordinates": [
          [
            -151.0380129,
            -16.7106250
          ],
          [
            -151.0377452,
            -16.7104294
          ],
          [
            -151.0376445,
            -16.7103578
          ],
          [
            -151.0372885,
            -16.7100845
          ],
          [
            -151.0366227,
            -16.7096199
          ],
          [
            -151.0363745,
            -16.7095564
          ],
          [
            -151.0361117,
            -16.7095564
          ],
          [
            -151.0358157,
            -16.7095741
          ],
          [
            -151.0354752,
            -16.7095458
          ],
          [
            -151.0351912,
            -16.7095133
          ]
        ]
      }
    },
    {
      "type": "Feature",
      "properties": {
        "highway": "residential",
        "name": ""
      },
      "geometry": {
        "type": "LineString",
        "coordinates": [
          [
            -150.9834681,
            -16.8202494
          ],
          [
            -150.9834417,
            -16.8201950
          ],
          [
            -150.9833722,
            -16.8200859
          ],
          [
            -150.9833350,
            -16.8199586
          ],
          [
            -150.9833074,
            -16.8197286
          ],
          [
            -150.9835352,
            -16.8190850
          ],
          [
            -150.9835564,
            -16.8190222
          ],
          [
            -150.9835436,
            -16.8189315
          ],
          [
            -150.9834853,
            -16.8187708
          ],
          [
            -150.9834877,
            -16.8187503
          ],
          [
            -150.9834936,
            -16.8187328
          ],
          [
            -150.9835482,
            -16.8186742
          ]
        ]
      }
    },
    {
      "type": "Feature",
      "properties": {
        "highway": "residential",
        "name": ""
      },
      "geometry": {
        "type": "LineString",
        "coordinates": [
          [
            -151.0111514,
            -16.7920451
          ],
          [
            -151.0110265,
            -16.7925492
          ],
          [
            -151.0110188,
            -16.7926395
          ],
          [
            -151.0107006,
            -16.7924106
          ],
          [
            -151.0106541,
            -16.7923154
          ],
          [
            -151.0105915,
            -16.7920683
          ],
          [
            -151.0103781,
            -16.7909614
          ],
          [
            -151.0103297,
            -16.7906576
          ],
          [
            -151.0103024,
            -16.7903552
          ],
          [
            -151.0101437,
            -16.7895402
          ]
        ]
      }
    },
    {
      "type": "Feature",
      "properties": {
        "highway": "primary",
        "name": ""
      },
      "geometry": {
        "type": "LineString",
        "coordinates": [
          [
            -150.9609858,
            -16.7705284
          ],
          [
            -150.9612806,
            -16.7700471
          ],
          [
            -150.9615565,
            -16.7694322
          ],
          [
            -150.9621726,
            -16.7680588
          ],
          [
            -150.9632937,
            -16.7656682
          ],
          [
            -150.9643124,
            -16.7639821
          ],
          [
            -150.9652916,
            -16.7622982
          ],
          [
            -150.9662114,
            -16.7614312
          ],
          [
            -150.9669161,
            -16.7610814
          ],
          [
            -150.9674466,
            -16.7608608
          ]
        ]
      }
    },
    {
      "type": "Feature",
      "properties": {
        "highway": "residential",
        "name": ""
      },
      "geometry": {
        "type": "LineString",
        "coordinates": [
          [
            -151.0110188,
            -16.7926395
          ],
          [
            -151.0116457,
            -16.7930799
          ],
          [
            -151.0117914,
            -16.7931698
          ],
          [
            -151.0119968,
            -16.7932404
          ],
          [
            -151.0124172,
            -16.7932499
          ],
          [
            -151.0130759,
            -16.7932464
          ],
          [
            -151.0137165,
            -16.7933155
          ],
          [
            -151.0141937,
            -16.7934340
          ],
          [
            -151.0147255,
            -16.7936539
          ],
          [
            -151.0152356,
            -16.7939622
          ],
          [
            -151.0153807,
            -16.7939926
          ],
          [
            -151.0155621,
            -16.7939556
          ]
        ]
      }
    },
    {
      "type": "Feature",
      "properties": {
        "highway": "track",
        "name": ""
      },
      "geometry": {
        "type": "LineString",
        "coordinates": [
          [
            -151.0034457,
            -16.7917255
          ],
          [
            -151.0032584,
            -16.7918053
          ],
          [
            -151.0031461,
            -16.7918823
          ],
          [
            -151.0030679,
            -16.7919626
          ],
          [
            -151.0029738,
            -16.7920831
          ],
          [
            -151.0028956,
            -16.7921276
          ],
          [
            -151.0027731,
            -16.7921330
          ],
          [
            -151.0025589,
            -16.7921200
          ],
          [
            -151.0024523,
            -16.7921482
          ],
          [
            -151.0023276,
            -16.7922177
          ],
          [
            -151.0022879,
            -16.7921851
          ],
          [
            -151.0022777,
            -16.7921341
          ],
          [
            -151.0022664,
            -16.7919735
          ],
          [
            -151.0022154,
            -16.7919246
          ],
          [
            -151.0021609,
            -16.7919312
          ],
          [
            -151.0020963,
            -16.7919800
          ],
          [
            -151.0019660,
            -16.7920375
          ]
        ]
      }
    },
    {
      "type": "Feature",
      "properties": {
        "highway": "primary",
        "name": ""
      },
      "geometry": {
        "type": "LineString",
        "coordinates": [
          [
            -150.9593387,
            -16.7727352
          ],
          [
            -150.9609858,
            -16.7705284
          ]
        ]
      }
    },
    {
      "type": "Feature",
      "properties": {
        "highway": "tertiary",
        "name": ""
      },
      "geometry": {
        "type": "LineString",
        "coordinates": [
          [
            -151.0118553,
            -16.7857014
          ],
          [
            -151.0118277,
            -16.7852769
          ]
        ]
      }
    },
    {
      "type": "Feature",
      "properties": {
        "highway": "track",
        "name": ""
      },
      "geometry": {
        "type": "LineString",
        "coordinates": [
          [
            -150.9615565,
            -16.7694322
          ],
          [
            -150.9622494,
            -16.7698027
          ],
          [
            -150.9623713,
            -16.7701205
          ],
          [
            -150.9638030,
            -16.7705657
          ],
          [
            -150.9640531,
            -16.7706547
          ],
          [
            -150.9641333,
            -16.7707714
          ],
          [
            -150.9642102,
            -16.7707975
          ],
          [
            -150.9642439,
            -16.7707560
          ],
          [
            -150.9642391,
            -16.7707038
          ],
          [
            -150.9642872,
            -16.7706793
          ],
          [
            -150.9643289,
            -16.7706793
          ],
          [
            -150.9646640,
            -16.7708312
          ],
          [
            -150.9650728,
            -16.7708926
          ],
          [
            -150.9652687,
            -16.7710803
          ],
          [
            -150.9659177,
            -16.7713010
          ],
          [
            -150.9663298,
            -16.7713869
          ],
          [
            -150.9666889,
            -16.7714330
          ],
          [
            -150.9673062,
            -16.7717201
          ],
          [
            -150.9676814,
            -16.7718198
          ],
          [
            -150.9681142,
            -16.7720271
          ],
          [
            -150.9683964,
            -16.7721299
          ],
          [
            -150.9687636,
            -16.7723372
          ],
          [
            -150.9689848,
            -16.7724124
          ],
          [
            -150.9691949,
            -16.7724538
          ]
        ]
      }
    },
    {
      "type": "Feature",
      "properties": {
        "highway": "primary",
        "name": ""
      },
      "geometry": {
        "type": "LineString",
        "coordinates": [
          [
            -150.9674466,
            -16.7608608
          ],
          [
            -150.9677439,
            -16.7607354
          ],
          [
            -150.9684142,
            -16.7603815
          ]
        ]
      }
    },
    {
      "type": "Feature",
      "properties": {
        "highway": "residential",
        "name": ""
      },
      "geometry": {
        "type": "LineString",
        "coordinates": [
          [
            -150.9797876,
            -16.8077365
          ],
          [
            -150.9797504,
            -16.8078789
          ],
          [
            -150.9796755,
            -16.8080038
          ],
          [
            -150.9795622,
            -16.8081459
          ],
          [
            -150.9792425,
            -16.8084511
          ]
        ]
      }
    },
    {
      "type": "Feature",
      "properties": {
        "highway": "primary",
        "name": ""
      },
      "geometry": {
        "type": "LineString",
        "coordinates": [
          [
            -150.9721799,
            -16.7584640
          ],
          [
            -150.9726818,
            -16.7585006
          ],
          [
            -150.9731988,
            -16.7583868
          ],
          [
            -150.9738768,
            -16.7580492
          ],
          [
            -150.9745189,
            -16.7575681
          ],
          [
            -150.9749521,
            -16.7571807
          ],
          [
            -150.9751054,
            -16.7568634
          ]
        ]
      }
    },
    {
      "type": "Feature",
      "properties": {
        "highway": "primary",
        "name": ""
      },
      "geometry": {
        "type": "LineString",
        "coordinates": [
          [
            -150.9751054,
            -16.7568634
          ],
          [
            -150.9751515,
            -16.7564802
          ],
          [
            -150.9751879,
            -16.7559730
          ],
          [
            -150.9751717,
            -16.7555607
          ],
          [
            -150.9750854,
            -16.7551199
          ],
          [
            -150.9749168,
            -16.7543717
          ],
          [
            -150.9749055,
            -16.7541095
          ],
          [
            -150.9749552,
            -16.7540130
          ],
          [
            -150.9750845,
            -16.7538748
          ],
          [
            -150.9754005,
            -16.7537162
          ],
          [
            -150.9758184,
            -16.7535430
          ],
          [
            -150.9762490,
            -16.7532990
          ],
          [
            -150.9770620,
            -16.7526968
          ],
          [
            -150.9773599,
            -16.7524829
          ],
          [
            -150.9780957,
            -16.7522772
          ],
          [
            -150.9785117,
            -16.7522241
          ],
          [
            -150.9788468,
            -16.7522689
          ],
          [
            -150.9791802,
            -16.7524087
          ],
          [
            -150.9794724,
            -16.7526488
          ],
          [
            -150.9798666,
            -16.7529935
          ],
          [
            -150.9801495,
            -16.7533834
          ],
          [
            -150.9804614,
            -16.7540408
          ],
          [
            -150.9811487,
            -16.7546593
          ],
          [
            -150.9814421,
            -16.7548561
          ],
          [
            -150.9820942,
            -16.7552868
          ],
          [
            -150.9826241,
            -16.7557669
          ],
          [
            -150.9829332,
            -16.7560510
          ],
          [
            -150.9831531,
            -16.7563528
          ],
          [
            -150.9835363,
            -16.7571453
          ],
          [
            -150.9837948,
            -16.7574905
          ],
          [
            -150.9844092,
            -16.7579694
          ],
          [
            -150.9850554,
            -16.7583850
          ],
          [
            -150.9857250,
            -16.7585812
          ],
          [
            -150.9864802,
            -16.7587755
          ],
          [
            -150.9870488,
            -16.7588632
          ],
          [
            -150.9872273,
            -16.7589750
          ],
          [
            -150.9873668,
            -16.7591807
          ],
          [
            -150.9875781,
            -16.7596145
          ],
          [
            -150.9880291,
            -16.7604252
          ],
          [
            -150.9885996,
            -16.7612033
          ],
          [
            -150.9891090,
            -16.7617361
          ],
          [
            -150.9896552,
            -16.7622253
          ],
          [
            -150.9903177,
            -16.7627024
          ],
          [
            -150.9908817,
            -16.7630604
          ],
          [
            -150.9916335,
            -16.7637408
          ],
          [
            -150.9919866,
            -16.7639541
          ],
          [
            -150.9928959,
            -16.7643915
          ],
          [
            -150.9931950,
            -16.7644365
          ],
          [
            -150.9934472,
            -16.7644156
          ]
        ]
      }
    },
    {
      "type": "Feature",
      "properties": {
        "highway": "primary",
        "name": ""
      },
      "geometry": {
        "type": "LineString",
        "coordinates": [
          [
            -150.9693236,
            -16.7597278
          ],
          [
            -150.9695427,
            -16.7593423
          ],
          [
            -150.9699937,
            -16.7581786
          ],
          [
            -150.9701823,
            -16.7578102
          ],
          [
            -150.9704691,
            -16.7576665
          ],
          [
            -150.9708014,
            -16.7576394
          ],
          [
            -150.9713722,
            -16.7578394
          ],
          [
            -150.9718707,
            -16.7582577
          ],
          [
            -150.9721799,
            -16.7584640
          ]
        ]
      }
    },
    {
      "type": "Feature",
      "properties": {
        "highway": "track",
        "name": ""
      },
      "geometry": {
        "type": "LineString",
        "coordinates": [
          [
            -150.9754005,
            -16.7537162
          ],
          [
            -150.9751817,
            -16.7535342
          ],
          [
            -150.9745500,
            -16.7532732
          ],
          [
            -150.9739937,
            -16.7530183
          ],
          [
            -150.9737997,
            -16.7529554
          ],
          [
            -150.9736298,
            -16.7529492
          ],
          [
            -150.9734710,
            -16.7530260
          ],
          [
            -150.9733508,
            -16.7531580
          ],
          [
            -150.9732802,
            -16.7533116
          ]
        ]
      }
    },
    {
      "type": "Feature",
      "properties": {
        "highway": "track",
        "name": ""
      },
      "geometry": {
        "type": "LineString",
        "coordinates": [
          [
            -150.9852427,
            -16.6971957
          ],
          [
            -150.9817416,
            -16.6956897
          ]
        ]
      }
    },
    {
      "type": "Feature",
      "properties": {
        "highway": "residential",
        "name": "Marae Manunu"
      },
      "geometry": {
        "type": "LineString",
        "coordinates": [
          [
            -150.9817022,
            -16.7012599
          ],
          [
            -150.9818421,
            -16.7014190
          ]
        ]
      }
    },
    {
      "type": "Feature",
      "properties": {
        "highway": "primary",
        "name": ""
      },
      "geometry": {
        "type": "LineString",
        "coordinates": [
          [
            -151.0329823,
            -16.7043388
          ],
          [
            -151.0325307,
            -16.7039548
          ],
          [
            -151.0321116,
            -16.7037270
          ],
          [
            -151.0317456,
            -16.7035474
          ],
          [
            -151.0312952,
            -16.7033494
          ],
          [
            -151.0300644,
            -16.7029740
          ],
          [
            -151.0292032,
            -16.7025712
          ],
          [
            -151.0284257,
            -16.7022430
          ],
          [
            -151.0283256,
            -16.7021872
          ],
          [
            -151.0279986,
            -16.7019997
          ],
          [
            -151.0278846,
            -16.7019401
          ],
          [
            -151.0278028,
            -16.7019016
          ],
          [
            -151.0276647,
            -16.7018605
          ],
          [
            -151.0275534,
            -16.7018348
          ],
          [
            -151.0269077,
            -16.7016619
          ],
          [
            -151.0268860,
            -16.7016544
          ]
        ]
      }
    },
    {
      "type": "Feature",
      "properties": {
        "highway": "primary",
        "name": ""
      },
      "geometry": {
        "type": "LineString",
        "coordinates": [
          [
            -150.9999067,
            -16.6982346
          ],
          [
            -150.9993020,
            -16.6982732
          ],
          [
            -150.9990647,
            -16.6982961
          ],
          [
            -150.9987697,
            -16.6983176
          ],
          [
            -150.9980912,
            -16.6984160
          ],
          [
            -150.9976320,
            -16.6986647
          ],
          [
            -150.9968838,
            -16.6990806
          ],
          [
            -150.9963224,
            -16.6991097
          ],
          [
            -150.9958406,
            -16.6990967
          ],
          [
            -150.9954951,
            -16.6990750
          ],
          [
            -150.9952338,
            -16.6991067
          ],
          [
            -150.9948896,
            -16.6991748
          ],
          [
            -150.9947119,
            -16.6991572
          ],
          [
            -150.9945569,
            -16.6991063
          ],
          [
            -150.9936861,
            -16.6986422
          ],
          [
            -150.9933527,
            -16.6984523
          ],
          [
            -150.9931943,
            -16.6983709
          ]
        ]
      }
    },
    {
      "type": "Feature",
      "properties": {
        "highway": "footway",
        "name": "Marae Tefano ??"
      },
      "geometry": {
        "type": "LineString",
        "coordinates": [
          [
            -150.9911430,
            -16.7019051
          ],
          [
            -150.9910875,
            -16.7019796
          ],
          [
            -150.9910605,
            -16.7020722
          ],
          [
            -150.9910837,
            -16.7021998
          ],
          [
            -150.9912054,
            -16.7023460
          ],
          [
            -150.9912556,
            -16.7024459
          ],
          [
            -150.9913000,
            -16.7025569
          ],
          [
            -150.9913985,
            -16.7026624
          ],
          [
            -150.9915222,
            -16.7027715
          ],
          [
            -150.9916110,
            -16.7028048
          ],
          [
            -150.9916960,
            -16.7027789
          ],
          [
            -150.9917578,
            -16.7028085
          ],
          [
            -150.9917810,
            -16.7029288
          ]
        ]
      }
    },
    {
      "type": "Feature",
      "properties": {
        "highway": "footway",
        "name": ""
      },
      "geometry": {
        "type": "LineString",
        "coordinates": [
          [
            -150.9897877,
            -16.6996077
          ],
          [
            -150.9899380,
            -16.6994125
          ],
          [
            -150.9901427,
            -16.6993969
          ],
          [
            -150.9902920,
            -16.6993405
          ],
          [
            -150.9904630,
            -16.6993885
          ],
          [
            -150.9906139,
            -16.6996283
          ],
          [
            -150.9908088,
            -16.6998683
          ],
          [
            -150.9909572,
            -16.6999674
          ],
          [
            -150.9911436,
            -16.7000671
          ],
          [
            -150.9912724,
            -16.7002393
          ],
          [
            -150.9913756,
            -16.7004607
          ],
          [
            -150.9913863,
            -16.7005943
          ],
          [
            -150.9913844,
            -16.7007151
          ],
          [
            -150.9914258,
            -16.7008380
          ]
        ]
      }
    },
    {
      "type": "Feature",
      "properties": {
        "highway": "unclassified",
        "name": ""
      },
      "geometry": {
        "type": "LineString",
        "coordinates": [
          [
            -151.0349145,
            -16.7140787
          ],
          [
            -151.0347375,
            -16.7141534
          ],
          [
            -151.0345638,
            -16.7142257
          ],
          [
            -151.0343990,
            -16.7143171
          ],
          [
            -151.0342965,
            -16.7143817
          ],
          [
            -151.0342015,
            -16.7144532
          ],
          [
            -151.0340798,
            -16.7145274
          ],
          [
            -151.0339930,
            -16.7145858
          ],
          [
            -151.0338552,
            -16.7147081
          ],
          [
            -151.0337333,
            -16.7148601
          ],
          [
            -151.0336419,
            -16.7149947
          ],
          [
            -151.0335534,
            -16.7151182
          ],
          [
            -151.0334929,
            -16.7151859
          ],
          [
            -151.0333923,
            -16.7152366
          ],
          [
            -151.0332830,
            -16.7152514
          ],
          [
            -151.0331231,
            -16.7152182
          ]
        ]
      }
    },
    {
      "type": "Feature",
      "properties": {
        "highway": "footway",
        "name": ""
      },
      "geometry": {
        "type": "LineString",
        "coordinates": [
          [
            -150.9916981,
            -16.7009900
          ],
          [
            -150.9915640,
            -16.7011961
          ],
          [
            -150.9913877,
            -16.7014464
          ],
          [
            -150.9911551,
            -16.7016537
          ],
          [
            -150.9911880,
            -16.7017872
          ],
          [
            -150.9911430,
            -16.7019051
          ],
          [
            -150.9912938,
            -16.7020424
          ],
          [
            -150.9914704,
            -16.7021653
          ],
          [
            -150.9915629,
            -16.7022417
          ],
          [
            -150.9916207,
            -16.7023238
          ],
          [
            -150.9916748,
            -16.7024736
          ],
          [
            -150.9918447,
            -16.7025846
          ],
          [
            -150.9920379,
            -16.7027438
          ],
          [
            -150.9921132,
            -16.7027937
          ],
          [
            -150.9921924,
            -16.7027678
          ],
          [
            -150.9922543,
            -16.7027641
          ],
          [
            -150.9922987,
            -16.7028807
          ]
        ]
      }
    },
    {
      "type": "Feature",
      "properties": {
        "highway": "footway",
        "name": ""
      },
      "geometry": {
        "type": "LineString",
        "coordinates": [
          [
            -150.9897877,
            -16.6996077
          ],
          [
            -150.9895184,
            -16.6996261
          ],
          [
            -150.9893030,
            -16.6997006
          ],
          [
            -150.9891828,
            -16.6996587
          ],
          [
            -150.9891227,
            -16.6996352
          ],
          [
            -150.9890107,
            -16.6996979
          ],
          [
            -150.9888768,
            -16.6998759
          ],
          [
            -150.9886610,
            -16.7000590
          ],
          [
            -150.9883878,
            -16.7001637
          ],
          [
            -150.9880791,
            -16.7003599
          ],
          [
            -150.9878688,
            -16.7004646
          ],
          [
            -150.9877786,
            -16.7005562
          ],
          [
            -150.9877240,
            -16.7006216
          ],
          [
            -150.9877131,
            -16.7005379
          ],
          [
            -150.9876885,
            -16.7004332
          ],
          [
            -150.9876461,
            -16.7004070
          ],
          [
            -150.9876284,
            -16.7004463
          ],
          [
            -150.9876161,
            -16.7005130
          ],
          [
            -150.9875396,
            -16.7005012
          ]
        ]
      }
    },
    {
      "type": "Feature",
      "properties": {
        "highway": "primary",
        "name": ""
      },
      "geometry": {
        "type": "LineString",
        "coordinates": [
          [
            -151.0314969,
            -16.7222360
          ],
          [
            -151.0313625,
            -16.7220477
          ]
        ]
      }
    },
    {
      "type": "Feature",
      "properties": {
        "highway": "primary",
        "name": ""
      },
      "geometry": {
        "type": "LineString",
        "coordinates": [
          [
            -151.0098552,
            -16.7015206
          ],
          [
            -151.0096682,
            -16.7015196
          ]
        ]
      }
    },
    {
      "type": "Feature",
      "properties": {
        "highway": "track",
        "name": ""
      },
      "geometry": {
        "type": "LineString",
        "coordinates": [
          [
            -150.9875396,
            -16.7005012
          ],
          [
            -150.9873392,
            -16.7003537
          ]
        ]
      }
    },
    {
      "type": "Feature",
      "properties": {
        "highway": "primary",
        "name": ""
      },
      "geometry": {
        "type": "LineString",
        "coordinates": [
          [
            -150.9999693,
            -16.6982304
          ],
          [
            -150.9999067,
            -16.6982346
          ]
        ]
      }
    },
    {
      "type": "Feature",
      "properties": {
        "highway": "primary",
        "name": ""
      },
      "geometry": {
        "type": "LineString",
        "coordinates": [
          [
            -151.0330985,
            -16.7154206
          ],
          [
            -151.0331099,
            -16.7152839
          ]
        ]
      }
    },
    {
      "type": "Feature",
      "properties": {
        "highway": "footway",
        "name": ""
      },
      "geometry": {
        "type": "LineString",
        "coordinates": [
          [
            -150.9911551,
            -16.7016537
          ],
          [
            -150.9911313,
            -16.7013146
          ]
        ]
      }
    },
    {
      "type": "Feature",
      "properties": {
        "highway": "primary",
        "name": ""
      },
      "geometry": {
        "type": "LineString",
        "coordinates": [
          [
            -151.0096682,
            -16.7015196
          ],
          [
            -151.0092319,
            -16.7014370
          ],
          [
            -151.0088039,
            -16.7012459
          ],
          [
            -151.0085841,
            -16.7010876
          ],
          [
            -151.0084082,
            -16.7009158
          ],
          [
            -151.0082326,
            -16.7006806
          ],
          [
            -151.0081333,
            -16.7004288
          ],
          [
            -151.0079507,
            -16.6998820
          ],
          [
            -151.0076718,
            -16.6989359
          ],
          [
            -151.0075303,
            -16.6987968
          ],
          [
            -151.0072158,
            -16.6986810
          ],
          [
            -151.0068204,
            -16.6985342
          ],
          [
            -151.0066533,
            -16.6984721
          ],
          [
            -151.0058136,
            -16.6982365
          ],
          [
            -151.0051037,
            -16.6981290
          ],
          [
            -151.0043211,
            -16.6980741
          ],
          [
            -151.0031828,
            -16.6980811
          ],
          [
            -151.0026557,
            -16.6980868
          ],
          [
            -151.0021940,
            -16.6981157
          ],
          [
            -151.0020193,
            -16.6981265
          ],
          [
            -151.0015742,
            -16.6981378
          ],
          [
            -151.0009536,
            -16.6981292
          ],
          [
            -150.9999693,
            -16.6982304
          ]
        ]
      }
    },
    {
      "type": "Feature",
      "properties": {
        "highway": "primary",
        "name": ""
      },
      "geometry": {
        "type": "LineString",
        "coordinates": [
          [
            -151.0313625,
            -16.7220477
          ],
          [
            -151.0313471,
            -16.7220277
          ],
          [
            -151.0310643,
            -16.7215772
          ],
          [
            -151.0310219,
            -16.7214724
          ],
          [
            -151.0310151,
            -16.7213154
          ],
          [
            -151.0310738,
            -16.7212173
          ],
          [
            -151.0311802,
            -16.7211452
          ],
          [
            -151.0320122,
            -16.7207000
          ],
          [
            -151.0322719,
            -16.7204956
          ],
          [
            -151.0324165,
            -16.7202788
          ],
          [
            -151.0325316,
            -16.7200307
          ],
          [
            -151.0328208,
            -16.7194389
          ],
          [
            -151.0332425,
            -16.7189254
          ],
          [
            -151.0335046,
            -16.7183646
          ],
          [
            -151.0335588,
            -16.7181520
          ],
          [
            -151.0335819,
            -16.7179502
          ],
          [
            -151.0335728,
            -16.7177007
          ],
          [
            -151.0335161,
            -16.7171505
          ],
          [
            -151.0334342,
            -16.7165398
          ],
          [
            -151.0333326,
            -16.7162773
          ],
          [
            -151.0331898,
            -16.7158893
          ],
          [
            -151.0331215,
            -16.7156425
          ],
          [
            -151.0331007,
            -16.7154949
          ],
          [
            -151.0330950,
            -16.7154625
          ],
          [
            -151.0330985,
            -16.7154206
          ]
        ]
      }
    },
    {
      "type": "Feature",
      "properties": {
        "highway": "path",
        "name": ""
      },
      "geometry": {
        "type": "LineString",
        "coordinates": [
          [
            -150.9921132,
            -16.7027937
          ],
          [
            -150.9921673,
            -16.7028492
          ],
          [
            -150.9921210,
            -16.7029639
          ]
        ]
      }
    },
    {
      "type": "Feature",
      "properties": {
        "highway": "unclassified",
        "name": ""
      },
      "geometry": {
        "type": "LineString",
        "coordinates": [
          [
            -151.0330950,
            -16.7154625
          ],
          [
            -151.0330232,
            -16.7154616
          ],
          [
            -151.0328275,
            -16.7154200
          ],
          [
            -151.0324195,
            -16.7153418
          ],
          [
            -151.0322040,
            -16.7153418
          ],
          [
            -151.0318697,
            -16.7153586
          ],
          [
            -151.0313176,
            -16.7154682
          ],
          [
            -151.0308227,
            -16.7155693
          ],
          [
            -151.0306864,
            -16.7155714
          ],
          [
            -151.0301904,
            -16.7154434
          ],
          [
            -151.0300597,
            -16.7153649
          ],
          [
            -151.0297239,
            -16.7149556
          ],
          [
            -151.0295075,
            -16.7148453
          ],
          [
            -151.0293556,
            -16.7147882
          ],
          [
            -151.0291754,
            -16.7147967
          ],
          [
            -151.0289463,
            -16.7148296
          ],
          [
            -151.0288322,
            -16.7149061
          ],
          [
            -151.0281064,
            -16.7154534
          ],
          [
            -151.0279940,
            -16.7155879
          ],
          [
            -151.0279629,
            -16.7156862
          ],
          [
            -151.0279224,
            -16.7158769
          ],
          [
            -151.0278370,
            -16.7159665
          ],
          [
            -151.0276994,
            -16.7160133
          ],
          [
            -151.0276176,
            -16.7161331
          ],
          [
            -151.0275336,
            -16.7163387
          ]
        ]
      }
    },
    {
      "type": "Feature",
      "properties": {
        "highway": "service",
        "name": ""
      },
      "geometry": {
        "type": "LineString",
        "coordinates": [
          [
            -151.0340798,
            -16.7145274
          ],
          [
            -151.0339469,
            -16.7144043
          ],
          [
            -151.0338218,
            -16.7142293
          ]
        ]
      }
    },
    {
      "type": "Feature",
      "properties": {
        "highway": "primary",
        "name": ""
      },
      "geometry": {
        "type": "LineString",
        "coordinates": [
          [
            -151.0331099,
            -16.7152839
          ],
          [
            -151.0331231,
            -16.7152182
          ],
          [
            -151.0331897,
            -16.7150170
          ],
          [
            -151.0333206,
            -16.7147819
          ],
          [
            -151.0335018,
            -16.7145289
          ],
          [
            -151.0335894,
            -16.7144344
          ],
          [
            -151.0337584,
            -16.7142855
          ],
          [
            -151.0338218,
            -16.7142293
          ],
          [
            -151.0341796,
            -16.7139119
          ],
          [
            -151.0343123,
            -16.7136812
          ],
          [
            -151.0343695,
            -16.7135948
          ],
          [
            -151.0345040,
            -16.7133203
          ],
          [
            -151.0346328,
            -16.7130573
          ],
          [
            -151.0347487,
            -16.7127988
          ],
          [
            -151.0349417,
            -16.7122605
          ],
          [
            -151.0349738,
            -16.7121495
          ],
          [
            -151.0350761,
            -16.7118362
          ],
          [
            -151.0351952,
            -16.7114844
          ],
          [
            -151.0352799,
            -16.7112119
          ],
          [
            -151.0353056,
            -16.7110852
          ],
          [
            -151.0353295,
            -16.7108892
          ],
          [
            -151.0353325,
            -16.7106093
          ],
          [
            -151.0353038,
            -16.7103726
          ],
          [
            -151.0352282,
            -16.7097894
          ],
          [
            -151.0351912,
            -16.7095133
          ],
          [
            -151.0351631,
            -16.7092806
          ],
          [
            -151.0351049,
            -16.7086204
          ],
          [
            -151.0350348,
            -16.7083761
          ],
          [
            -151.0349281,
            -16.7080405
          ],
          [
            -151.0347991,
            -16.7077254
          ],
          [
            -151.0346635,
            -16.7074007
          ],
          [
            -151.0345621,
            -16.7070690
          ],
          [
            -151.0343584,
            -16.7064025
          ],
          [
            -151.0342846,
            -16.7062076
          ],
          [
            -151.0340365,
            -16.7058961
          ],
          [
            -151.0339185,
            -16.7057480
          ],
          [
            -151.0336436,
            -16.7054030
          ],
          [
            -151.0334505,
            -16.7050876
          ],
          [
            -151.0334146,
            -16.7050209
          ],
          [
            -151.0332226,
            -16.7046634
          ],
          [
            -151.0330729,
            -16.7044294
          ],
          [
            -151.0329823,
            -16.7043388
          ]
        ]
      }
    },
    {
      "type": "Feature",
      "properties": {
        "highway": "footway",
        "name": ""
      },
      "geometry": {
        "type": "LineString",
        "coordinates": [
          [
            -150.9933527,
            -16.6984523
          ],
          [
            -150.9933334,
            -16.6985189
          ],
          [
            -150.9932754,
            -16.6985578
          ],
          [
            -150.9931943,
            -16.6985874
          ],
          [
            -150.9931508,
            -16.6987067
          ],
          [
            -150.9931588,
            -16.6987445
          ]
        ]
      }
    },
    {
      "type": "Feature",
      "properties": {
        "highway": "primary",
        "name": ""
      },
      "geometry": {
        "type": "LineString",
        "coordinates": [
          [
            -150.9873385,
            -16.7216821
          ],
          [
            -150.9872378,
            -16.7223758
          ],
          [
            -150.9871606,
            -16.7225904
          ],
          [
            -150.9870215,
            -16.7227773
          ],
          [
            -150.9868389,
            -16.7228819
          ],
          [
            -150.9865173,
            -16.7230011
          ],
          [
            -150.9863087,
            -16.7231454
          ],
          [
            -150.9859406,
            -16.7235391
          ],
          [
            -150.9855573,
            -16.7239205
          ],
          [
            -150.9854716,
            -16.7241459
          ],
          [
            -150.9854027,
            -16.7243298
          ],
          [
            -150.9853368,
            -16.7245711
          ],
          [
            -150.9850199,
            -16.7252952
          ],
          [
            -150.9850175,
            -16.7254821
          ],
          [
            -150.9850164,
            -16.7255725
          ],
          [
            -150.9851072,
            -16.7258093
          ],
          [
            -150.9853622,
            -16.7261340
          ],
          [
            -150.9856989,
            -16.7265218
          ],
          [
            -150.9860824,
            -16.7269303
          ],
          [
            -150.9863962,
            -16.7271165
          ],
          [
            -150.9867878,
            -16.7272950
          ],
          [
            -150.9873591,
            -16.7274992
          ],
          [
            -150.9879009,
            -16.7277099
          ],
          [
            -150.9884588,
            -16.7279898
          ],
          [
            -150.9890811,
            -16.7283983
          ],
          [
            -150.9895062,
            -16.7287078
          ],
          [
            -150.9898388,
            -16.7288940
          ],
          [
            -150.9901272,
            -16.7289788
          ],
          [
            -150.9906060,
            -16.7290520
          ],
          [
            -150.9912019,
            -16.7291914
          ],
          [
            -150.9916107,
            -16.7293339
          ],
          [
            -150.9917948,
            -16.7294737
          ],
          [
            -150.9920540,
            -16.7297436
          ],
          [
            -150.9923005,
            -16.7299062
          ],
          [
            -150.9928403,
            -16.7300764
          ],
          [
            -150.9929905,
            -16.7301467
          ],
          [
            -150.9931116,
            -16.7302521
          ],
          [
            -150.9932428,
            -16.7305338
          ],
          [
            -150.9932759,
            -16.7306508
          ],
          [
            -150.9932877,
            -16.7308202
          ],
          [
            -150.9947930,
            -16.7312415
          ],
          [
            -150.9948079,
            -16.7312448
          ]
        ]
      }
    },
    {
      "type": "Feature",
      "properties": {
        "highway": "primary",
        "name": ""
      },
      "geometry": {
        "type": "LineString",
        "coordinates": [
          [
            -150.9984692,
            -16.7314907
          ],
          [
            -150.9988177,
            -16.7315545
          ],
          [
            -150.9990585,
            -16.7316070
          ],
          [
            -150.9993810,
            -16.7317066
          ],
          [
            -150.9996320,
            -16.7318763
          ],
          [
            -150.9997401,
            -16.7319785
          ],
          [
            -151.0001923,
            -16.7325082
          ],
          [
            -151.0003939,
            -16.7327277
          ],
          [
            -151.0005801,
            -16.7329269
          ],
          [
            -151.0009673,
            -16.7331321
          ],
          [
            -151.0014834,
            -16.7333900
          ],
          [
            -151.0020498,
            -16.7337528
          ],
          [
            -151.0025700,
            -16.7340403
          ],
          [
            -151.0028838,
            -16.7341410
          ],
          [
            -151.0033509,
            -16.7342256
          ],
          [
            -151.0036314,
            -16.7343112
          ],
          [
            -151.0038497,
            -16.7344444
          ],
          [
            -151.0039463,
            -16.7345905
          ],
          [
            -151.0039791,
            -16.7347052
          ],
          [
            -151.0039911,
            -16.7348446
          ],
          [
            -151.0039907,
            -16.7354877
          ],
          [
            -151.0040158,
            -16.7358688
          ],
          [
            -151.0041095,
            -16.7363213
          ],
          [
            -151.0042563,
            -16.7370400
          ],
          [
            -151.0044473,
            -16.7374891
          ],
          [
            -151.0044427,
            -16.7377149
          ],
          [
            -151.0043024,
            -16.7379518
          ],
          [
            -151.0041220,
            -16.7382717
          ],
          [
            -151.0039751,
            -16.7386228
          ],
          [
            -151.0038033,
            -16.7389284
          ],
          [
            -151.0035409,
            -16.7392429
          ],
          [
            -151.0033465,
            -16.7395395
          ],
          [
            -151.0032314,
            -16.7396681
          ],
          [
            -151.0028770,
            -16.7397080
          ],
          [
            -151.0024528,
            -16.7398826
          ],
          [
            -151.0022572,
            -16.7401359
          ],
          [
            -151.0021974,
            -16.7406267
          ],
          [
            -151.0022343,
            -16.7410232
          ],
          [
            -151.0022741,
            -16.7414086
          ],
          [
            -151.0022616,
            -16.7418551
          ],
          [
            -151.0021263,
            -16.7423299
          ],
          [
            -151.0021004,
            -16.7425483
          ],
          [
            -151.0021525,
            -16.7427875
          ],
          [
            -151.0024381,
            -16.7435186
          ],
          [
            -151.0025255,
            -16.7439079
          ],
          [
            -151.0026741,
            -16.7442700
          ],
          [
            -151.0027438,
            -16.7445313
          ],
          [
            -151.0027560,
            -16.7447705
          ],
          [
            -151.0027069,
            -16.7455423
          ],
          [
            -151.0026742,
            -16.7460740
          ],
          [
            -151.0027095,
            -16.7466820
          ],
          [
            -151.0027327,
            -16.7467840
          ]
        ]
      }
    },
    {
      "type": "Feature",
      "properties": {
        "highway": "primary",
        "name": ""
      },
      "geometry": {
        "type": "LineString",
        "coordinates": [
          [
            -151.0307124,
            -16.7377047
          ],
          [
            -151.0308596,
            -16.7375377
          ],
          [
            -151.0312137,
            -16.7370717
          ],
          [
            -151.0313915,
            -16.7369119
          ],
          [
            -151.0315143,
            -16.7368018
          ],
          [
            -151.0318930,
            -16.7363494
          ],
          [
            -151.0321659,
            -16.7360737
          ],
          [
            -151.0322990,
            -16.7358619
          ],
          [
            -151.0324655,
            -16.7355132
          ],
          [
            -151.0326340,
            -16.7351157
          ],
          [
            -151.0328094,
            -16.7346966
          ],
          [
            -151.0329717,
            -16.7343475
          ],
          [
            -151.0331835,
            -16.7340285
          ],
          [
            -151.0332997,
            -16.7339138
          ],
          [
            -151.0335205,
            -16.7337526
          ],
          [
            -151.0338767,
            -16.7335730
          ],
          [
            -151.0341354,
            -16.7334510
          ],
          [
            -151.0342812,
            -16.7333489
          ],
          [
            -151.0345667,
            -16.7330819
          ],
          [
            -151.0347005,
            -16.7329000
          ],
          [
            -151.0350111,
            -16.7323662
          ],
          [
            -151.0351886,
            -16.7319504
          ],
          [
            -151.0353107,
            -16.7316063
          ],
          [
            -151.0353581,
            -16.7313224
          ],
          [
            -151.0354181,
            -16.7309324
          ],
          [
            -151.0355066,
            -16.7307306
          ],
          [
            -151.0355960,
            -16.7306076
          ],
          [
            -151.0357070,
            -16.7305128
          ],
          [
            -151.0358145,
            -16.7304383
          ],
          [
            -151.0365460,
            -16.7300158
          ],
          [
            -151.0372786,
            -16.7292811
          ],
          [
            -151.0374922,
            -16.7288822
          ],
          [
            -151.0376955,
            -16.7283182
          ],
          [
            -151.0377763,
            -16.7278828
          ],
          [
            -151.0377681,
            -16.7275061
          ],
          [
            -151.0376545,
            -16.7268489
          ],
          [
            -151.0375441,
            -16.7264648
          ],
          [
            -151.0373716,
            -16.7260688
          ],
          [
            -151.0370697,
            -16.7254170
          ],
          [
            -151.0369594,
            -16.7250930
          ],
          [
            -151.0368790,
            -16.7248332
          ],
          [
            -151.0368298,
            -16.7245773
          ],
          [
            -151.0368302,
            -16.7243388
          ],
          [
            -151.0368998,
            -16.7240369
          ],
          [
            -151.0370844,
            -16.7234445
          ],
          [
            -151.0371255,
            -16.7231914
          ],
          [
            -151.0371062,
            -16.7230132
          ],
          [
            -151.0370244,
            -16.7228088
          ],
          [
            -151.0365716,
            -16.7219257
          ],
          [
            -151.0364700,
            -16.7218579
          ],
          [
            -151.0363232,
            -16.7218332
          ],
          [
            -151.0355201,
            -16.7218054
          ]
        ]
      }
    },
    {
      "type": "Feature",
      "properties": {
        "highway": "unclassified",
        "name": ""
      },
      "geometry": {
        "type": "LineString",
        "coordinates": [
          [
            -151.0220092,
            -16.7509209
          ],
          [
            -151.0215065,
            -16.7512545
          ],
          [
            -151.0211814,
            -16.7515762
          ],
          [
            -151.0210093,
            -16.7518117
          ],
          [
            -151.0209574,
            -16.7520680
          ],
          [
            -151.0209791,
            -16.7522578
          ]
        ]
      }
    },
    {
      "type": "Feature",
      "properties": {
        "highway": "primary",
        "name": ""
      },
      "geometry": {
        "type": "LineString",
        "coordinates": [
          [
            -150.9931943,
            -16.6983709
          ],
          [
            -150.9927906,
            -16.6981877
          ],
          [
            -150.9925419,
            -16.6981009
          ],
          [
            -150.9922041,
            -16.6980519
          ],
          [
            -150.9919551,
            -16.6980115
          ],
          [
            -150.9916722,
            -16.6979657
          ],
          [
            -150.9911349,
            -16.6979170
          ],
          [
            -150.9907334,
            -16.6978899
          ],
          [
            -150.9903652,
            -16.6979344
          ],
          [
            -150.9899798,
            -16.6980667
          ],
          [
            -150.9897114,
            -16.6982379
          ],
          [
            -150.9893109,
            -16.6986434
          ],
          [
            -150.9889475,
            -16.6989898
          ],
          [
            -150.9885461,
            -16.6993358
          ],
          [
            -150.9882667,
            -16.6995624
          ],
          [
            -150.9878468,
            -16.6999226
          ],
          [
            -150.9873392,
            -16.7003537
          ],
          [
            -150.9871155,
            -16.7005686
          ],
          [
            -150.9869015,
            -16.7008112
          ],
          [
            -150.9864071,
            -16.7013719
          ],
          [
            -150.9862095,
            -16.7016509
          ],
          [
            -150.9860248,
            -16.7019835
          ],
          [
            -150.9859660,
            -16.7021247
          ],
          [
            -150.9859696,
            -16.7022398
          ],
          [
            -150.9860541,
            -16.7023881
          ],
          [
            -150.9862481,
            -16.7025982
          ],
          [
            -150.9863631,
            -16.7028026
          ],
          [
            -150.9864276,
            -16.7029566
          ],
          [
            -150.9865621,
            -16.7034351
          ],
          [
            -150.9866995,
            -16.7037386
          ],
          [
            -150.9869537,
            -16.7042136
          ],
          [
            -150.9872000,
            -16.7047305
          ],
          [
            -150.9873411,
            -16.7050523
          ],
          [
            -150.9873686,
            -16.7052367
          ],
          [
            -150.9873698,
            -16.7055328
          ],
          [
            -150.9873551,
            -16.7058349
          ],
          [
            -150.9872933,
            -16.7062388
          ],
          [
            -150.9872021,
            -16.7067717
          ],
          [
            -150.9870713,
            -16.7073923
          ],
          [
            -150.9870392,
            -16.7076091
          ],
          [
            -150.9870586,
            -16.7080226
          ],
          [
            -150.9870953,
            -16.7082901
          ],
          [
            -150.9871574,
            -16.7087266
          ],
          [
            -150.9872320,
            -16.7090893
          ],
          [
            -150.9872678,
            -16.7094478
          ],
          [
            -150.9872861,
            -16.7100277
          ],
          [
            -150.9870518,
            -16.7122389
          ],
          [
            -150.9870298,
            -16.7125619
          ],
          [
            -150.9870198,
            -16.7126926
          ]
        ]
      }
    },
    {
      "type": "Feature",
      "properties": {
        "highway": "footway",
        "name": ""
      },
      "geometry": {
        "type": "LineString",
        "coordinates": [
          [
            -150.9935393,
            -16.6992172
          ],
          [
            -150.9934860,
            -16.6991665
          ],
          [
            -150.9933392,
            -16.6990758
          ],
          [
            -150.9932619,
            -16.6990055
          ],
          [
            -150.9932870,
            -16.6988853
          ],
          [
            -150.9932349,
            -16.6988131
          ],
          [
            -150.9931945,
            -16.6987961
          ]
        ]
      }
    },
    {
      "type": "Feature",
      "properties": {
        "highway": "footway",
        "name": ""
      },
      "geometry": {
        "type": "LineString",
        "coordinates": [
          [
            -150.9882428,
            -16.7024337
          ],
          [
            -150.9877979,
            -16.7027760
          ],
          [
            -150.9876422,
            -16.7032889
          ],
          [
            -150.9876176,
            -16.7037625
          ],
          [
            -150.9877132,
            -16.7041131
          ],
          [
            -150.9877487,
            -16.7042465
          ],
          [
            -150.9878553,
            -16.7044009
          ],
          [
            -150.9879727,
            -16.7044611
          ],
          [
            -150.9881039,
            -16.7044375
          ]
        ]
      }
    },
    {
      "type": "Feature",
      "properties": {
        "highway": "primary",
        "name": ""
      },
      "geometry": {
        "type": "LineString",
        "coordinates": [
          [
            -151.0355201,
            -16.7218054
          ],
          [
            -151.0349909,
            -16.7217816
          ],
          [
            -151.0346519,
            -16.7218207
          ],
          [
            -151.0343459,
            -16.7218898
          ],
          [
            -151.0334168,
            -16.7222814
          ],
          [
            -151.0329991,
            -16.7224352
          ],
          [
            -151.0325421,
            -16.7226072
          ],
          [
            -151.0322924,
            -16.7226378
          ],
          [
            -151.0321111,
            -16.7226462
          ],
          [
            -151.0319374,
            -16.7225930
          ],
          [
            -151.0317540,
            -16.7224778
          ],
          [
            -151.0316501,
            -16.7224021
          ],
          [
            -151.0315628,
            -16.7223075
          ],
          [
            -151.0314969,
            -16.7222360
          ]
        ]
      }
    },
    {
      "type": "Feature",
      "properties": {
        "highway": "primary",
        "name": ""
      },
      "geometry": {
        "type": "LineString",
        "coordinates": [
          [
            -150.9948832,
            -16.7312605
          ],
          [
            -150.9952242,
            -16.7313076
          ],
          [
            -150.9955143,
            -16.7313476
          ],
          [
            -150.9958825,
            -16.7313098
          ],
          [
            -150.9959696,
            -16.7313150
          ],
          [
            -150.9960401,
            -16.7313414
          ],
          [
            -150.9965433,
            -16.7316757
          ],
          [
            -150.9966226,
            -16.7317023
          ],
          [
            -150.9967150,
            -16.7316819
          ],
          [
            -150.9972512,
            -16.7313437
          ],
          [
            -150.9973093,
            -16.7313293
          ],
          [
            -150.9974633,
            -16.7313053
          ],
          [
            -150.9976674,
            -16.7313294
          ],
          [
            -150.9983941,
            -16.7314756
          ],
          [
            -150.9984692,
            -16.7314907
          ]
        ]
      }
    },
    {
      "type": "Feature",
      "properties": {
        "highway": "residential",
        "name": ""
      },
      "geometry": {
        "type": "LineString",
        "coordinates": [
          [
            -150.9919202,
            -16.7319767
          ],
          [
            -150.9918369,
            -16.7320565
          ]
        ]
      }
    },
    {
      "type": "Feature",
      "properties": {
        "highway": "primary",
        "name": ""
      },
      "geometry": {
        "type": "LineString",
        "coordinates": [
          [
            -150.9948079,
            -16.7312448
          ],
          [
            -150.9948832,
            -16.7312605
          ]
        ]
      }
    },
    {
      "type": "Feature",
      "properties": {
        "highway": "residential",
        "name": ""
      },
      "geometry": {
        "type": "LineString",
        "coordinates": [
          [
            -150.9918369,
            -16.7320565
          ],
          [
            -150.9917179,
            -16.7321819
          ],
          [
            -150.9914804,
            -16.7323190
          ],
          [
            -150.9913946,
            -16.7323673
          ],
          [
            -150.9913043,
            -16.7324089
          ],
          [
            -150.9910856,
            -16.7325210
          ],
          [
            -150.9909964,
            -16.7325798
          ],
          [
            -150.9909167,
            -16.7326079
          ],
          [
            -150.9908534,
            -16.7326030
          ],
          [
            -150.9908054,
            -16.7325806
          ],
          [
            -150.9907590,
            -16.7325353
          ],
          [
            -150.9906965,
            -16.7324581
          ],
          [
            -150.9905693,
            -16.7322690
          ],
          [
            -150.9904209,
            -16.7321474
          ],
          [
            -150.9902989,
            -16.7320916
          ],
          [
            -150.9901927,
            -16.7320637
          ],
          [
            -150.9900549,
            -16.7320214
          ],
          [
            -150.9898506,
            -16.7319433
          ],
          [
            -150.9896476,
            -16.7318453
          ],
          [
            -150.9893490,
            -16.7316653
          ],
          [
            -150.9890670,
            -16.7315151
          ],
          [
            -150.9889129,
            -16.7313756
          ],
          [
            -150.9886953,
            -16.7311148
          ],
          [
            -150.9884569,
            -16.7308428
          ],
          [
            -150.9883133,
            -16.7306398
          ],
          [
            -150.9880858,
            -16.7305174
          ],
          [
            -150.9872952,
            -16.7302199
          ],
          [
            -150.9870595,
            -16.7301374
          ],
          [
            -150.9867293,
            -16.7300669
          ],
          [
            -150.9864027,
            -16.7299642
          ],
          [
            -150.9862596,
            -16.7299249
          ],
          [
            -150.9857194,
            -16.7297934
          ],
          [
            -150.9856133,
            -16.7296720
          ],
          [
            -150.9855175,
            -16.7295828
          ],
          [
            -150.9851332,
            -16.7294636
          ],
          [
            -150.9848633,
            -16.7293861
          ]
        ]
      }
    },
    {
      "type": "Feature",
      "properties": {
        "highway": "residential",
        "name": ""
      },
      "geometry": {
        "type": "LineString",
        "coordinates": [
          [
            -150.9929938,
            -16.7307804
          ],
          [
            -150.9924749,
            -16.7306863
          ]
        ]
      }
    },
    {
      "type": "Feature",
      "properties": {
        "highway": "residential",
        "name": ""
      },
      "geometry": {
        "type": "LineString",
        "coordinates": [
          [
            -150.9929938,
            -16.7307804
          ],
          [
            -150.9927801,
            -16.7310421
          ],
          [
            -150.9925495,
            -16.7313085
          ],
          [
            -150.9919202,
            -16.7319767
          ]
        ]
      }
    },
    {
      "type": "Feature",
      "properties": {
        "highway": "residential",
        "name": ""
      },
      "geometry": {
        "type": "LineString",
        "coordinates": [
          [
            -151.0107595,
            -16.7642000
          ],
          [
            -151.0110415,
            -16.7642436
          ],
          [
            -151.0112740,
            -16.7642436
          ],
          [
            -151.0113883,
            -16.7642217
          ],
          [
            -151.0114493,
            -16.7641779
          ],
          [
            -151.0115218,
            -16.7640721
          ],
          [
            -151.0116056,
            -16.7638896
          ],
          [
            -151.0116780,
            -16.7638495
          ],
          [
            -151.0118038,
            -16.7638239
          ],
          [
            -151.0123260,
            -16.7639225
          ]
        ]
      }
    },
    {
      "type": "Feature",
      "properties": {
        "highway": "residential",
        "name": ""
      },
      "geometry": {
        "type": "LineString",
        "coordinates": [
          [
            -150.9986820,
            -16.7659486
          ],
          [
            -150.9983410,
            -16.7658723
          ],
          [
            -150.9976434,
            -16.7656381
          ],
          [
            -150.9965954,
            -16.7649903
          ],
          [
            -150.9963180,
            -16.7648342
          ],
          [
            -150.9962541,
            -16.7648052
          ],
          [
            -150.9952122,
            -16.7645074
          ],
          [
            -150.9951095,
            -16.7644872
          ],
          [
            -150.9950219,
            -16.7644929
          ],
          [
            -150.9944198,
            -16.7645994
          ],
          [
            -150.9938199,
            -16.7647055
          ]
        ]
      }
    },
    {
      "type": "Feature",
      "properties": {
        "highway": "service",
        "name": ""
      },
      "geometry": {
        "type": "LineString",
        "coordinates": [
          [
            -150.9937168,
            -16.7491394
          ],
          [
            -150.9935581,
            -16.7488922
          ]
        ]
      }
    },
    {
      "type": "Feature",
      "properties": {
        "highway": "residential",
        "name": ""
      },
      "geometry": {
        "type": "LineString",
        "coordinates": [
          [
            -150.9940905,
            -16.7479461
          ],
          [
            -150.9941669,
            -16.7480756
          ],
          [
            -150.9942256,
            -16.7482191
          ],
          [
            -150.9942403,
            -16.7483513
          ],
          [
            -150.9941962,
            -16.7485201
          ],
          [
            -150.9940699,
            -16.7487114
          ],
          [
            -150.9939142,
            -16.7488043
          ],
          [
            -150.9938025,
            -16.7489140
          ],
          [
            -150.9937232,
            -16.7490490
          ],
          [
            -150.9937168,
            -16.7491394
          ],
          [
            -150.9937144,
            -16.7491728
          ],
          [
            -150.9936968,
            -16.7492460
          ],
          [
            -150.9936409,
            -16.7492938
          ],
          [
            -150.9934088,
            -16.7494345
          ],
          [
            -150.9933828,
            -16.7494674
          ],
          [
            -150.9933963,
            -16.7495229
          ],
          [
            -150.9934382,
            -16.7496624
          ],
          [
            -150.9934881,
            -16.7497721
          ],
          [
            -150.9934999,
            -16.7498425
          ],
          [
            -150.9934823,
            -16.7499128
          ],
          [
            -150.9934029,
            -16.7499888
          ],
          [
            -150.9933236,
            -16.7500338
          ],
          [
            -150.9932263,
            -16.7500608
          ]
        ]
      }
    },
    {
      "type": "Feature",
      "properties": {
        "highway": "residential",
        "name": ""
      },
      "geometry": {
        "type": "LineString",
        "coordinates": [
          [
            -150.9944490,
            -16.7486324
          ],
          [
            -150.9943461,
            -16.7490064
          ],
          [
            -150.9941747,
            -16.7494331
          ],
          [
            -150.9941039,
            -16.7496630
          ],
          [
            -150.9940081,
            -16.7496916
          ],
          [
            -150.9939698,
            -16.7496651
          ],
          [
            -150.9939293,
            -16.7496039
          ],
          [
            -150.9938548,
            -16.7493837
          ],
          [
            -150.9937994,
            -16.7493042
          ],
          [
            -150.9936968,
            -16.7492460
          ]
        ]
      }
    },
    {
      "type": "Feature",
      "properties": {
        "highway": "service",
        "name": ""
      },
      "geometry": {
        "type": "LineString",
        "coordinates": [
          [
            -150.9933980,
            -16.7510128
          ],
          [
            -150.9933288,
            -16.7510694
          ],
          [
            -150.9932916,
            -16.7511214
          ],
          [
            -150.9932688,
            -16.7511748
          ],
          [
            -150.9932345,
            -16.7513294
          ]
        ]
      }
    },
    {
      "type": "Feature",
      "properties": {
        "highway": "residential",
        "name": ""
      },
      "geometry": {
        "type": "LineString",
        "coordinates": [
          [
            -150.9939142,
            -16.7488043
          ],
          [
            -150.9938818,
            -16.7486765
          ],
          [
            -150.9938278,
            -16.7485810
          ],
          [
            -150.9935348,
            -16.7482667
          ],
          [
            -150.9934746,
            -16.7481434
          ],
          [
            -150.9934663,
            -16.7480757
          ],
          [
            -150.9935078,
            -16.7480200
          ],
          [
            -150.9935743,
            -16.7479802
          ]
        ]
      }
    },
    {
      "type": "Feature",
      "properties": {
        "highway": "residential",
        "name": ""
      },
      "geometry": {
        "type": "LineString",
        "coordinates": [
          [
            -150.9584810,
            -16.7805089
          ],
          [
            -150.9588231,
            -16.7804620
          ],
          [
            -150.9591880,
            -16.7804385
          ],
          [
            -150.9595703,
            -16.7804856
          ],
          [
            -150.9597387,
            -16.7805191
          ]
        ]
      }
    },
    {
      "type": "Feature",
      "properties": {
        "highway": "residential",
        "name": ""
      },
      "geometry": {
        "type": "LineString",
        "coordinates": [
          [
            -150.9584783,
            -16.7776580
          ],
          [
            -150.9586273,
            -16.7776210
          ],
          [
            -150.9587319,
            -16.7776351
          ],
          [
            -150.9588137,
            -16.7776762
          ],
          [
            -150.9588593,
            -16.7776782
          ],
          [
            -150.9590757,
            -16.7776342
          ],
          [
            -150.9594440,
            -16.7775839
          ],
          [
            -150.9597176,
            -16.7775469
          ],
          [
            -150.9599947,
            -16.7773488
          ],
          [
            -150.9602263,
            -16.7772782
          ],
          [
            -150.9603034,
            -16.7772379
          ]
        ]
      }
    },
    {
      "type": "Feature",
      "properties": {
        "highway": "residential",
        "name": ""
      },
      "geometry": {
        "type": "LineString",
        "coordinates": [
          [
            -150.9749055,
            -16.7541095
          ],
          [
            -150.9747577,
            -16.7541787
          ],
          [
            -150.9746553,
            -16.7542253
          ],
          [
            -150.9745913,
            -16.7542099
          ],
          [
            -150.9745576,
            -16.7541532
          ],
          [
            -150.9745317,
            -16.7539493
          ],
          [
            -150.9744881,
            -16.7538600
          ],
          [
            -150.9743990,
            -16.7538028
          ],
          [
            -150.9740067,
            -16.7537295
          ],
          [
            -150.9738785,
            -16.7537105
          ]
        ]
      }
    },
    {
      "type": "Feature",
      "properties": {
        "highway": "track",
        "name": ""
      },
      "geometry": {
        "type": "LineString",
        "coordinates": [
          [
            -151.0208917,
            -16.7782541
          ],
          [
            -151.0209926,
            -16.7784373
          ],
          [
            -151.0212046,
            -16.7787468
          ],
          [
            -151.0211917,
            -16.7788557
          ],
          [
            -151.0210676,
            -16.7788928
          ],
          [
            -151.0209098,
            -16.7788780
          ],
          [
            -151.0205065,
            -16.7789671
          ],
          [
            -151.0201678,
            -16.7793409
          ],
          [
            -151.0198161,
            -16.7793589
          ],
          [
            -151.0197408,
            -16.7793307
          ],
          [
            -151.0196898,
            -16.7792736
          ],
          [
            -151.0195188,
            -16.7789419
          ],
          [
            -151.0193193,
            -16.7787637
          ],
          [
            -151.0190519,
            -16.7786324
          ],
          [
            -151.0180802,
            -16.7782777
          ],
          [
            -151.0174270,
            -16.7777018
          ],
          [
            -151.0173309,
            -16.7776562
          ],
          [
            -151.0170015,
            -16.7774588
          ],
          [
            -151.0168358,
            -16.7774187
          ],
          [
            -151.0165925,
            -16.7774556
          ],
          [
            -151.0164924,
            -16.7774549
          ],
          [
            -151.0162715,
            -16.7773100
          ],
          [
            -151.0161786,
            -16.7772857
          ],
          [
            -151.0160738,
            -16.7772695
          ],
          [
            -151.0160265,
            -16.7772452
          ],
          [
            -151.0159522,
            -16.7771983
          ],
          [
            -151.0157203,
            -16.7769324
          ],
          [
            -151.0156649,
            -16.7769023
          ],
          [
            -151.0155737,
            -16.7768861
          ],
          [
            -151.0152492,
            -16.7768554
          ],
          [
            -151.0151006,
            -16.7768117
          ],
          [
            -151.0149882,
            -16.7767822
          ],
          [
            -151.0148877,
            -16.7767421
          ],
          [
            -151.0147795,
            -16.7767179
          ],
          [
            -151.0144855,
            -16.7767195
          ],
          [
            -151.0143875,
            -16.7766936
          ],
          [
            -151.0141886,
            -16.7766239
          ],
          [
            -151.0139110,
            -16.7764412
          ],
          [
            -151.0138305,
            -16.7764318
          ],
          [
            -151.0137708,
            -16.7764412
          ],
          [
            -151.0132304,
            -16.7769222
          ],
          [
            -151.0131690,
            -16.7769481
          ],
          [
            -151.0130913,
            -16.7769542
          ],
          [
            -151.0129949,
            -16.7769311
          ],
          [
            -151.0129897,
            -16.7769293
          ],
          [
            -151.0125346,
            -16.7767677
          ],
          [
            -151.0125174,
            -16.7767654
          ],
          [
            -151.0124308,
            -16.7767538
          ]
        ]
      }
    },
    {
      "type": "Feature",
      "properties": {
        "highway": "track",
        "name": ""
      },
      "geometry": {
        "type": "LineString",
        "coordinates": [
          [
            -151.0201678,
            -16.7793409
          ],
          [
            -151.0210025,
            -16.7793209
          ],
          [
            -151.0215548,
            -16.7793804
          ],
          [
            -151.0218826,
            -16.7792493
          ],
          [
            -151.0223547,
            -16.7793340
          ],
          [
            -151.0225451,
            -16.7794611
          ],
          [
            -151.0226176,
            -16.7795304
          ],
          [
            -151.0226645,
            -16.7796049
          ]
        ]
      }
    },
    {
      "type": "Feature",
      "properties": {
        "highway": "residential",
        "name": ""
      },
      "geometry": {
        "type": "LineString",
        "coordinates": [
          [
            -151.0346257,
            -16.6955819
          ],
          [
            -151.0349313,
            -16.6960892
          ],
          [
            -151.0354303,
            -16.6969356
          ],
          [
            -151.0359031,
            -16.6977593
          ],
          [
            -151.0368176,
            -16.6992187
          ],
          [
            -151.0368396,
            -16.6993283
          ],
          [
            -151.0368220,
            -16.6993831
          ],
          [
            -151.0365625,
            -16.6994842
          ],
          [
            -151.0365141,
            -16.6995305
          ],
          [
            -151.0365009,
            -16.6995895
          ],
          [
            -151.0365185,
            -16.6996738
          ],
          [
            -151.0366988,
            -16.7001794
          ],
          [
            -151.0367032,
            -16.7004406
          ],
          [
            -151.0367824,
            -16.7008325
          ],
          [
            -151.0370991,
            -16.7016414
          ],
          [
            -151.0374804,
            -16.7024638
          ]
        ]
      }
    },
    {
      "type": "Feature",
      "properties": {
        "highway": "tertiary",
        "name": ""
      },
      "geometry": {
        "type": "LineString",
        "coordinates": [
          [
            -151.0121149,
            -16.7854865
          ],
          [
            -151.0118553,
            -16.7857014
          ],
          [
            -151.0115828,
            -16.7862873
          ],
          [
            -151.0114037,
            -16.7864975
          ],
          [
            -151.0111738,
            -16.7869379
          ],
          [
            -151.0106121,
            -16.7873807
          ],
          [
            -151.0104640,
            -16.7876868
          ],
          [
            -151.0103544,
            -16.7882063
          ],
          [
            -151.0103899,
            -16.7884134
          ],
          [
            -151.0107935,
            -16.7896623
          ],
          [
            -151.0108830,
            -16.7901469
          ],
          [
            -151.0108631,
            -16.7908418
          ],
          [
            -151.0109552,
            -16.7912941
          ],
          [
            -151.0110854,
            -16.7919077
          ],
          [
            -151.0110928,
            -16.7919424
          ],
          [
            -151.0111277,
            -16.7920036
          ],
          [
            -151.0111514,
            -16.7920451
          ],
          [
            -151.0111709,
            -16.7920793
          ],
          [
            -151.0112136,
            -16.7921542
          ],
          [
            -151.0114372,
            -16.7923477
          ],
          [
            -151.0119032,
            -16.7926719
          ],
          [
            -151.0123692,
            -16.7928339
          ],
          [
            -151.0127948,
            -16.7928392
          ],
          [
            -151.0132170,
            -16.7927756
          ],
          [
            -151.0135143,
            -16.7927921
          ],
          [
            -151.0136594,
            -16.7928001
          ]
        ]
      }
    },
    {
      "type": "Feature",
      "properties": {
        "highway": "primary",
        "name": ""
      },
      "geometry": {
        "type": "LineString",
        "coordinates": [
          [
            -151.0136568,
            -16.7824675
          ],
          [
            -151.0136001,
            -16.7823160
          ],
          [
            -151.0134488,
            -16.7820091
          ],
          [
            -151.0131304,
            -16.7813653
          ],
          [
            -151.0129045,
            -16.7809837
          ],
          [
            -151.0128677,
            -16.7808533
          ],
          [
            -151.0128699,
            -16.7807267
          ],
          [
            -151.0129332,
            -16.7805281
          ],
          [
            -151.0133107,
            -16.7801971
          ],
          [
            -151.0134224,
            -16.7800497
          ],
          [
            -151.0134436,
            -16.7799168
          ],
          [
            -151.0134127,
            -16.7798059
          ],
          [
            -151.0130576,
            -16.7793702
          ],
          [
            -151.0125435,
            -16.7788836
          ],
          [
            -151.0124783,
            -16.7787434
          ],
          [
            -151.0124715,
            -16.7786028
          ],
          [
            -151.0125327,
            -16.7784299
          ],
          [
            -151.0127746,
            -16.7781023
          ],
          [
            -151.0128692,
            -16.7778798
          ],
          [
            -151.0128567,
            -16.7776259
          ],
          [
            -151.0126255,
            -16.7771522
          ],
          [
            -151.0124308,
            -16.7767538
          ],
          [
            -151.0123215,
            -16.7766252
          ],
          [
            -151.0121921,
            -16.7765405
          ],
          [
            -151.0119239,
            -16.7764393
          ],
          [
            -151.0117411,
            -16.7763702
          ],
          [
            -151.0116373,
            -16.7762846
          ],
          [
            -151.0115450,
            -16.7761379
          ],
          [
            -151.0114081,
            -16.7758437
          ],
          [
            -151.0111617,
            -16.7755143
          ],
          [
            -151.0110521,
            -16.7753047
          ],
          [
            -151.0109468,
            -16.7748834
          ],
          [
            -151.0108424,
            -16.7747009
          ],
          [
            -151.0106165,
            -16.7745733
          ],
          [
            -151.0103809,
            -16.7745549
          ],
          [
            -151.0100668,
            -16.7746632
          ],
          [
            -151.0097860,
            -16.7747391
          ],
          [
            -151.0096711,
            -16.7747319
          ],
          [
            -151.0095604,
            -16.7746944
          ],
          [
            -151.0093537,
            -16.7744311
          ],
          [
            -151.0091119,
            -16.7742222
          ],
          [
            -151.0090349,
            -16.7741377
          ],
          [
            -151.0089387,
            -16.7739300
          ],
          [
            -151.0088016,
            -16.7736323
          ],
          [
            -151.0087327,
            -16.7733437
          ],
          [
            -151.0088204,
            -16.7729949
          ],
          [
            -151.0089154,
            -16.7727731
          ],
          [
            -151.0090902,
            -16.7726089
          ],
          [
            -151.0093725,
            -16.7724666
          ],
          [
            -151.0094830,
            -16.7723541
          ],
          [
            -151.0096819,
            -16.7719377
          ],
          [
            -151.0099255,
            -16.7716725
          ],
          [
            -151.0099992,
            -16.7715313
          ],
          [
            -151.0099645,
            -16.7713132
          ],
          [
            -151.0097636,
            -16.7708620
          ],
          [
            -151.0097422,
            -16.7707565
          ],
          [
            -151.0097601,
            -16.7706425
          ],
          [
            -151.0100088,
            -16.7702830
          ],
          [
            -151.0102736,
            -16.7699942
          ],
          [
            -151.0103081,
            -16.7698923
          ],
          [
            -151.0103040,
            -16.7698289
          ],
          [
            -151.0102780,
            -16.7697548
          ],
          [
            -151.0102242,
            -16.7696912
          ],
          [
            -151.0101625,
            -16.7696443
          ],
          [
            -151.0100563,
            -16.7696032
          ],
          [
            -151.0099624,
            -16.7695842
          ],
          [
            -151.0098469,
            -16.7695699
          ],
          [
            -151.0094515,
            -16.7695828
          ],
          [
            -151.0093294,
            -16.7695672
          ],
          [
            -151.0092145,
            -16.7695259
          ],
          [
            -151.0091324,
            -16.7694523
          ],
          [
            -151.0090422,
            -16.7693423
          ],
          [
            -151.0089518,
            -16.7691777
          ],
          [
            -151.0088859,
            -16.7690155
          ],
          [
            -151.0088515,
            -16.7687609
          ],
          [
            -151.0088134,
            -16.7684797
          ],
          [
            -151.0088107,
            -16.7680952
          ]
        ]
      }
    },
    {
      "type": "Feature",
      "properties": {
        "highway": "primary",
        "name": ""
      },
      "geometry": {
        "type": "LineString",
        "coordinates": [
          [
            -150.9761460,
            -16.7919951
          ],
          [
            -150.9760430,
            -16.7920321
          ]
        ]
      }
    },
    {
      "type": "Feature",
      "properties": {
        "highway": "primary",
        "name": ""
      },
      "geometry": {
        "type": "LineString",
        "coordinates": [
          [
            -150.9828972,
            -16.8091187
          ],
          [
            -150.9828430,
            -16.8090498
          ],
          [
            -150.9827559,
            -16.8089860
          ],
          [
            -150.9827229,
            -16.8089698
          ],
          [
            -150.9825697,
            -16.8089338
          ],
          [
            -150.9813205,
            -16.8088707
          ],
          [
            -150.9798200,
            -16.8087678
          ],
          [
            -150.9795072,
            -16.8086326
          ],
          [
            -150.9792425,
            -16.8084511
          ],
          [
            -150.9783003,
            -16.8076173
          ],
          [
            -150.9780276,
            -16.8074088
          ],
          [
            -150.9771216,
            -16.8068858
          ],
          [
            -150.9765173,
            -16.8065304
          ],
          [
            -150.9760131,
            -16.8061786
          ],
          [
            -150.9756484,
            -16.8058612
          ],
          [
            -150.9751186,
            -16.8053257
          ],
          [
            -150.9743097,
            -16.8044084
          ],
          [
            -150.9736511,
            -16.8035829
          ],
          [
            -150.9729288,
            -16.8027815
          ],
          [
            -150.9726180,
            -16.8021785
          ],
          [
            -150.9724354,
            -16.8018990
          ],
          [
            -150.9718541,
            -16.8014027
          ],
          [
            -150.9716406,
            -16.8013211
          ],
          [
            -150.9714827,
            -16.8013126
          ],
          [
            -150.9713049,
            -16.8013249
          ],
          [
            -150.9712391,
            -16.8013006
          ],
          [
            -150.9711921,
            -16.8012570
          ],
          [
            -150.9711128,
            -16.8011745
          ],
          [
            -150.9707945,
            -16.8008330
          ],
          [
            -150.9704521,
            -16.8003614
          ],
          [
            -150.9704001,
            -16.8001554
          ],
          [
            -150.9704116,
            -16.8000270
          ],
          [
            -150.9704928,
            -16.7999007
          ],
          [
            -150.9706362,
            -16.7998172
          ],
          [
            -150.9708452,
            -16.7997768
          ],
          [
            -150.9711567,
            -16.7997188
          ],
          [
            -150.9712163,
            -16.7996715
          ],
          [
            -150.9712747,
            -16.7996001
          ],
          [
            -150.9714679,
            -16.7991672
          ],
          [
            -150.9716865,
            -16.7987596
          ],
          [
            -150.9720779,
            -16.7980796
          ],
          [
            -150.9721867,
            -16.7979360
          ],
          [
            -150.9723453,
            -16.7978106
          ],
          [
            -150.9729207,
            -16.7975908
          ],
          [
            -150.9736673,
            -16.7971888
          ],
          [
            -150.9743328,
            -16.7968615
          ],
          [
            -150.9747270,
            -16.7966857
          ],
          [
            -150.9750549,
            -16.7964756
          ],
          [
            -150.9752410,
            -16.7962831
          ],
          [
            -150.9753883,
            -16.7961392
          ],
          [
            -150.9755491,
            -16.7960378
          ],
          [
            -150.9757231,
            -16.7959811
          ],
          [
            -150.9759643,
            -16.7959440
          ],
          [
            -150.9763047,
            -16.7959001
          ],
          [
            -150.9765683,
            -16.7958420
          ],
          [
            -150.9767315,
            -16.7957514
          ],
          [
            -150.9769111,
            -16.7954929
          ],
          [
            -150.9771129,
            -16.7951007
          ],
          [
            -150.9771845,
            -16.7949460
          ],
          [
            -150.9772432,
            -16.7947932
          ],
          [
            -150.9773125,
            -16.7945488
          ],
          [
            -150.9773687,
            -16.7943558
          ],
          [
            -150.9773931,
            -16.7940466
          ],
          [
            -150.9773934,
            -16.7936929
          ],
          [
            -150.9774359,
            -16.7934942
          ],
          [
            -150.9775206,
            -16.7933068
          ],
          [
            -150.9776454,
            -16.7931471
          ],
          [
            -150.9779527,
            -16.7927996
          ],
          [
            -150.9780481,
            -16.7926216
          ],
          [
            -150.9780566,
            -16.7924811
          ],
          [
            -150.9780308,
            -16.7923157
          ],
          [
            -150.9779275,
            -16.7921256
          ],
          [
            -150.9778120,
            -16.7920449
          ],
          [
            -150.9776085,
            -16.7919745
          ],
          [
            -150.9773981,
            -16.7919207
          ],
          [
            -150.9770745,
            -16.7918609
          ],
          [
            -150.9767538,
            -16.7918588
          ],
          [
            -150.9761460,
            -16.7919951
          ]
        ]
      }
    },
    {
      "type": "Feature",
      "properties": {
        "highway": "primary",
        "name": ""
      },
      "geometry": {
        "type": "LineString",
        "coordinates": [
          [
            -150.9834491,
            -16.8103985
          ],
          [
            -150.9834076,
            -16.8102793
          ],
          [
            -150.9832430,
            -16.8097917
          ],
          [
            -150.9831030,
            -16.8094212
          ],
          [
            -150.9830280,
            -16.8093118
          ]
        ]
      }
    },
    {
      "type": "Feature",
      "properties": {
        "highway": "primary",
        "name": ""
      },
      "geometry": {
        "type": "LineString",
        "coordinates": [
          [
            -150.9834719,
            -16.8104800
          ],
          [
            -150.9834491,
            -16.8103985
          ]
        ]
      }
    },
    {
      "type": "Feature",
      "properties": {
        "highway": "primary",
        "name": ""
      },
      "geometry": {
        "type": "LineString",
        "coordinates": [
          [
            -150.9719802,
            -16.7929070
          ],
          [
            -150.9716276,
            -16.7928512
          ],
          [
            -150.9711274,
            -16.7927548
          ],
          [
            -150.9701247,
            -16.7927022
          ],
          [
            -150.9687092,
            -16.7926567
          ],
          [
            -150.9683351,
            -16.7926687
          ],
          [
            -150.9678838,
            -16.7928004
          ],
          [
            -150.9668552,
            -16.7933121
          ],
          [
            -150.9665553,
            -16.7933621
          ],
          [
            -150.9658259,
            -16.7931693
          ],
          [
            -150.9652741,
            -16.7930764
          ],
          [
            -150.9646520,
            -16.7930362
          ],
          [
            -150.9641075,
            -16.7929758
          ],
          [
            -150.9638379,
            -16.7928607
          ],
          [
            -150.9635698,
            -16.7927139
          ],
          [
            -150.9633278,
            -16.7925749
          ],
          [
            -150.9631039,
            -16.7923863
          ],
          [
            -150.9628268,
            -16.7919946
          ],
          [
            -150.9626664,
            -16.7917074
          ],
          [
            -150.9626000,
            -16.7914612
          ],
          [
            -150.9625915,
            -16.7911247
          ],
          [
            -150.9625608,
            -16.7902344
          ],
          [
            -150.9623505,
            -16.7897998
          ],
          [
            -150.9620848,
            -16.7894266
          ],
          [
            -150.9618526,
            -16.7891725
          ],
          [
            -150.9616079,
            -16.7890772
          ],
          [
            -150.9613634,
            -16.7890677
          ],
          [
            -150.9610190,
            -16.7891089
          ],
          [
            -150.9607453,
            -16.7891169
          ],
          [
            -150.9606412,
            -16.7890984
          ],
          [
            -150.9605588,
            -16.7890301
          ],
          [
            -150.9603303,
            -16.7882551
          ],
          [
            -150.9603347,
            -16.7878940
          ],
          [
            -150.9603052,
            -16.7876553
          ],
          [
            -150.9602559,
            -16.7875458
          ],
          [
            -150.9601248,
            -16.7874445
          ],
          [
            -150.9597956,
            -16.7874414
          ],
          [
            -150.9592965,
            -16.7875623
          ],
          [
            -150.9592270,
            -16.7875456
          ],
          [
            -150.9591343,
            -16.7874829
          ],
          [
            -150.9590909,
            -16.7874052
          ],
          [
            -150.9590634,
            -16.7869589
          ],
          [
            -150.9590877,
            -16.7863080
          ],
          [
            -150.9591410,
            -16.7861206
          ],
          [
            -150.9592144,
            -16.7860255
          ],
          [
            -150.9593269,
            -16.7859669
          ],
          [
            -150.9595727,
            -16.7858756
          ],
          [
            -150.9596706,
            -16.7857800
          ],
          [
            -150.9596803,
            -16.7857072
          ],
          [
            -150.9596712,
            -16.7856281
          ],
          [
            -150.9596415,
            -16.7855646
          ],
          [
            -150.9595543,
            -16.7854918
          ],
          [
            -150.9591987,
            -16.7852223
          ],
          [
            -150.9584418,
            -16.7838042
          ],
          [
            -150.9583666,
            -16.7835649
          ],
          [
            -150.9583377,
            -16.7833061
          ],
          [
            -150.9583930,
            -16.7830140
          ],
          [
            -150.9584452,
            -16.7818432
          ],
          [
            -150.9584565,
            -16.7815904
          ],
          [
            -150.9584810,
            -16.7805089
          ],
          [
            -150.9584785,
            -16.7800414
          ],
          [
            -150.9585266,
            -16.7797959
          ],
          [
            -150.9587015,
            -16.7790349
          ],
          [
            -150.9587107,
            -16.7787004
          ],
          [
            -150.9586936,
            -16.7783630
          ],
          [
            -150.9584783,
            -16.7776580
          ],
          [
            -150.9581100,
            -16.7766495
          ],
          [
            -150.9580823,
            -16.7765476
          ],
          [
            -150.9580864,
            -16.7764467
          ],
          [
            -150.9582842,
            -16.7741726
          ],
          [
            -150.9584817,
            -16.7737430
          ],
          [
            -150.9587538,
            -16.7733691
          ],
          [
            -150.9593387,
            -16.7727352
          ]
        ]
      }
    },
    {
      "type": "Feature",
      "properties": {
        "highway": "primary",
        "name": ""
      },
      "geometry": {
        "type": "LineString",
        "coordinates": [
          [
            -150.9830280,
            -16.8093118
          ],
          [
            -150.9828972,
            -16.8091187
          ]
        ]
      }
    },
    {
      "type": "Feature",
      "properties": {
        "highway": "primary",
        "name": ""
      },
      "geometry": {
        "type": "LineString",
        "coordinates": [
          [
            -150.9870118,
            -16.7128005
          ],
          [
            -150.9869644,
            -16.7134562
          ],
          [
            -150.9869402,
            -16.7137339
          ],
          [
            -150.9868593,
            -16.7144820
          ],
          [
            -150.9867939,
            -16.7149717
          ],
          [
            -150.9867561,
            -16.7152876
          ],
          [
            -150.9866687,
            -16.7159958
          ],
          [
            -150.9865588,
            -16.7170324
          ],
          [
            -150.9865457,
            -16.7174583
          ],
          [
            -150.9866168,
            -16.7178560
          ],
          [
            -150.9867048,
            -16.7184670
          ],
          [
            -150.9867725,
            -16.7188267
          ],
          [
            -150.9868790,
            -16.7192034
          ],
          [
            -150.9870399,
            -16.7196259
          ],
          [
            -150.9873134,
            -16.7201531
          ],
          [
            -150.9874572,
            -16.7205739
          ],
          [
            -150.9874636,
            -16.7207456
          ],
          [
            -150.9874297,
            -16.7210805
          ]
        ]
      }
    },
    {
      "type": "Feature",
      "properties": {
        "highway": "primary",
        "name": ""
      },
      "geometry": {
        "type": "LineString",
        "coordinates": [
          [
            -150.9870198,
            -16.7126926
          ],
          [
            -150.9870118,
            -16.7128005
          ]
        ]
      }
    },
    {
      "type": "Feature",
      "properties": {
        "highway": "tertiary",
        "name": ""
      },
      "geometry": {
        "type": "LineString",
        "coordinates": [
          [
            -151.0306279,
            -16.7397564
          ],
          [
            -151.0307040,
            -16.7397701
          ]
        ]
      }
    },
    {
      "type": "Feature",
      "properties": {
        "highway": "tertiary",
        "name": ""
      },
      "geometry": {
        "type": "LineString",
        "coordinates": [
          [
            -151.0297027,
            -16.7392224
          ],
          [
            -151.0299317,
            -16.7392857
          ],
          [
            -151.0300974,
            -16.7394128
          ],
          [
            -151.0303436,
            -16.7396387
          ],
          [
            -151.0305848,
            -16.7397467
          ],
          [
            -151.0306279,
            -16.7397564
          ]
        ]
      }
    },
    {
      "type": "Feature",
      "properties": {
        "highway": "tertiary",
        "name": ""
      },
      "geometry": {
        "type": "LineString",
        "coordinates": [
          [
            -150.9932263,
            -16.7500608
          ],
          [
            -150.9931798,
            -16.7501630
          ],
          [
            -150.9931694,
            -16.7502896
          ],
          [
            -150.9931833,
            -16.7504501
          ],
          [
            -150.9932211,
            -16.7506257
          ],
          [
            -150.9933132,
            -16.7508462
          ],
          [
            -150.9933980,
            -16.7510128
          ],
          [
            -150.9935757,
            -16.7512219
          ],
          [
            -150.9937683,
            -16.7513829
          ],
          [
            -150.9939810,
            -16.7515149
          ],
          [
            -150.9941671,
            -16.7516022
          ],
          [
            -150.9945369,
            -16.7517460
          ],
          [
            -150.9949017,
            -16.7518464
          ],
          [
            -150.9950930,
            -16.7518589
          ],
          [
            -150.9953281,
            -16.7518324
          ],
          [
            -150.9958177,
            -16.7516839
          ],
          [
            -150.9958999,
            -16.7516387
          ],
          [
            -150.9959622,
            -16.7515637
          ],
          [
            -150.9960317,
            -16.7514283
          ],
          [
            -150.9962566,
            -16.7507161
          ],
          [
            -150.9964499,
            -16.7503905
          ],
          [
            -150.9967463,
            -16.7500329
          ],
          [
            -150.9969255,
            -16.7498967
          ],
          [
            -150.9971168,
            -16.7497856
          ],
          [
            -150.9973098,
            -16.7497070
          ],
          [
            -150.9975434,
            -16.7496563
          ],
          [
            -150.9978277,
            -16.7496304
          ],
          [
            -150.9984097,
            -16.7495973
          ],
          [
            -150.9997176,
            -16.7492534
          ],
          [
            -150.9998777,
            -16.7491522
          ],
          [
            -151.0000276,
            -16.7489971
          ],
          [
            -151.0001501,
            -16.7487463
          ],
          [
            -151.0002908,
            -16.7484580
          ],
          [
            -151.0006971,
            -16.7479424
          ],
          [
            -151.0010047,
            -16.7476064
          ],
          [
            -151.0012955,
            -16.7474200
          ],
          [
            -151.0022529,
            -16.7468870
          ],
          [
            -151.0026529,
            -16.7468016
          ],
          [
            -151.0027327,
            -16.7467840
          ]
        ]
      }
    },
    {
      "type": "Feature",
      "properties": {
        "highway": "footway",
        "name": ""
      },
      "geometry": {
        "type": "LineString",
        "coordinates": [
          [
            -151.0223547,
            -16.7793340
          ],
          [
            -151.0230735,
            -16.7790721
          ],
          [
            -151.0232817,
            -16.7790038
          ],
          [
            -151.0233055,
            -16.7789369
          ],
          [
            -151.0234695,
            -16.7789231
          ],
          [
            -151.0238157,
            -16.7790428
          ],
          [
            -151.0233482,
            -16.7791069
          ],
          [
            -151.0233155,
            -16.7791480
          ],
          [
            -151.0237497,
            -16.7793791
          ],
          [
            -151.0239709,
            -16.7796498
          ],
          [
            -151.0241595,
            -16.7798002
          ],
          [
            -151.0243429,
            -16.7798257
          ],
          [
            -151.0246810,
            -16.7798063
          ],
          [
            -151.0248962,
            -16.7799215
          ],
          [
            -151.0249798,
            -16.7799793
          ]
        ]
      }
    },
    {
      "type": "Feature",
      "properties": {
        "highway": "service",
        "name": ""
      },
      "geometry": {
        "type": "LineString",
        "coordinates": [
          [
            -151.0265744,
            -16.6932129
          ],
          [
            -151.0265574,
            -16.6931654
          ],
          [
            -151.0265387,
            -16.6931570
          ],
          [
            -151.0261689,
            -16.6931793
          ],
          [
            -151.0257187,
            -16.6932147
          ],
          [
            -151.0257269,
            -16.6932831
          ],
          [
            -151.0256758,
            -16.6933516
          ],
          [
            -151.0256241,
            -16.6933730
          ]
        ]
      }
    },
    {
      "type": "Feature",
      "properties": {
        "highway": "service",
        "name": ""
      },
      "geometry": {
        "type": "LineString",
        "coordinates": [
          [
            -151.0281515,
            -16.6912962
          ],
          [
            -151.0281461,
            -16.6913875
          ]
        ]
      }
    },
    {
      "type": "Feature",
      "properties": {
        "highway": "service",
        "name": ""
      },
      "geometry": {
        "type": "LineString",
        "coordinates": [
          [
            -151.0278445,
            -16.6912874
          ],
          [
            -151.0278377,
            -16.6916135
          ]
        ]
      }
    },
    {
      "type": "Feature",
      "properties": {
        "highway": "service",
        "name": ""
      },
      "geometry": {
        "type": "LineString",
        "coordinates": [
          [
            -151.0272424,
            -16.6912588
          ],
          [
            -151.0272422,
            -16.6915891
          ]
        ]
      }
    },
    {
      "type": "Feature",
      "properties": {
        "highway": "service",
        "name": ""
      },
      "geometry": {
        "type": "LineString",
        "coordinates": [
          [
            -151.0268950,
            -16.6912445
          ],
          [
            -151.0268976,
            -16.6915917
          ]
        ]
      }
    },
    {
      "type": "Feature",
      "properties": {
        "highway": "track",
        "name": ""
      },
      "geometry": {
        "type": "LineString",
        "coordinates": [
          [
            -151.0281515,
            -16.6912962
          ],
          [
            -151.0284851,
            -16.6913112
          ],
          [
            -151.0285578,
            -16.6913011
          ],
          [
            -151.0286073,
            -16.6912595
          ],
          [
            -151.0286255,
            -16.6911907
          ],
          [
            -151.0286289,
            -16.6910958
          ],
          [
            -151.0286301,
            -16.6908446
          ],
          [
            -151.0287105,
            -16.6904294
          ],
          [
            -151.0286928,
            -16.6903636
          ],
          [
            -151.0286394,
            -16.6903262
          ],
          [
            -151.0284949,
            -16.6902765
          ],
          [
            -151.0284392,
            -16.6902427
          ],
          [
            -151.0284187,
            -16.6902073
          ]
        ]
      }
    },
    {
      "type": "Feature",
      "properties": {
        "highway": "residential",
        "name": ""
      },
      "geometry": {
        "type": "LineString",
        "coordinates": [
          [
            -151.0263026,
            -16.6912075
          ],
          [
            -151.0263437,
            -16.6912217
          ],
          [
            -151.0268950,
            -16.6912445
          ],
          [
            -151.0272424,
            -16.6912588
          ],
          [
            -151.0278445,
            -16.6912874
          ],
          [
            -151.0281515,
            -16.6912962
          ]
        ]
      }
    },
    {
      "type": "Feature",
      "properties": {
        "highway": "residential",
        "name": ""
      },
      "geometry": {
        "type": "LineString",
        "coordinates": [
          [
            -151.0354303,
            -16.6969356
          ],
          [
            -151.0342616,
            -16.6976266
          ],
          [
            -151.0340014,
            -16.6978707
          ],
          [
            -151.0328454,
            -16.6992863
          ],
          [
            -151.0325933,
            -16.6995098
          ],
          [
            -151.0324833,
            -16.6995226
          ],
          [
            -151.0323626,
            -16.6995072
          ],
          [
            -151.0319737,
            -16.6993531
          ],
          [
            -151.0318476,
            -16.6993351
          ],
          [
            -151.0317269,
            -16.6993377
          ],
          [
            -151.0310815,
            -16.6994539
          ]
        ]
      }
    },
    {
      "type": "Feature",
      "properties": {
        "highway": "residential",
        "name": ""
      },
      "geometry": {
        "type": "LineString",
        "coordinates": [
          [
            -151.0359031,
            -16.6977593
          ],
          [
            -151.0347176,
            -16.6984513
          ],
          [
            -151.0345699,
            -16.6985771
          ],
          [
            -151.0336072,
            -16.6996896
          ]
        ]
      }
    },
    {
      "type": "Feature",
      "properties": {
        "highway": "service",
        "name": ""
      },
      "geometry": {
        "type": "LineString",
        "coordinates": [
          [
            -151.0291190,
            -16.7001658
          ],
          [
            -151.0285431,
            -16.6998052
          ],
          [
            -151.0283850,
            -16.6997064
          ],
          [
            -151.0284279,
            -16.6996149
          ],
          [
            -151.0285834,
            -16.6992298
          ],
          [
            -151.0286477,
            -16.6990653
          ],
          [
            -151.0286544,
            -16.6990011
          ],
          [
            -151.0286437,
            -16.6989703
          ],
          [
            -151.0286249,
            -16.6989446
          ],
          [
            -151.0284653,
            -16.6988508
          ],
          [
            -151.0284184,
            -16.6987969
          ],
          [
            -151.0284090,
            -16.6987570
          ],
          [
            -151.0283741,
            -16.6984770
          ],
          [
            -151.0283446,
            -16.6984166
          ],
          [
            -151.0283031,
            -16.6983755
          ],
          [
            -151.0282615,
            -16.6983486
          ],
          [
            -151.0277921,
            -16.6981135
          ],
          [
            -151.0273710,
            -16.6981071
          ],
          [
            -151.0265145,
            -16.6982518
          ]
        ]
      }
    },
    {
      "type": "Feature",
      "properties": {
        "highway": "service",
        "name": ""
      },
      "geometry": {
        "type": "LineString",
        "coordinates": [
          [
            -151.0283256,
            -16.7021872
          ],
          [
            -151.0283702,
            -16.7021242
          ],
          [
            -151.0284680,
            -16.7016036
          ],
          [
            -151.0285941,
            -16.7011643
          ],
          [
            -151.0288655,
            -16.7006481
          ],
          [
            -151.0291190,
            -16.7001658
          ],
          [
            -151.0291587,
            -16.7000904
          ],
          [
            -151.0291788,
            -16.7000801
          ],
          [
            -151.0291962,
            -16.7000801
          ],
          [
            -151.0298045,
            -16.7003540
          ],
          [
            -151.0303049,
            -16.7006133
          ]
        ]
      }
    },
    {
      "type": "Feature",
      "properties": {
        "highway": "service",
        "name": ""
      },
      "geometry": {
        "type": "LineString",
        "coordinates": [
          [
            -151.0299217,
            -16.6947811
          ],
          [
            -151.0294926,
            -16.6939348
          ],
          [
            -151.0291225,
            -16.6931332
          ]
        ]
      }
    },
    {
      "type": "Feature",
      "properties": {
        "highway": "service",
        "name": ""
      },
      "geometry": {
        "type": "LineString",
        "coordinates": [
          [
            -151.0346639,
            -16.7239313
          ],
          [
            -151.0341355,
            -16.7235549
          ],
          [
            -151.0341248,
            -16.7235036
          ],
          [
            -151.0341409,
            -16.7234702
          ],
          [
            -151.0341717,
            -16.7234522
          ],
          [
            -151.0342039,
            -16.7234509
          ],
          [
            -151.0343608,
            -16.7234702
          ],
          [
            -151.0344467,
            -16.7234496
          ],
          [
            -151.0344628,
            -16.7234047
          ],
          [
            -151.0344641,
            -16.7233559
          ],
          [
            -151.0344198,
            -16.7232878
          ],
          [
            -151.0343045,
            -16.7232390
          ],
          [
            -151.0341999,
            -16.7232544
          ],
          [
            -151.0341382,
            -16.7232852
          ],
          [
            -151.0340685,
            -16.7232968
          ],
          [
            -151.0340108,
            -16.7232814
          ],
          [
            -151.0339142,
            -16.7232184
          ],
          [
            -151.0338458,
            -16.7231015
          ],
          [
            -151.0334168,
            -16.7222814
          ]
        ]
      }
    },
    {
      "type": "Feature",
      "properties": {
        "highway": "residential",
        "name": ""
      },
      "geometry": {
        "type": "LineString",
        "coordinates": [
          [
            -151.0315628,
            -16.7223075
          ],
          [
            -151.0313138,
            -16.7224067
          ],
          [
            -151.0311368,
            -16.7225197
          ],
          [
            -151.0302892,
            -16.7231850
          ],
          [
            -151.0300130,
            -16.7233957
          ],
          [
            -151.0295677,
            -16.7239043
          ]
        ]
      }
    },
    {
      "type": "Feature",
      "properties": {
        "highway": "residential",
        "name": ""
      },
      "geometry": {
        "type": "LineString",
        "coordinates": [
          [
            -151.0277465,
            -16.7240507
          ],
          [
            -151.0273683,
            -16.7240147
          ],
          [
            -151.0272691,
            -16.7239428
          ],
          [
            -151.0272262,
            -16.7238632
          ],
          [
            -151.0272422,
            -16.7237707
          ],
          [
            -151.0274327,
            -16.7233828
          ],
          [
            -151.0275131,
            -16.7232698
          ],
          [
            -151.0277304,
            -16.7231388
          ],
          [
            -151.0277894,
            -16.7230694
          ],
          [
            -151.0278001,
            -16.7229847
          ],
          [
            -151.0277733,
            -16.7229127
          ],
          [
            -151.0276473,
            -16.7227560
          ],
          [
            -151.0274541,
            -16.7226661
          ],
          [
            -151.0273951,
            -16.7225865
          ],
          [
            -151.0273844,
            -16.7224992
          ],
          [
            -151.0274059,
            -16.7224427
          ],
          [
            -151.0274407,
            -16.7224144
          ],
          [
            -151.0277090,
            -16.7223425
          ],
          [
            -151.0277250,
            -16.7223091
          ],
          [
            -151.0277143,
            -16.7222628
          ],
          [
            -151.0276741,
            -16.7222397
          ],
          [
            -151.0273844,
            -16.7221960
          ],
          [
            -151.0272476,
            -16.7222166
          ],
          [
            -151.0271055,
            -16.7223116
          ],
          [
            -151.0270357,
            -16.7223476
          ],
          [
            -151.0269338,
            -16.7223630
          ],
          [
            -151.0267836,
            -16.7223579
          ],
          [
            -151.0266253,
            -16.7223373
          ],
          [
            -151.0264751,
            -16.7222500
          ]
        ]
      }
    },
    {
      "type": "Feature",
      "properties": {
        "highway": "residential",
        "name": ""
      },
      "geometry": {
        "type": "LineString",
        "coordinates": [
          [
            -151.0310151,
            -16.7213154
          ],
          [
            -151.0309249,
            -16.7212957
          ],
          [
            -151.0308988,
            -16.7212931
          ],
          [
            -151.0308666,
            -16.7212957
          ],
          [
            -151.0303161,
            -16.7214665
          ],
          [
            -151.0302322,
            -16.7215262
          ],
          [
            -151.0301156,
            -16.7216393
          ],
          [
            -151.0300116,
            -16.7217125
          ],
          [
            -151.0298460,
            -16.7217786
          ],
          [
            -151.0297582,
            -16.7218088
          ],
          [
            -151.0296824,
            -16.7218525
          ],
          [
            -151.0296341,
            -16.7218987
          ],
          [
            -151.0294303,
            -16.7221248
          ],
          [
            -151.0293511,
            -16.7221716
          ],
          [
            -151.0291285,
            -16.7222802
          ],
          [
            -151.0290078,
            -16.7223688
          ],
          [
            -151.0289441,
            -16.7224311
          ],
          [
            -151.0288864,
            -16.7224972
          ],
          [
            -151.0287590,
            -16.7227188
          ],
          [
            -151.0287376,
            -16.7227792
          ],
          [
            -151.0287282,
            -16.7228434
          ],
          [
            -151.0287336,
            -16.7234303
          ],
          [
            -151.0287094,
            -16.7234920
          ],
          [
            -151.0286826,
            -16.7235280
          ],
          [
            -151.0277465,
            -16.7240507
          ],
          [
            -151.0276781,
            -16.7241380
          ],
          [
            -151.0276258,
            -16.7242344
          ],
          [
            -151.0276258,
            -16.7243243
          ],
          [
            -151.0277344,
            -16.7246736
          ],
          [
            -151.0277183,
            -16.7247416
          ],
          [
            -151.0276915,
            -16.7248008
          ],
          [
            -151.0275494,
            -16.7249960
          ],
          [
            -151.0273174,
            -16.7254686
          ],
          [
            -151.0266521,
            -16.7262855
          ],
          [
            -151.0263055,
            -16.7266136
          ],
          [
            -151.0259032,
            -16.7269090
          ],
          [
            -151.0255411,
            -16.7270811
          ],
          [
            -151.0252755,
            -16.7271376
          ]
        ]
      }
    },
    {
      "type": "Feature",
      "properties": {
        "highway": "service",
        "name": ""
      },
      "geometry": {
        "type": "LineString",
        "coordinates": [
          [
            -151.0308157,
            -16.7225554
          ],
          [
            -151.0306098,
            -16.7223309
          ]
        ]
      }
    },
    {
      "type": "Feature",
      "properties": {
        "highway": "service",
        "name": ""
      },
      "geometry": {
        "type": "LineString",
        "coordinates": [
          [
            -151.0313471,
            -16.7220277
          ],
          [
            -151.0311086,
            -16.7223091
          ],
          [
            -151.0308157,
            -16.7225554
          ],
          [
            -151.0304716,
            -16.7228447
          ],
          [
            -151.0304475,
            -16.7228549
          ],
          [
            -151.0304314,
            -16.7228524
          ],
          [
            -151.0304140,
            -16.7228460
          ],
          [
            -151.0302074,
            -16.7226032
          ]
        ]
      }
    },
    {
      "type": "Feature",
      "properties": {
        "highway": "service",
        "name": ""
      },
      "geometry": {
        "type": "LineString",
        "coordinates": [
          [
            -151.0317540,
            -16.7224778
          ],
          [
            -151.0321721,
            -16.7222269
          ],
          [
            -151.0321949,
            -16.7222038
          ],
          [
            -151.0321936,
            -16.7221716
          ],
          [
            -151.0321856,
            -16.7221434
          ],
          [
            -151.0320514,
            -16.7219225
          ]
        ]
      }
    },
    {
      "type": "Feature",
      "properties": {
        "highway": "service",
        "name": ""
      },
      "geometry": {
        "type": "LineString",
        "coordinates": [
          [
            -151.0295898,
            -16.7016361
          ],
          [
            -151.0294578,
            -16.7013715
          ],
          [
            -151.0293656,
            -16.7012749
          ],
          [
            -151.0289776,
            -16.7011103
          ],
          [
            -151.0289535,
            -16.7010795
          ],
          [
            -151.0289454,
            -16.7010461
          ],
          [
            -151.0289481,
            -16.7010153
          ],
          [
            -151.0290393,
            -16.7007866
          ],
          [
            -151.0290313,
            -16.7007481
          ],
          [
            -151.0290125,
            -16.7007224
          ],
          [
            -151.0288655,
            -16.7006481
          ]
        ]
      }
    },
    {
      "type": "Feature",
      "properties": {
        "highway": "service",
        "name": ""
      },
      "geometry": {
        "type": "LineString",
        "coordinates": [
          [
            -151.0371511,
            -16.7039239
          ],
          [
            -151.0368419,
            -16.7041495
          ]
        ]
      }
    },
    {
      "type": "Feature",
      "properties": {
        "highway": "residential",
        "name": ""
      },
      "geometry": {
        "type": "LineString",
        "coordinates": [
          [
            -151.0371745,
            -16.7039594
          ],
          [
            -151.0371511,
            -16.7039239
          ],
          [
            -151.0365775,
            -16.7030517
          ]
        ]
      }
    },
    {
      "type": "Feature",
      "properties": {
        "highway": "service",
        "name": ""
      },
      "geometry": {
        "type": "LineString",
        "coordinates": [
          [
            -151.0348959,
            -16.7040390
          ],
          [
            -151.0334146,
            -16.7050209
          ]
        ]
      }
    },
    {
      "type": "Feature",
      "properties": {
        "highway": "service",
        "name": ""
      },
      "geometry": {
        "type": "LineString",
        "coordinates": [
          [
            -151.0381655,
            -16.7103164
          ],
          [
            -151.0377452,
            -16.7104294
          ]
        ]
      }
    },
    {
      "type": "Feature",
      "properties": {
        "highway": "track",
        "name": ""
      },
      "geometry": {
        "type": "LineString",
        "coordinates": [
          [
            -151.0267315,
            -16.6905860
          ],
          [
            -151.0266347,
            -16.6905203
          ],
          [
            -151.0265878,
            -16.6905049
          ],
          [
            -151.0263410,
            -16.6904767
          ],
          [
            -151.0262901,
            -16.6904574
          ],
          [
            -151.0262646,
            -16.6904176
          ],
          [
            -151.0262659,
            -16.6903842
          ],
          [
            -151.0263595,
            -16.6899863
          ]
        ]
      }
    },
    {
      "type": "Feature",
      "properties": {
        "highway": "residential",
        "name": ""
      },
      "geometry": {
        "type": "LineString",
        "coordinates": [
          [
            -151.0333660,
            -16.6936043
          ],
          [
            -151.0327756,
            -16.6924601
          ]
        ]
      }
    },
    {
      "type": "Feature",
      "properties": {
        "highway": "path",
        "name": ""
      },
      "geometry": {
        "type": "LineString",
        "coordinates": [
          [
            -151.0042227,
            -16.7466366
          ],
          [
            -151.0042745,
            -16.7457811
          ],
          [
            -151.0042879,
            -16.7457221
          ]
        ]
      }
    },
    {
      "type": "Feature",
      "properties": {
        "highway": "service",
        "name": ""
      },
      "geometry": {
        "type": "LineString",
        "coordinates": [
          [
            -151.0059107,
            -16.7468465
          ],
          [
            -151.0058651,
            -16.7456861
          ],
          [
            -151.0058376,
            -16.7456186
          ],
          [
            -151.0058068,
            -16.7454696
          ],
          [
            -151.0058363,
            -16.7453836
          ],
          [
            -151.0058939,
            -16.7453361
          ],
          [
            -151.0059878,
            -16.7452911
          ]
        ]
      }
    },
    {
      "type": "Feature",
      "properties": {
        "highway": "residential",
        "name": ""
      },
      "geometry": {
        "type": "LineString",
        "coordinates": [
          [
            -150.9990647,
            -16.6982961
          ],
          [
            -150.9990522,
            -16.6982008
          ],
          [
            -150.9990388,
            -16.6981687
          ],
          [
            -150.9989007,
            -16.6979927
          ],
          [
            -150.9988819,
            -16.6979658
          ],
          [
            -150.9988551,
            -16.6978257
          ]
        ]
      }
    },
    {
      "type": "Feature",
      "properties": {
        "highway": "unclassified",
        "name": ""
      },
      "geometry": {
        "type": "LineString",
        "coordinates": [
          [
            -151.0238548,
            -16.7458847
          ],
          [
            -151.0236535,
            -16.7458993
          ],
          [
            -151.0234416,
            -16.7459224
          ],
          [
            -151.0231385,
            -16.7460097
          ],
          [
            -151.0227254,
            -16.7461613
          ],
          [
            -151.0224786,
            -16.7461536
          ],
          [
            -151.0222158,
            -16.7460996
          ],
          [
            -151.0219985,
            -16.7459224
          ],
          [
            -151.0219100,
            -16.7457375
          ],
          [
            -151.0217732,
            -16.7452212
          ],
          [
            -151.0215908,
            -16.7448616
          ],
          [
            -151.0214582,
            -16.7446949
          ],
          [
            -151.0212851,
            -16.7446330
          ],
          [
            -151.0208747,
            -16.7445097
          ],
          [
            -151.0205126,
            -16.7443043
          ],
          [
            -151.0200378,
            -16.7439498
          ],
          [
            -151.0198233,
            -16.7437109
          ],
          [
            -151.0197133,
            -16.7436621
          ],
          [
            -151.0192814,
            -16.7436878
          ],
          [
            -151.0189676,
            -16.7437109
          ],
          [
            -151.0187477,
            -16.7436365
          ],
          [
            -151.0185117,
            -16.7435389
          ],
          [
            -151.0183722,
            -16.7434926
          ],
          [
            -151.0181603,
            -16.7434413
          ],
          [
            -151.0180262,
            -16.7433437
          ],
          [
            -151.0177580,
            -16.7430406
          ],
          [
            -151.0177070,
            -16.7428967
          ],
          [
            -151.0176829,
            -16.7427272
          ],
          [
            -151.0176212,
            -16.7426296
          ],
          [
            -151.0173073,
            -16.7423522
          ],
          [
            -151.0171974,
            -16.7422983
          ],
          [
            -151.0170928,
            -16.7423163
          ],
          [
            -151.0165054,
            -16.7427169
          ],
          [
            -151.0164410,
            -16.7427272
          ],
          [
            -151.0163739,
            -16.7426938
          ],
          [
            -151.0163310,
            -16.7426065
          ],
          [
            -151.0162479,
            -16.7422752
          ],
          [
            -151.0162103,
            -16.7421930
          ],
          [
            -151.0160199,
            -16.7420954
          ],
          [
            -151.0159662,
            -16.7420466
          ],
          [
            -151.0158402,
            -16.7417409
          ],
          [
            -151.0157731,
            -16.7416279
          ],
          [
            -151.0156471,
            -16.7415200
          ],
          [
            -151.0156122,
            -16.7414327
          ],
          [
            -151.0155961,
            -16.7412760
          ],
          [
            -151.0155720,
            -16.7412298
          ],
          [
            -151.0154754,
            -16.7412067
          ],
          [
            -151.0152957,
            -16.7412709
          ],
          [
            -151.0151240,
            -16.7413043
          ],
          [
            -151.0150006,
            -16.7412683
          ],
          [
            -151.0148397,
            -16.7411013
          ],
          [
            -151.0147297,
            -16.7410217
          ],
          [
            -151.0145152,
            -16.7409601
          ],
          [
            -151.0143167,
            -16.7408882
          ],
          [
            -151.0141289,
            -16.7407084
          ],
          [
            -151.0140297,
            -16.7404438
          ],
          [
            -151.0139707,
            -16.7400534
          ],
          [
            -151.0138741,
            -16.7397554
          ],
          [
            -151.0137749,
            -16.7396476
          ],
          [
            -151.0133430,
            -16.7393753
          ]
        ]
      }
    },
    {
      "type": "Feature",
      "properties": {
        "highway": "primary",
        "name": ""
      },
      "geometry": {
        "type": "LineString",
        "coordinates": [
          [
            -151.0208139,
            -16.7486071
          ],
          [
            -151.0208129,
            -16.7484443
          ],
          [
            -151.0208850,
            -16.7482177
          ],
          [
            -151.0210283,
            -16.7480402
          ],
          [
            -151.0211361,
            -16.7479391
          ],
          [
            -151.0212871,
            -16.7478233
          ],
          [
            -151.0215646,
            -16.7476712
          ],
          [
            -151.0224408,
            -16.7472835
          ],
          [
            -151.0229024,
            -16.7467499
          ],
          [
            -151.0233809,
            -16.7463052
          ],
          [
            -151.0238548,
            -16.7458847
          ],
          [
            -151.0242900,
            -16.7456640
          ],
          [
            -151.0249989,
            -16.7453406
          ],
          [
            -151.0259466,
            -16.7447845
          ],
          [
            -151.0262625,
            -16.7444845
          ],
          [
            -151.0264291,
            -16.7441392
          ],
          [
            -151.0265766,
            -16.7437835
          ],
          [
            -151.0268397,
            -16.7434791
          ],
          [
            -151.0274054,
            -16.7428635
          ],
          [
            -151.0278541,
            -16.7423753
          ],
          [
            -151.0281660,
            -16.7420247
          ],
          [
            -151.0283459,
            -16.7418933
          ],
          [
            -151.0286310,
            -16.7416887
          ],
          [
            -151.0288920,
            -16.7414823
          ],
          [
            -151.0290586,
            -16.7412909
          ],
          [
            -151.0294188,
            -16.7408138
          ],
          [
            -151.0294819,
            -16.7406474
          ],
          [
            -151.0295031,
            -16.7404812
          ],
          [
            -151.0295160,
            -16.7399637
          ],
          [
            -151.0295851,
            -16.7396483
          ],
          [
            -151.0296007,
            -16.7395822
          ]
        ]
      }
    },
    {
      "type": "Feature",
      "properties": {
        "highway": "primary",
        "name": ""
      },
      "geometry": {
        "type": "LineString",
        "coordinates": [
          [
            -151.0208248,
            -16.7487406
          ],
          [
            -151.0208139,
            -16.7486071
          ]
        ]
      }
    },
    {
      "type": "Feature",
      "properties": {
        "highway": "footway",
        "name": ""
      },
      "geometry": {
        "type": "LineString",
        "coordinates": [
          [
            -151.0379992,
            -16.7095148
          ],
          [
            -151.0379920,
            -16.7094961
          ],
          [
            -151.0379843,
            -16.7093808
          ],
          [
            -151.0380923,
            -16.7093808
          ],
          [
            -151.0381325,
            -16.7093852
          ],
          [
            -151.0381896,
            -16.7094236
          ],
          [
            -151.0383239,
            -16.7094946
          ],
          [
            -151.0385493,
            -16.7096070
          ]
        ]
      }
    },
    {
      "type": "Feature",
      "properties": {
        "highway": "footway",
        "name": ""
      },
      "geometry": {
        "type": "LineString",
        "coordinates": [
          [
            -151.0379349,
            -16.7100384
          ],
          [
            -151.0379256,
            -16.7100251
          ],
          [
            -151.0378793,
            -16.7099925
          ],
          [
            -151.0378052,
            -16.7099903
          ],
          [
            -151.0377859,
            -16.7100058
          ],
          [
            -151.0377612,
            -16.7100857
          ],
          [
            -151.0377566,
            -16.7101914
          ],
          [
            -151.0377913,
            -16.7101848
          ]
        ]
      }
    },
    {
      "type": "Feature",
      "properties": {
        "highway": "footway",
        "name": ""
      },
      "geometry": {
        "type": "LineString",
        "coordinates": [
          [
            -151.0377859,
            -16.7100058
          ],
          [
            -151.0377488,
            -16.7099696
          ],
          [
            -151.0376871,
            -16.7099704
          ],
          [
            -151.0376678,
            -16.7099859
          ],
          [
            -151.0376238,
            -16.7100229
          ],
          [
            -151.0376022,
            -16.7100509
          ],
          [
            -151.0376014,
            -16.7100835
          ],
          [
            -151.0375921,
            -16.7101094
          ],
          [
            -151.0376138,
            -16.7101301
          ]
        ]
      }
    },
    {
      "type": "Feature",
      "properties": {
        "highway": "footway",
        "name": ""
      },
      "geometry": {
        "type": "LineString",
        "coordinates": [
          [
            -151.0374331,
            -16.7100007
          ],
          [
            -151.0374262,
            -16.7099933
          ],
          [
            -151.0373992,
            -16.7099874
          ],
          [
            -151.0374023,
            -16.7099578
          ],
          [
            -151.0374725,
            -16.7098979
          ],
          [
            -151.0374964,
            -16.7098750
          ],
          [
            -151.0373615,
            -16.7097501
          ]
        ]
      }
    },
    {
      "type": "Feature",
      "properties": {
        "highway": "footway",
        "name": ""
      },
      "geometry": {
        "type": "LineString",
        "coordinates": [
          [
            -151.0372752,
            -16.7098297
          ],
          [
            -151.0373615,
            -16.7097501
          ],
          [
            -151.0373550,
            -16.7097430
          ],
          [
            -151.0373320,
            -16.7096908
          ],
          [
            -151.0373106,
            -16.7096542
          ],
          [
            -151.0372851,
            -16.7096208
          ],
          [
            -151.0372563,
            -16.7095996
          ],
          [
            -151.0372065,
            -16.7095688
          ]
        ]
      }
    },
    {
      "type": "Feature",
      "properties": {
        "highway": "footway",
        "name": ""
      },
      "geometry": {
        "type": "LineString",
        "coordinates": [
          [
            -151.0369616,
            -16.7095770
          ],
          [
            -151.0369781,
            -16.7095481
          ],
          [
            -151.0369936,
            -16.7095230
          ],
          [
            -151.0369295,
            -16.7094680
          ],
          [
            -151.0368743,
            -16.7094067
          ],
          [
            -151.0368809,
            -16.7093633
          ],
          [
            -151.0369682,
            -16.7092829
          ],
          [
            -151.0369704,
            -16.7092427
          ],
          [
            -151.0369196,
            -16.7091994
          ],
          [
            -151.0369406,
            -16.7091433
          ],
          [
            -151.0369638,
            -16.7090751
          ]
        ]
      }
    },
    {
      "type": "Feature",
      "properties": {
        "highway": "path",
        "name": ""
      },
      "geometry": {
        "type": "LineString",
        "coordinates": [
          [
            -151.0042879,
            -16.7457221
          ],
          [
            -151.0043938,
            -16.7456379
          ],
          [
            -151.0049108,
            -16.7453769
          ]
        ]
      }
    },
    {
      "type": "Feature",
      "properties": {
        "highway": "path",
        "name": ""
      },
      "geometry": {
        "type": "LineString",
        "coordinates": [
          [
            -151.0045785,
            -16.7466621
          ],
          [
            -151.0046081,
            -16.7461594
          ]
        ]
      }
    },
    {
      "type": "Feature",
      "properties": {
        "highway": "footway",
        "name": ""
      },
      "geometry": {
        "type": "LineString",
        "coordinates": [
          [
            -151.0367695,
            -16.7095201
          ],
          [
            -151.0367026,
            -16.7095232
          ],
          [
            -151.0366949,
            -16.7094991
          ],
          [
            -151.0367212,
            -16.7094738
          ],
          [
            -151.0367888,
            -16.7094300
          ],
          [
            -151.0368365,
            -16.7094202
          ],
          [
            -151.0368743,
            -16.7094067
          ]
        ]
      }
    },
    {
      "type": "Feature",
      "properties": {
        "highway": "footway",
        "name": ""
      },
      "geometry": {
        "type": "LineString",
        "coordinates": [
          [
            -151.0428451,
            -16.7645841
          ],
          [
            -151.0431049,
            -16.7647798
          ],
          [
            -151.0432755,
            -16.7649084
          ]
        ]
      }
    },
    {
      "type": "Feature",
      "properties": {
        "highway": "footway",
        "name": ""
      },
      "geometry": {
        "type": "LineString",
        "coordinates": [
          [
            -151.0431049,
            -16.7647798
          ],
          [
            -151.0433346,
            -16.7645677
          ],
          [
            -151.0434908,
            -16.7646023
          ],
          [
            -151.0436678,
            -16.7646258
          ],
          [
            -151.0438446,
            -16.7647578
          ],
          [
            -151.0438246,
            -16.7648492
          ],
          [
            -151.0437530,
            -16.7649213
          ],
          [
            -151.0437833,
            -16.7650952
          ],
          [
            -151.0437477,
            -16.7652292
          ],
          [
            -151.0435527,
            -16.7651931
          ],
          [
            -151.0435232,
            -16.7650840
          ],
          [
            -151.0433510,
            -16.7651067
          ],
          [
            -151.0430881,
            -16.7650488
          ],
          [
            -151.0430926,
            -16.7648673
          ]
        ]
      }
    },
    {
      "type": "Feature",
      "properties": {
        "highway": "footway",
        "name": ""
      },
      "geometry": {
        "type": "LineString",
        "coordinates": [
          [
            -151.0437477,
            -16.7652292
          ],
          [
            -151.0437041,
            -16.7654404
          ]
        ]
      }
    },
    {
      "type": "Feature",
      "properties": {
        "highway": "footway",
        "name": ""
      },
      "geometry": {
        "type": "LineString",
        "coordinates": [
          [
            -151.0438446,
            -16.7647578
          ],
          [
            -151.0439529,
            -16.7648378
          ],
          [
            -151.0440973,
            -16.7649879
          ],
          [
            -151.0442333,
            -16.7651748
          ],
          [
            -151.0442488,
            -16.7652280
          ],
          [
            -151.0443862,
            -16.7653053
          ],
          [
            -151.0444493,
            -16.7654801
          ],
          [
            -151.0444817,
            -16.7653861
          ]
        ]
      }
    },
    {
      "type": "Feature",
      "properties": {
        "highway": "footway",
        "name": ""
      },
      "geometry": {
        "type": "LineString",
        "coordinates": [
          [
            -151.0444493,
            -16.7654801
          ],
          [
            -151.0446228,
            -16.7655724
          ],
          [
            -151.0448079,
            -16.7655733
          ]
        ]
      }
    },
    {
      "type": "Feature",
      "properties": {
        "highway": "footway",
        "name": ""
      },
      "geometry": {
        "type": "LineString",
        "coordinates": [
          [
            -151.0438446,
            -16.7647578
          ],
          [
            -151.0439085,
            -16.7646168
          ],
          [
            -151.0438886,
            -16.7645688
          ],
          [
            -151.0438396,
            -16.7645041
          ],
          [
            -151.0438125,
            -16.7644645
          ],
          [
            -151.0438334,
            -16.7644299
          ],
          [
            -151.0438210,
            -16.7643957
          ],
          [
            -151.0438213,
            -16.7643799
          ],
          [
            -151.0438373,
            -16.7643690
          ]
        ]
      }
    },
    {
      "type": "Feature",
      "properties": {
        "highway": "footway",
        "name": ""
      },
      "geometry": {
        "type": "LineString",
        "coordinates": [
          [
            -151.0382776,
            -16.7100225
          ],
          [
            -151.0381402,
            -16.7099914
          ],
          [
            -151.0380335,
            -16.7100125
          ],
          [
            -151.0380365,
            -16.7100783
          ]
        ]
      }
    },
    {
      "type": "Feature",
      "properties": {
        "highway": "footway",
        "name": ""
      },
      "geometry": {
        "type": "LineString",
        "coordinates": [
          [
            -151.0380335,
            -16.7100125
          ],
          [
            -151.0379349,
            -16.7100384
          ],
          [
            -151.0379720,
            -16.7100946
          ]
        ]
      }
    },
    {
      "type": "Feature",
      "properties": {
        "highway": "footway",
        "name": ""
      },
      "geometry": {
        "type": "LineString",
        "coordinates": [
          [
            -151.0377180,
            -16.7098920
          ],
          [
            -151.0376840,
            -16.7099031
          ],
          [
            -151.0376608,
            -16.7099245
          ],
          [
            -151.0376524,
            -16.7099460
          ],
          [
            -151.0376871,
            -16.7099704
          ]
        ]
      }
    },
    {
      "type": "Feature",
      "properties": {
        "highway": "footway",
        "name": ""
      },
      "geometry": {
        "type": "LineString",
        "coordinates": [
          [
            -151.0375373,
            -16.7098646
          ],
          [
            -151.0375174,
            -16.7098932
          ],
          [
            -151.0374594,
            -16.7099785
          ],
          [
            -151.0374331,
            -16.7100007
          ],
          [
            -151.0374488,
            -16.7100252
          ]
        ]
      }
    },
    {
      "type": "Feature",
      "properties": {
        "highway": "footway",
        "name": ""
      },
      "geometry": {
        "type": "LineString",
        "coordinates": [
          [
            -151.0373550,
            -16.7097430
          ],
          [
            -151.0373876,
            -16.7097168
          ]
        ]
      }
    },
    {
      "type": "Feature",
      "properties": {
        "highway": "footway",
        "name": ""
      },
      "geometry": {
        "type": "LineString",
        "coordinates": [
          [
            -151.0370697,
            -16.7096916
          ],
          [
            -151.0371047,
            -16.7096713
          ],
          [
            -151.0371533,
            -16.7096327
          ],
          [
            -151.0372065,
            -16.7095688
          ],
          [
            -151.0371559,
            -16.7095473
          ],
          [
            -151.0370742,
            -16.7095325
          ],
          [
            -151.0370245,
            -16.7095283
          ],
          [
            -151.0369781,
            -16.7095481
          ]
        ]
      }
    },
    {
      "type": "Feature",
      "properties": {
        "highway": "footway",
        "name": ""
      },
      "geometry": {
        "type": "LineString",
        "coordinates": [
          [
            -151.0376524,
            -16.7099460
          ],
          [
            -151.0375929,
            -16.7099260
          ],
          [
            -151.0375174,
            -16.7098932
          ]
        ]
      }
    },
    {
      "type": "Feature",
      "properties": {
        "highway": "footway",
        "name": ""
      },
      "geometry": {
        "type": "LineString",
        "coordinates": [
          [
            -151.0379920,
            -16.7094961
          ],
          [
            -151.0379204,
            -16.7094337
          ],
          [
            -151.0379459,
            -16.7093531
          ],
          [
            -151.0378275,
            -16.7093335
          ],
          [
            -151.0377317,
            -16.7093005
          ],
          [
            -151.0376244,
            -16.7092089
          ],
          [
            -151.0375070,
            -16.7090769
          ],
          [
            -151.0373386,
            -16.7090354
          ],
          [
            -151.0372059,
            -16.7089132
          ],
          [
            -151.0371319,
            -16.7088472
          ],
          [
            -151.0370870,
            -16.7088727
          ],
          [
            -151.0369858,
            -16.7089184
          ],
          [
            -151.0369638,
            -16.7090751
          ]
        ]
      }
    },
    {
      "type": "Feature",
      "properties": {
        "highway": "footway",
        "name": ""
      },
      "geometry": {
        "type": "LineString",
        "coordinates": [
          [
            -151.0441556,
            -16.7642198
          ],
          [
            -151.0438373,
            -16.7643690
          ]
        ]
      }
    },
    {
      "type": "Feature",
      "properties": {
        "highway": "footway",
        "name": ""
      },
      "geometry": {
        "type": "LineString",
        "coordinates": [
          [
            -151.0449826,
            -16.7658804
          ],
          [
            -151.0452198,
            -16.7658244
          ],
          [
            -151.0453338,
            -16.7657978
          ],
          [
            -151.0454536,
            -16.7654378
          ],
          [
            -151.0455002,
            -16.7652993
          ],
          [
            -151.0454940,
            -16.7652108
          ]
        ]
      }
    },
    {
      "type": "Feature",
      "properties": {
        "highway": "footway",
        "name": ""
      },
      "geometry": {
        "type": "LineString",
        "coordinates": [
          [
            -151.0453338,
            -16.7657978
          ],
          [
            -151.0455970,
            -16.7660992
          ],
          [
            -151.0457005,
            -16.7662168
          ],
          [
            -151.0457344,
            -16.7662817
          ]
        ]
      }
    },
    {
      "type": "Feature",
      "properties": {
        "highway": "footway",
        "name": ""
      },
      "geometry": {
        "type": "LineString",
        "coordinates": [
          [
            -151.0453338,
            -16.7657978
          ],
          [
            -151.0456450,
            -16.7657359
          ],
          [
            -151.0457713,
            -16.7657683
          ]
        ]
      }
    },
    {
      "type": "Feature",
      "properties": {
        "highway": "footway",
        "name": ""
      },
      "geometry": {
        "type": "LineString",
        "coordinates": [
          [
            -151.0454536,
            -16.7654378
          ],
          [
            -151.0456234,
            -16.7654084
          ],
          [
            -151.0456758,
            -16.7654320
          ]
        ]
      }
    },
    {
      "type": "Feature",
      "properties": {
        "highway": "footway",
        "name": ""
      },
      "geometry": {
        "type": "LineString",
        "coordinates": [
          [
            -151.0455002,
            -16.7652993
          ],
          [
            -151.0455896,
            -16.7652285
          ]
        ]
      }
    },
    {
      "type": "Feature",
      "properties": {
        "highway": "footway",
        "name": ""
      },
      "geometry": {
        "type": "LineString",
        "coordinates": [
          [
            -151.0456234,
            -16.7654084
          ],
          [
            -151.0456789,
            -16.7653612
          ]
        ]
      }
    },
    {
      "type": "Feature",
      "properties": {
        "highway": "footway",
        "name": ""
      },
      "geometry": {
        "type": "LineString",
        "coordinates": [
          [
            -151.0456450,
            -16.7657359
          ],
          [
            -151.0457621,
            -16.7657093
          ],
          [
            -151.0458145,
            -16.7657329
          ]
        ]
      }
    },
    {
      "type": "Feature",
      "properties": {
        "highway": "footway",
        "name": ""
      },
      "geometry": {
        "type": "LineString",
        "coordinates": [
          [
            -151.0456450,
            -16.7657359
          ],
          [
            -151.0457713,
            -16.7656621
          ]
        ]
      }
    },
    {
      "type": "Feature",
      "properties": {
        "highway": "footway",
        "name": ""
      },
      "geometry": {
        "type": "LineString",
        "coordinates": [
          [
            -151.0455970,
            -16.7660992
          ],
          [
            -151.0457251,
            -16.7660574
          ],
          [
            -151.0457713,
            -16.7660220
          ]
        ]
      }
    },
    {
      "type": "Feature",
      "properties": {
        "highway": "footway",
        "name": ""
      },
      "geometry": {
        "type": "LineString",
        "coordinates": [
          [
            -151.0457251,
            -16.7660574
          ],
          [
            -151.0458021,
            -16.7661046
          ]
        ]
      }
    },
    {
      "type": "Feature",
      "properties": {
        "highway": "footway",
        "name": ""
      },
      "geometry": {
        "type": "LineString",
        "coordinates": [
          [
            -151.0457005,
            -16.7662168
          ],
          [
            -151.0457806,
            -16.7662492
          ]
        ]
      }
    },
    {
      "type": "Feature",
      "properties": {
        "highway": "footway",
        "name": ""
      },
      "geometry": {
        "type": "LineString",
        "coordinates": [
          [
            -151.0449826,
            -16.7658804
          ],
          [
            -151.0449857,
            -16.7658126
          ]
        ]
      }
    },
    {
      "type": "Feature",
      "properties": {
        "highway": "footway",
        "name": ""
      },
      "geometry": {
        "type": "LineString",
        "coordinates": [
          [
            -151.0449826,
            -16.7658804
          ],
          [
            -151.0450411,
            -16.7659896
          ]
        ]
      }
    },
    {
      "type": "Feature",
      "properties": {
        "highway": "track",
        "name": ""
      },
      "geometry": {
        "type": "LineString",
        "coordinates": [
          [
            -151.0093328,
            -16.6860046
          ],
          [
            -151.0092682,
            -16.6855313
          ],
          [
            -151.0092736,
            -16.6854479
          ]
        ]
      }
    },
    {
      "type": "Feature",
      "properties": {
        "highway": "track",
        "name": ""
      },
      "geometry": {
        "type": "LineString",
        "coordinates": [
          [
            -151.0089936,
            -16.6852378
          ],
          [
            -151.0088605,
            -16.6852718
          ],
          [
            -151.0087264,
            -16.6852384
          ],
          [
            -151.0084984,
            -16.6851742
          ],
          [
            -151.0083187,
            -16.6851099
          ],
          [
            -151.0081792,
            -16.6850894
          ],
          [
            -151.0080209,
            -16.6850894
          ],
          [
            -151.0079271,
            -16.6851177
          ],
          [
            -151.0078707,
            -16.6851433
          ],
          [
            -151.0078225,
            -16.6852410
          ],
          [
            -151.0078144,
            -16.6853515
          ],
          [
            -151.0078359,
            -16.6855236
          ],
          [
            -151.0078546,
            -16.6856803
          ],
          [
            -151.0079190,
            -16.6858114
          ],
          [
            -151.0079600,
            -16.6858899
          ]
        ]
      }
    },
    {
      "type": "Feature",
      "properties": {
        "highway": "track",
        "name": ""
      },
      "geometry": {
        "type": "LineString",
        "coordinates": [
          [
            -151.0078225,
            -16.6852410
          ],
          [
            -151.0077849,
            -16.6851639
          ],
          [
            -151.0076830,
            -16.6850868
          ],
          [
            -151.0075676,
            -16.6851125
          ],
          [
            -151.0074148,
            -16.6851151
          ],
          [
            -151.0072994,
            -16.6851279
          ],
          [
            -151.0072538,
            -16.6851511
          ]
        ]
      }
    },
    {
      "type": "Feature",
      "properties": {
        "highway": "residential",
        "name": ""
      },
      "geometry": {
        "type": "LineString",
        "coordinates": [
          [
            -151.0352799,
            -16.7112119
          ],
          [
            -151.0349820,
            -16.7111830
          ],
          [
            -151.0345743,
            -16.7111471
          ],
          [
            -151.0341344,
            -16.7110854
          ]
        ]
      }
    },
    {
      "type": "Feature",
      "properties": {
        "highway": "residential",
        "name": ""
      },
      "geometry": {
        "type": "LineString",
        "coordinates": [
          [
            -151.0369594,
            -16.7250930
          ],
          [
            -151.0367561,
            -16.7251694
          ],
          [
            -151.0365941,
            -16.7252097
          ],
          [
            -151.0364038,
            -16.7252301
          ],
          [
            -151.0362587,
            -16.7252611
          ],
          [
            -151.0361077,
            -16.7253105
          ],
          [
            -151.0359560,
            -16.7253665
          ],
          [
            -151.0358407,
            -16.7253858
          ],
          [
            -151.0357763,
            -16.7253729
          ],
          [
            -151.0357468,
            -16.7253447
          ],
          [
            -151.0357120,
            -16.7252984
          ],
          [
            -151.0356664,
            -16.7252740
          ],
          [
            -151.0356194,
            -16.7252612
          ],
          [
            -151.0355859,
            -16.7252715
          ],
          [
            -151.0355631,
            -16.7253036
          ]
        ]
      }
    },
    {
      "type": "Feature",
      "properties": {
        "highway": "residential",
        "name": ""
      },
      "geometry": {
        "type": "LineString",
        "coordinates": [
          [
            -151.0302610,
            -16.7381104
          ],
          [
            -151.0299664,
            -16.7379298
          ],
          [
            -151.0297965,
            -16.7377332
          ],
          [
            -151.0296667,
            -16.7376258
          ],
          [
            -151.0295536,
            -16.7376010
          ],
          [
            -151.0294978,
            -16.7376312
          ],
          [
            -151.0294777,
            -16.7377407
          ]
        ]
      }
    },
    {
      "type": "Feature",
      "properties": {
        "highway": "service",
        "name": ""
      },
      "geometry": {
        "type": "LineString",
        "coordinates": [
          [
            -151.0294978,
            -16.7376312
          ],
          [
            -151.0294338,
            -16.7376449
          ],
          [
            -151.0292786,
            -16.7377758
          ],
          [
            -151.0291597,
            -16.7378378
          ],
          [
            -151.0290785,
            -16.7378149
          ],
          [
            -151.0290639,
            -16.7377705
          ]
        ]
      }
    },
    {
      "type": "Feature",
      "properties": {
        "highway": "service",
        "name": ""
      },
      "geometry": {
        "type": "LineString",
        "coordinates": [
          [
            -151.0135143,
            -16.7927921
          ],
          [
            -151.0135376,
            -16.7926382
          ],
          [
            -151.0135989,
            -16.7925448
          ]
        ]
      }
    },
    {
      "type": "Feature",
      "properties": {
        "highway": "service",
        "name": ""
      },
      "geometry": {
        "type": "LineString",
        "coordinates": [
          [
            -151.0285791,
            -16.6898433
          ],
          [
            -151.0280903,
            -16.6897626
          ],
          [
            -151.0279655,
            -16.6897215
          ],
          [
            -151.0277521,
            -16.6895697
          ]
        ]
      }
    },
    {
      "type": "Feature",
      "properties": {
        "highway": "footway",
        "name": ""
      },
      "geometry": {
        "type": "LineString",
        "coordinates": [
          [
            -151.0380220,
            -16.7097531
          ],
          [
            -151.0380113,
            -16.7096497
          ]
        ]
      }
    },
    {
      "type": "Feature",
      "properties": {
        "highway": "footway",
        "name": ""
      },
      "geometry": {
        "type": "LineString",
        "coordinates": [
          [
            -151.0380261,
            -16.7098321
          ],
          [
            -151.0380220,
            -16.7097531
          ]
        ]
      }
    },
    {
      "type": "Feature",
      "properties": {
        "highway": "footway",
        "name": ""
      },
      "geometry": {
        "type": "LineString",
        "coordinates": [
          [
            -151.0380113,
            -16.7096497
          ],
          [
            -151.0379992,
            -16.7095148
          ]
        ]
      }
    },
    {
      "type": "Feature",
      "properties": {
        "highway": "footway",
        "name": ""
      },
      "geometry": {
        "type": "LineString",
        "coordinates": [
          [
            -151.0380335,
            -16.7100125
          ],
          [
            -151.0380261,
            -16.7098321
          ]
        ]
      }
    },
    {
      "type": "Feature",
      "properties": {
        "highway": "service",
        "name": ""
      },
      "geometry": {
        "type": "LineString",
        "coordinates": [
          [
            -150.9852482,
            -16.8187631
          ],
          [
            -150.9855193,
            -16.8194979
          ],
          [
            -150.9857250,
            -16.8199742
          ],
          [
            -150.9858298,
            -16.8201496
          ],
          [
            -150.9858934,
            -16.8202141
          ],
          [
            -150.9859869,
            -16.8202141
          ]
        ]
      }
    },
    {
      "type": "Feature",
      "properties": {
        "highway": "service",
        "name": ""
      },
      "geometry": {
        "type": "LineString",
        "coordinates": [
          [
            -151.0298045,
            -16.7003540
          ],
          [
            -151.0297457,
            -16.7001946
          ],
          [
            -151.0295897,
            -16.6998416
          ],
          [
            -151.0295869,
            -16.6997159
          ],
          [
            -151.0296238,
            -16.6995653
          ],
          [
            -151.0297947,
            -16.6989859
          ],
          [
            -151.0300570,
            -16.6982775
          ],
          [
            -151.0300323,
            -16.6980591
          ],
          [
            -151.0300713,
            -16.6978998
          ],
          [
            -151.0302048,
            -16.6975909
          ],
          [
            -151.0306198,
            -16.6968098
          ]
        ]
      }
    },
    {
      "type": "Feature",
      "properties": {
        "highway": "service",
        "name": ""
      },
      "geometry": {
        "type": "LineString",
        "coordinates": [
          [
            -151.0297947,
            -16.6989859
          ],
          [
            -151.0292005,
            -16.6987572
          ],
          [
            -151.0291122,
            -16.6986884
          ],
          [
            -151.0290896,
            -16.6985880
          ],
          [
            -151.0291143,
            -16.6978030
          ]
        ]
      }
    },
    {
      "type": "Feature",
      "properties": {
        "highway": "service",
        "name": ""
      },
      "geometry": {
        "type": "LineString",
        "coordinates": [
          [
            -150.9884468,
            -16.8178360
          ],
          [
            -150.9884173,
            -16.8180696
          ]
        ]
      }
    },
    {
      "type": "Feature",
      "properties": {
        "highway": "residential",
        "name": ""
      },
      "geometry": {
        "type": "LineString",
        "coordinates": [
          [
            -150.9878916,
            -16.8171017
          ],
          [
            -150.9885407,
            -16.8171941
          ]
        ]
      }
    },
    {
      "type": "Feature",
      "properties": {
        "highway": "residential",
        "name": ""
      },
      "geometry": {
        "type": "LineString",
        "coordinates": [
          [
            -150.9875429,
            -16.8176742
          ],
          [
            -150.9877038,
            -16.8177436
          ],
          [
            -150.9877950,
            -16.8177692
          ],
          [
            -150.9879720,
            -16.8177692
          ],
          [
            -150.9881678,
            -16.8177847
          ],
          [
            -150.9884468,
            -16.8178360
          ],
          [
            -150.9886801,
            -16.8178565
          ]
        ]
      }
    },
    {
      "type": "Feature",
      "properties": {
        "highway": "track",
        "name": ""
      },
      "geometry": {
        "type": "LineString",
        "coordinates": [
          [
            -151.0286301,
            -16.6908446
          ],
          [
            -151.0284412,
            -16.6908261
          ],
          [
            -151.0282105,
            -16.6907927
          ],
          [
            -151.0278511,
            -16.6907207
          ],
          [
            -151.0273469,
            -16.6906205
          ],
          [
            -151.0270545,
            -16.6905589
          ],
          [
            -151.0268034,
            -16.6904817
          ]
        ]
      }
    },
    {
      "type": "Feature",
      "properties": {
        "highway": "track",
        "name": ""
      },
      "geometry": {
        "type": "LineString",
        "coordinates": [
          [
            -151.0321854,
            -16.6908281
          ],
          [
            -151.0298759,
            -16.6904621
          ],
          [
            -151.0284187,
            -16.6902073
          ],
          [
            -151.0278377,
            -16.6900784
          ],
          [
            -151.0274971,
            -16.6899911
          ],
          [
            -151.0272888,
            -16.6899546
          ],
          [
            -151.0271613,
            -16.6899506
          ]
        ]
      }
    },
    {
      "type": "Feature",
      "properties": {
        "highway": "track",
        "name": ""
      },
      "geometry": {
        "type": "LineString",
        "coordinates": [
          [
            -151.0285791,
            -16.6898433
          ],
          [
            -151.0286152,
            -16.6899427
          ],
          [
            -151.0286507,
            -16.6900029
          ],
          [
            -151.0287162,
            -16.6900594
          ]
        ]
      }
    },
    {
      "type": "Feature",
      "properties": {
        "highway": "service",
        "name": ""
      },
      "geometry": {
        "type": "LineString",
        "coordinates": [
          [
            -151.0291788,
            -16.7000801
          ],
          [
            -151.0291452,
            -16.7000154
          ],
          [
            -151.0291494,
            -16.6999636
          ],
          [
            -151.0292601,
            -16.6995355
          ]
        ]
      }
    },
    {
      "type": "Feature",
      "properties": {
        "highway": "service",
        "name": ""
      },
      "geometry": {
        "type": "LineString",
        "coordinates": [
          [
            -151.0283850,
            -16.6997064
          ],
          [
            -151.0280796,
            -16.6995265
          ]
        ]
      }
    },
    {
      "type": "Feature",
      "properties": {
        "highway": "residential",
        "name": ""
      },
      "geometry": {
        "type": "LineString",
        "coordinates": [
          [
            -151.0340365,
            -16.7058961
          ],
          [
            -151.0359885,
            -16.7051910
          ],
          [
            -151.0370124,
            -16.7049175
          ],
          [
            -151.0372219,
            -16.7048431
          ],
          [
            -151.0373571,
            -16.7047540
          ],
          [
            -151.0383304,
            -16.7040274
          ],
          [
            -151.0391363,
            -16.7035694
          ]
        ]
      }
    },
    {
      "type": "Feature",
      "properties": {
        "highway": "service",
        "name": ""
      },
      "geometry": {
        "type": "LineString",
        "coordinates": [
          [
            -151.0342846,
            -16.7062076
          ],
          [
            -151.0345687,
            -16.7061122
          ],
          [
            -151.0349724,
            -16.7060403
          ],
          [
            -151.0358521,
            -16.7059221
          ],
          [
            -151.0372308,
            -16.7056370
          ],
          [
            -151.0377914,
            -16.7055059
          ],
          [
            -151.0384297,
            -16.7053056
          ],
          [
            -151.0388119,
            -16.7051570
          ],
          [
            -151.0393087,
            -16.7049143
          ],
          [
            -151.0396044,
            -16.7048091
          ],
          [
            -151.0401164,
            -16.7046699
          ]
        ]
      }
    },
    {
      "type": "Feature",
      "properties": {
        "highway": "service",
        "name": ""
      },
      "geometry": {
        "type": "LineString",
        "coordinates": [
          [
            -151.0377906,
            -16.7022527
          ],
          [
            -151.0381039,
            -16.7026582
          ]
        ]
      }
    },
    {
      "type": "Feature",
      "properties": {
        "highway": "service",
        "name": ""
      },
      "geometry": {
        "type": "LineString",
        "coordinates": [
          [
            -151.0300644,
            -16.7029740
          ],
          [
            -151.0301134,
            -16.7028314
          ],
          [
            -151.0301726,
            -16.7026582
          ],
          [
            -151.0304564,
            -16.7021144
          ],
          [
            -151.0304801,
            -16.7020109
          ],
          [
            -151.0304919,
            -16.7018280
          ]
        ]
      }
    },
    {
      "type": "Feature",
      "properties": {
        "highway": "residential",
        "name": ""
      },
      "geometry": {
        "type": "LineString",
        "coordinates": [
          [
            -151.0330729,
            -16.7044294
          ],
          [
            -151.0337328,
            -16.7039686
          ]
        ]
      }
    },
    {
      "type": "Feature",
      "properties": {
        "highway": "service",
        "name": ""
      },
      "geometry": {
        "type": "LineString",
        "coordinates": [
          [
            -151.0341172,
            -16.7046535
          ],
          [
            -151.0344390,
            -16.7051085
          ]
        ]
      }
    },
    {
      "type": "Feature",
      "properties": {
        "highway": "service",
        "name": ""
      },
      "geometry": {
        "type": "LineString",
        "coordinates": [
          [
            -151.0283256,
            -16.7021872
          ],
          [
            -151.0282999,
            -16.7022639
          ],
          [
            -151.0281988,
            -16.7025759
          ]
        ]
      }
    },
    {
      "type": "Feature",
      "properties": {
        "highway": "service",
        "name": ""
      },
      "geometry": {
        "type": "LineString",
        "coordinates": [
          [
            -151.0269077,
            -16.7016619
          ],
          [
            -151.0268214,
            -16.7022027
          ],
          [
            -151.0268150,
            -16.7023088
          ],
          [
            -151.0268246,
            -16.7023567
          ]
        ]
      }
    },
    {
      "type": "Feature",
      "properties": {
        "highway": "residential",
        "name": ""
      },
      "geometry": {
        "type": "LineString",
        "coordinates": [
          [
            -151.0269077,
            -16.7016619
          ],
          [
            -151.0268962,
            -16.7015541
          ],
          [
            -151.0270377,
            -16.7009838
          ],
          [
            -151.0271920,
            -16.7005831
          ],
          [
            -151.0272187,
            -16.7005457
          ],
          [
            -151.0272590,
            -16.7005278
          ],
          [
            -151.0273140,
            -16.7005329
          ],
          [
            -151.0273408,
            -16.7005387
          ],
          [
            -151.0275406,
            -16.7005972
          ]
        ]
      }
    },
    {
      "type": "Feature",
      "properties": {
        "highway": "residential",
        "name": ""
      },
      "geometry": {
        "type": "LineString",
        "coordinates": [
          [
            -151.0266378,
            -16.6998871
          ],
          [
            -151.0268821,
            -16.6999241
          ],
          [
            -151.0271716,
            -16.7000006
          ]
        ]
      }
    },
    {
      "type": "Feature",
      "properties": {
        "highway": "residential",
        "name": ""
      },
      "geometry": {
        "type": "LineString",
        "coordinates": [
          [
            -151.0269095,
            -16.6952204
          ],
          [
            -151.0269160,
            -16.6950743
          ],
          [
            -151.0265744,
            -16.6932129
          ]
        ]
      }
    },
    {
      "type": "Feature",
      "properties": {
        "highway": "service",
        "name": ""
      },
      "geometry": {
        "type": "LineString",
        "coordinates": [
          [
            -151.0261689,
            -16.6931793
          ],
          [
            -151.0261524,
            -16.6930282
          ],
          [
            -151.0261394,
            -16.6930082
          ],
          [
            -151.0261180,
            -16.6929962
          ],
          [
            -151.0257287,
            -16.6930281
          ],
          [
            -151.0257085,
            -16.6930469
          ],
          [
            -151.0256954,
            -16.6930739
          ],
          [
            -151.0257062,
            -16.6931666
          ],
          [
            -151.0257187,
            -16.6932147
          ]
        ]
      }
    },
    {
      "type": "Feature",
      "properties": {
        "highway": "service",
        "name": ""
      },
      "geometry": {
        "type": "LineString",
        "coordinates": [
          [
            -151.0092319,
            -16.7014370
          ],
          [
            -151.0094351,
            -16.7008958
          ],
          [
            -151.0094686,
            -16.7008547
          ],
          [
            -151.0095356,
            -16.7008149
          ],
          [
            -151.0097167,
            -16.7007763
          ],
          [
            -151.0099795,
            -16.7006222
          ]
        ]
      }
    },
    {
      "type": "Feature",
      "properties": {
        "highway": "residential",
        "name": ""
      },
      "geometry": {
        "type": "LineString",
        "coordinates": [
          [
            -151.0225258,
            -16.7011577
          ],
          [
            -151.0224743,
            -16.7022779
          ]
        ]
      }
    },
    {
      "type": "Feature",
      "properties": {
        "highway": "residential",
        "name": ""
      },
      "geometry": {
        "type": "LineString",
        "coordinates": [
          [
            -151.0215903,
            -16.7012391
          ],
          [
            -151.0218255,
            -16.7018668
          ],
          [
            -151.0218492,
            -16.7019380
          ],
          [
            -151.0219083,
            -16.7022909
          ]
        ]
      }
    },
    {
      "type": "Feature",
      "properties": {
        "highway": "service",
        "name": ""
      },
      "geometry": {
        "type": "LineString",
        "coordinates": [
          [
            -151.0258088,
            -16.6943794
          ],
          [
            -151.0246673,
            -16.6949907
          ]
        ]
      }
    },
    {
      "type": "Feature",
      "properties": {
        "highway": "service",
        "name": ""
      },
      "geometry": {
        "type": "LineString",
        "coordinates": [
          [
            -151.0264243,
            -16.6977565
          ],
          [
            -151.0246212,
            -16.6978299
          ]
        ]
      }
    },
    {
      "type": "Feature",
      "properties": {
        "highway": "service",
        "name": ""
      },
      "geometry": {
        "type": "LineString",
        "coordinates": [
          [
            -151.0021940,
            -16.6981157
          ],
          [
            -151.0023181,
            -16.6990136
          ]
        ]
      }
    },
    {
      "type": "Feature",
      "properties": {
        "highway": "service",
        "name": ""
      },
      "geometry": {
        "type": "LineString",
        "coordinates": [
          [
            -151.0072158,
            -16.6986810
          ],
          [
            -151.0070788,
            -16.6993383
          ]
        ]
      }
    },
    {
      "type": "Feature",
      "properties": {
        "highway": "residential",
        "name": ""
      },
      "geometry": {
        "type": "LineString",
        "coordinates": [
          [
            -151.0026557,
            -16.6980868
          ],
          [
            -151.0025541,
            -16.6966292
          ]
        ]
      }
    },
    {
      "type": "Feature",
      "properties": {
        "highway": "residential",
        "name": ""
      },
      "geometry": {
        "type": "LineString",
        "coordinates": [
          [
            -151.0020193,
            -16.6981265
          ],
          [
            -151.0019705,
            -16.6978951
          ],
          [
            -151.0019423,
            -16.6977127
          ],
          [
            -151.0018659,
            -16.6968380
          ]
        ]
      }
    },
    {
      "type": "Feature",
      "properties": {
        "highway": "residential",
        "name": ""
      },
      "geometry": {
        "type": "LineString",
        "coordinates": [
          [
            -150.9993020,
            -16.6982732
          ],
          [
            -150.9995474,
            -16.6990482
          ],
          [
            -150.9995609,
            -16.6991324
          ],
          [
            -150.9995192,
            -16.6994331
          ]
        ]
      }
    },
    {
      "type": "Feature",
      "properties": {
        "highway": "service",
        "name": ""
      },
      "geometry": {
        "type": "LineString",
        "coordinates": [
          [
            -150.9867939,
            -16.7149717
          ],
          [
            -150.9872143,
            -16.7150303
          ],
          [
            -150.9873685,
            -16.7150611
          ],
          [
            -150.9878258,
            -16.7151947
          ]
        ]
      }
    },
    {
      "type": "Feature",
      "properties": {
        "highway": "residential",
        "name": ""
      },
      "geometry": {
        "type": "LineString",
        "coordinates": [
          [
            -150.9805462,
            -16.7112998
          ],
          [
            -150.9829614,
            -16.7113620
          ],
          [
            -150.9835287,
            -16.7113926
          ],
          [
            -150.9839598,
            -16.7114833
          ],
          [
            -150.9848199,
            -16.7116077
          ]
        ]
      }
    },
    {
      "type": "Feature",
      "properties": {
        "highway": "service",
        "name": ""
      },
      "geometry": {
        "type": "LineString",
        "coordinates": [
          [
            -150.9872861,
            -16.7100277
          ],
          [
            -150.9876502,
            -16.7100530
          ],
          [
            -150.9881611,
            -16.7101455
          ]
        ]
      }
    },
    {
      "type": "Feature",
      "properties": {
        "highway": "service",
        "name": ""
      },
      "geometry": {
        "type": "LineString",
        "coordinates": [
          [
            -150.9870586,
            -16.7080226
          ],
          [
            -150.9874436,
            -16.7079979
          ],
          [
            -150.9879854,
            -16.7080300
          ]
        ]
      }
    },
    {
      "type": "Feature",
      "properties": {
        "highway": "service",
        "name": ""
      },
      "geometry": {
        "type": "LineString",
        "coordinates": [
          [
            -150.9810944,
            -16.7079726
          ],
          [
            -150.9844953,
            -16.7080329
          ]
        ]
      }
    },
    {
      "type": "Feature",
      "properties": {
        "highway": "service",
        "name": ""
      },
      "geometry": {
        "type": "LineString",
        "coordinates": [
          [
            -150.9810312,
            -16.7092623
          ],
          [
            -150.9808092,
            -16.7092888
          ],
          [
            -150.9798516,
            -16.7092412
          ]
        ]
      }
    },
    {
      "type": "Feature",
      "properties": {
        "highway": "service",
        "name": ""
      },
      "geometry": {
        "type": "LineString",
        "coordinates": [
          [
            -150.9862596,
            -16.7299249
          ],
          [
            -150.9860855,
            -16.7299416
          ],
          [
            -150.9859079,
            -16.7299683
          ],
          [
            -150.9855040,
            -16.7299651
          ],
          [
            -150.9853478,
            -16.7299839
          ],
          [
            -150.9846964,
            -16.7296699
          ],
          [
            -150.9840301,
            -16.7292744
          ],
          [
            -150.9837529,
            -16.7291381
          ],
          [
            -150.9835692,
            -16.7291137
          ]
        ]
      }
    },
    {
      "type": "Feature",
      "properties": {
        "highway": "service",
        "name": ""
      },
      "geometry": {
        "type": "LineString",
        "coordinates": [
          [
            -150.9853368,
            -16.7245711
          ],
          [
            -150.9846394,
            -16.7244848
          ]
        ]
      }
    },
    {
      "type": "Feature",
      "properties": {
        "highway": "service",
        "name": ""
      },
      "geometry": {
        "type": "LineString",
        "coordinates": [
          [
            -150.9947930,
            -16.7312415
          ],
          [
            -150.9948497,
            -16.7311278
          ],
          [
            -150.9948531,
            -16.7309910
          ],
          [
            -150.9947812,
            -16.7308357
          ],
          [
            -150.9947035,
            -16.7307742
          ],
          [
            -150.9946815,
            -16.7307200
          ],
          [
            -150.9946858,
            -16.7306334
          ],
          [
            -150.9947137,
            -16.7305298
          ]
        ]
      }
    },
    {
      "type": "Feature",
      "properties": {
        "highway": "service",
        "name": ""
      },
      "geometry": {
        "type": "LineString",
        "coordinates": [
          [
            -150.9983941,
            -16.7314756
          ],
          [
            -150.9984581,
            -16.7311660
          ],
          [
            -150.9984957,
            -16.7310838
          ],
          [
            -150.9985594,
            -16.7310292
          ],
          [
            -150.9993249,
            -16.7305252
          ]
        ]
      }
    },
    {
      "type": "Feature",
      "properties": {
        "highway": "service",
        "name": ""
      },
      "geometry": {
        "type": "LineString",
        "coordinates": [
          [
            -150.9973093,
            -16.7313293
          ],
          [
            -150.9974594,
            -16.7314802
          ],
          [
            -150.9975424,
            -16.7315943
          ],
          [
            -150.9976435,
            -16.7317809
          ],
          [
            -150.9976925,
            -16.7318736
          ],
          [
            -150.9977474,
            -16.7320407
          ]
        ]
      }
    },
    {
      "type": "Feature",
      "properties": {
        "highway": "service",
        "name": ""
      },
      "geometry": {
        "type": "LineString",
        "coordinates": [
          [
            -150.9952242,
            -16.7313076
          ],
          [
            -150.9952349,
            -16.7315234
          ],
          [
            -150.9952772,
            -16.7316545
          ],
          [
            -150.9955475,
            -16.7319943
          ],
          [
            -150.9956658,
            -16.7320315
          ],
          [
            -150.9957959,
            -16.7320736
          ],
          [
            -150.9958618,
            -16.7321237
          ],
          [
            -150.9959294,
            -16.7322499
          ]
        ]
      }
    },
    {
      "type": "Feature",
      "properties": {
        "highway": "service",
        "name": ""
      },
      "geometry": {
        "type": "LineString",
        "coordinates": [
          [
            -151.0001501,
            -16.7487463
          ],
          [
            -151.0000172,
            -16.7486365
          ],
          [
            -150.9994224,
            -16.7477396
          ],
          [
            -150.9993392,
            -16.7475996
          ],
          [
            -150.9993231,
            -16.7475354
          ]
        ]
      }
    },
    {
      "type": "Feature",
      "properties": {
        "highway": "residential",
        "name": ""
      },
      "geometry": {
        "type": "LineString",
        "coordinates": [
          [
            -150.9933828,
            -16.7494674
          ],
          [
            -150.9932267,
            -16.7491208
          ],
          [
            -150.9928854,
            -16.7486419
          ]
        ]
      }
    },
    {
      "type": "Feature",
      "properties": {
        "highway": "service",
        "name": ""
      },
      "geometry": {
        "type": "LineString",
        "coordinates": [
          [
            -151.0213506,
            -16.7512279
          ],
          [
            -151.0212542,
            -16.7512121
          ],
          [
            -151.0211174,
            -16.7512403
          ],
          [
            -151.0208961,
            -16.7513379
          ],
          [
            -151.0207929,
            -16.7514535
          ],
          [
            -151.0206789,
            -16.7515550
          ],
          [
            -151.0205796,
            -16.7515999
          ],
          [
            -151.0203892,
            -16.7516693
          ]
        ]
      }
    },
    {
      "type": "Feature",
      "properties": {
        "highway": "service",
        "name": ""
      },
      "geometry": {
        "type": "LineString",
        "coordinates": [
          [
            -151.0120008,
            -16.7532152
          ],
          [
            -151.0116663,
            -16.7527184
          ],
          [
            -151.0116291,
            -16.7526715
          ],
          [
            -151.0115885,
            -16.7526537
          ],
          [
            -151.0115370,
            -16.7526512
          ],
          [
            -151.0114128,
            -16.7526925
          ]
        ]
      }
    },
    {
      "type": "Feature",
      "properties": {
        "highway": "service",
        "name": ""
      },
      "geometry": {
        "type": "LineString",
        "coordinates": [
          [
            -151.0214582,
            -16.7446949
          ],
          [
            -151.0215737,
            -16.7444520
          ],
          [
            -151.0216075,
            -16.7441979
          ],
          [
            -151.0216075,
            -16.7432271
          ],
          [
            -151.0214741,
            -16.7425912
          ],
          [
            -151.0213608,
            -16.7423647
          ],
          [
            -151.0212595,
            -16.7421948
          ]
        ]
      }
    },
    {
      "type": "Feature",
      "properties": {
        "highway": "residential",
        "name": ""
      },
      "geometry": {
        "type": "LineString",
        "coordinates": [
          [
            -151.0286915,
            -16.7440426
          ],
          [
            -151.0286772,
            -16.7442285
          ],
          [
            -151.0286410,
            -16.7444147
          ],
          [
            -151.0286424,
            -16.7444776
          ],
          [
            -151.0286933,
            -16.7445226
          ],
          [
            -151.0294148,
            -16.7449875
          ],
          [
            -151.0295020,
            -16.7450466
          ],
          [
            -151.0295650,
            -16.7451018
          ],
          [
            -151.0296187,
            -16.7452148
          ]
        ]
      }
    },
    {
      "type": "Feature",
      "properties": {
        "highway": "residential",
        "name": ""
      },
      "geometry": {
        "type": "LineString",
        "coordinates": [
          [
            -151.0286928,
            -16.7439566
          ],
          [
            -151.0286915,
            -16.7440426
          ]
        ]
      }
    },
    {
      "type": "Feature",
      "properties": {
        "highway": "residential",
        "name": ""
      },
      "geometry": {
        "type": "LineString",
        "coordinates": [
          [
            -151.0274054,
            -16.7428635
          ],
          [
            -151.0277049,
            -16.7431972
          ],
          [
            -151.0279007,
            -16.7433693
          ],
          [
            -151.0280482,
            -16.7434464
          ],
          [
            -151.0281850,
            -16.7434798
          ],
          [
            -151.0282481,
            -16.7434990
          ],
          [
            -151.0285927,
            -16.7437662
          ],
          [
            -151.0286652,
            -16.7438407
          ],
          [
            -151.0286933,
            -16.7438856
          ],
          [
            -151.0286928,
            -16.7439566
          ]
        ]
      }
    },
    {
      "type": "Feature",
      "properties": {
        "highway": "service",
        "name": ""
      },
      "geometry": {
        "type": "LineString",
        "coordinates": [
          [
            -151.0283459,
            -16.7418933
          ],
          [
            -151.0288597,
            -16.7424181
          ],
          [
            -151.0289509,
            -16.7425265
          ],
          [
            -151.0289999,
            -16.7425912
          ],
          [
            -151.0290084,
            -16.7426430
          ],
          [
            -151.0290134,
            -16.7427498
          ],
          [
            -151.0290405,
            -16.7428194
          ],
          [
            -151.0290844,
            -16.7428614
          ],
          [
            -151.0291486,
            -16.7429116
          ]
        ]
      }
    },
    {
      "type": "Feature",
      "properties": {
        "highway": "service",
        "name": ""
      },
      "geometry": {
        "type": "LineString",
        "coordinates": [
          [
            -151.0368302,
            -16.7243388
          ],
          [
            -151.0361271,
            -16.7242678
          ]
        ]
      }
    },
    {
      "type": "Feature",
      "properties": {
        "highway": "service",
        "name": ""
      },
      "geometry": {
        "type": "LineString",
        "coordinates": [
          [
            -151.0331897,
            -16.7150170
          ],
          [
            -151.0320735,
            -16.7146890
          ]
        ]
      }
    },
    {
      "type": "Feature",
      "properties": {
        "highway": "service",
        "name": ""
      },
      "geometry": {
        "type": "LineString",
        "coordinates": [
          [
            -151.0289463,
            -16.7148296
          ],
          [
            -151.0288462,
            -16.7147537
          ],
          [
            -151.0287296,
            -16.7146890
          ],
          [
            -151.0285876,
            -16.7146599
          ],
          [
            -151.0284795,
            -16.7146388
          ],
          [
            -151.0284018,
            -16.7146065
          ],
          [
            -151.0283561,
            -16.7145725
          ],
          [
            -151.0283190,
            -16.7145223
          ],
          [
            -151.0282345,
            -16.7143395
          ],
          [
            -151.0281990,
            -16.7142553
          ],
          [
            -151.0281601,
            -16.7142246
          ],
          [
            -151.0281061,
            -16.7142084
          ]
        ]
      }
    },
    {
      "type": "Feature",
      "properties": {
        "highway": "residential",
        "name": ""
      },
      "geometry": {
        "type": "LineString",
        "coordinates": [
          [
            -151.0345040,
            -16.7133203
          ],
          [
            -151.0340335,
            -16.7130885
          ],
          [
            -151.0324165,
            -16.7119735
          ]
        ]
      }
    },
    {
      "type": "Feature",
      "properties": {
        "highway": "service",
        "name": ""
      },
      "geometry": {
        "type": "LineString",
        "coordinates": [
          [
            -151.0041764,
            -16.7679315
          ],
          [
            -151.0041672,
            -16.7677197
          ],
          [
            -151.0041994,
            -16.7675656
          ],
          [
            -151.0042799,
            -16.7673370
          ],
          [
            -151.0044676,
            -16.7668979
          ]
        ]
      }
    },
    {
      "type": "Feature",
      "properties": {
        "highway": "service",
        "name": ""
      },
      "geometry": {
        "type": "LineString",
        "coordinates": [
          [
            -151.0088515,
            -16.7687609
          ],
          [
            -151.0083260,
            -16.7691733
          ]
        ]
      }
    },
    {
      "type": "Feature",
      "properties": {
        "highway": "service",
        "name": ""
      },
      "geometry": {
        "type": "LineString",
        "coordinates": [
          [
            -150.9961518,
            -16.7639690
          ],
          [
            -150.9961795,
            -16.7638936
          ],
          [
            -150.9962157,
            -16.7638559
          ],
          [
            -150.9962604,
            -16.7638457
          ],
          [
            -150.9964094,
            -16.7638559
          ],
          [
            -150.9965489,
            -16.7638814
          ],
          [
            -150.9966670,
            -16.7639313
          ],
          [
            -150.9967320,
            -16.7639925
          ],
          [
            -150.9967490,
            -16.7640312
          ],
          [
            -150.9967469,
            -16.7640669
          ],
          [
            -150.9967166,
            -16.7641186
          ]
        ]
      }
    },
    {
      "type": "Feature",
      "properties": {
        "highway": "residential",
        "name": ""
      },
      "geometry": {
        "type": "LineString",
        "coordinates": [
          [
            -150.9944198,
            -16.7645994
          ],
          [
            -150.9943758,
            -16.7642698
          ]
        ]
      }
    },
    {
      "type": "Feature",
      "properties": {
        "highway": "residential",
        "name": ""
      },
      "geometry": {
        "type": "LineString",
        "coordinates": [
          [
            -150.9950219,
            -16.7644929
          ],
          [
            -150.9949798,
            -16.7641548
          ]
        ]
      }
    },
    {
      "type": "Feature",
      "properties": {
        "highway": "residential",
        "name": ""
      },
      "geometry": {
        "type": "LineString",
        "coordinates": [
          [
            -150.9963180,
            -16.7648342
          ],
          [
            -150.9965672,
            -16.7643579
          ],
          [
            -150.9967166,
            -16.7641186
          ]
        ]
      }
    },
    {
      "type": "Feature",
      "properties": {
        "highway": "service",
        "name": ""
      },
      "geometry": {
        "type": "LineString",
        "coordinates": [
          [
            -150.9711567,
            -16.7997188
          ],
          [
            -150.9712448,
            -16.7998068
          ],
          [
            -150.9713191,
            -16.7998392
          ],
          [
            -150.9714441,
            -16.7998554
          ],
          [
            -150.9715472,
            -16.7998230
          ],
          [
            -150.9716435,
            -16.7997664
          ],
          [
            -150.9716790,
            -16.7997098
          ],
          [
            -150.9717060,
            -16.7996742
          ],
          [
            -150.9717415,
            -16.7996661
          ],
          [
            -150.9717821,
            -16.7996774
          ],
          [
            -150.9718040,
            -16.7997017
          ],
          [
            -150.9718176,
            -16.7997454
          ],
          [
            -150.9718159,
            -16.7998149
          ],
          [
            -150.9717905,
            -16.7998732
          ],
          [
            -150.9717348,
            -16.7999379
          ],
          [
            -150.9715067,
            -16.8000754
          ],
          [
            -150.9712836,
            -16.8001643
          ],
          [
            -150.9711028,
            -16.8001934
          ],
          [
            -150.9710657,
            -16.8002145
          ],
          [
            -150.9710454,
            -16.8002549
          ],
          [
            -150.9710336,
            -16.8003148
          ],
          [
            -150.9710488,
            -16.8004426
          ],
          [
            -150.9711011,
            -16.8005283
          ],
          [
            -150.9711653,
            -16.8005687
          ],
          [
            -150.9712566,
            -16.8006011
          ],
          [
            -150.9713360,
            -16.8005978
          ]
        ]
      }
    },
    {
      "type": "Feature",
      "properties": {
        "highway": "residential",
        "name": ""
      },
      "geometry": {
        "type": "LineString",
        "coordinates": [
          [
            -150.9786619,
            -16.8071259
          ],
          [
            -150.9783003,
            -16.8076173
          ]
        ]
      }
    },
    {
      "type": "Feature",
      "properties": {
        "highway": "residential",
        "name": ""
      },
      "geometry": {
        "type": "LineString",
        "coordinates": [
          [
            -150.9831030,
            -16.8094212
          ],
          [
            -150.9834850,
            -16.8091810
          ],
          [
            -150.9837191,
            -16.8089260
          ],
          [
            -150.9841186,
            -16.8086517
          ],
          [
            -150.9848046,
            -16.8082616
          ]
        ]
      }
    },
    {
      "type": "Feature",
      "properties": {
        "highway": "service",
        "name": ""
      },
      "geometry": {
        "type": "LineString",
        "coordinates": [
          [
            -150.9834860,
            -16.8105358
          ],
          [
            -150.9836631,
            -16.8104325
          ],
          [
            -150.9838092,
            -16.8103349
          ],
          [
            -150.9839299,
            -16.8102143
          ],
          [
            -150.9840909,
            -16.8100050
          ]
        ]
      }
    },
    {
      "type": "Feature",
      "properties": {
        "highway": "service",
        "name": ""
      },
      "geometry": {
        "type": "LineString",
        "coordinates": [
          [
            -150.9835678,
            -16.8108590
          ],
          [
            -150.9843313,
            -16.8107373
          ]
        ]
      }
    },
    {
      "type": "Feature",
      "properties": {
        "highway": "service",
        "name": ""
      },
      "geometry": {
        "type": "LineString",
        "coordinates": [
          [
            -150.9836765,
            -16.8115404
          ],
          [
            -150.9846528,
            -16.8115507
          ]
        ]
      }
    },
    {
      "type": "Feature",
      "properties": {
        "highway": "service",
        "name": ""
      },
      "geometry": {
        "type": "LineString",
        "coordinates": [
          [
            -150.9834076,
            -16.8137163
          ],
          [
            -150.9829284,
            -16.8135435
          ],
          [
            -150.9828946,
            -16.8135258
          ],
          [
            -150.9828597,
            -16.8134853
          ],
          [
            -150.9828275,
            -16.8134648
          ],
          [
            -150.9826092,
            -16.8133614
          ]
        ]
      }
    },
    {
      "type": "Feature",
      "properties": {
        "highway": "service",
        "name": ""
      },
      "geometry": {
        "type": "LineString",
        "coordinates": [
          [
            -150.9833813,
            -16.8138750
          ],
          [
            -150.9823193,
            -16.8137318
          ],
          [
            -150.9820135,
            -16.8136664
          ]
        ]
      }
    },
    {
      "type": "Feature",
      "properties": {
        "highway": "service",
        "name": ""
      },
      "geometry": {
        "type": "LineString",
        "coordinates": [
          [
            -150.9833523,
            -16.8140499
          ],
          [
            -150.9821077,
            -16.8139755
          ],
          [
            -150.9816979,
            -16.8139490
          ]
        ]
      }
    },
    {
      "type": "Feature",
      "properties": {
        "highway": "service",
        "name": ""
      },
      "geometry": {
        "type": "LineString",
        "coordinates": [
          [
            -150.9842472,
            -16.8189225
          ],
          [
            -150.9842589,
            -16.8193747
          ],
          [
            -150.9842696,
            -16.8197110
          ],
          [
            -150.9843079,
            -16.8198037
          ],
          [
            -150.9843888,
            -16.8198618
          ],
          [
            -150.9845037,
            -16.8199443
          ],
          [
            -150.9845697,
            -16.8200391
          ],
          [
            -150.9845910,
            -16.8201848
          ],
          [
            -150.9845665,
            -16.8203906
          ],
          [
            -150.9845559,
            -16.8205271
          ],
          [
            -150.9845665,
            -16.8205740
          ],
          [
            -150.9848177,
            -16.8209357
          ]
        ]
      }
    },
    {
      "type": "Feature",
      "properties": {
        "highway": "service",
        "name": ""
      },
      "geometry": {
        "type": "LineString",
        "coordinates": [
          [
            -150.9838928,
            -16.8189307
          ],
          [
            -150.9838981,
            -16.8190670
          ],
          [
            -150.9838885,
            -16.8192698
          ],
          [
            -150.9838118,
            -16.8197497
          ],
          [
            -150.9838033,
            -16.8199005
          ],
          [
            -150.9838150,
            -16.8200523
          ],
          [
            -150.9839332,
            -16.8203885
          ],
          [
            -150.9839816,
            -16.8205219
          ]
        ]
      }
    },
    {
      "type": "Feature",
      "properties": {
        "highway": "service",
        "name": ""
      },
      "geometry": {
        "type": "LineString",
        "coordinates": [
          [
            -150.9832212,
            -16.8178330
          ],
          [
            -150.9824185,
            -16.8190304
          ]
        ]
      }
    },
    {
      "type": "Feature",
      "properties": {
        "highway": "service",
        "name": ""
      },
      "geometry": {
        "type": "LineString",
        "coordinates": [
          [
            -150.9990566,
            -16.8087706
          ],
          [
            -150.9991195,
            -16.8086841
          ],
          [
            -150.9991099,
            -16.8086006
          ],
          [
            -150.9990663,
            -16.8084997
          ],
          [
            -150.9990226,
            -16.8083968
          ],
          [
            -150.9990184,
            -16.8082949
          ],
          [
            -150.9990460,
            -16.8081991
          ],
          [
            -150.9990737,
            -16.8081217
          ],
          [
            -150.9991269,
            -16.8080789
          ],
          [
            -150.9991876,
            -16.8080646
          ],
          [
            -150.9992706,
            -16.8080707
          ],
          [
            -150.9993356,
            -16.8081023
          ],
          [
            -150.9994175,
            -16.8081757
          ]
        ]
      }
    },
    {
      "type": "Feature",
      "properties": {
        "highway": "service",
        "name": ""
      },
      "geometry": {
        "type": "LineString",
        "coordinates": [
          [
            -151.0004085,
            -16.8062828
          ],
          [
            -151.0005586,
            -16.8063028
          ],
          [
            -151.0007310,
            -16.8063456
          ],
          [
            -151.0008056,
            -16.8063864
          ],
          [
            -151.0010397,
            -16.8065229
          ]
        ]
      }
    },
    {
      "type": "Feature",
      "properties": {
        "highway": "service",
        "name": ""
      },
      "geometry": {
        "type": "LineString",
        "coordinates": [
          [
            -151.0012801,
            -16.7834511
          ],
          [
            -151.0007769,
            -16.7830652
          ],
          [
            -151.0007259,
            -16.7830356
          ],
          [
            -151.0006790,
            -16.7830266
          ],
          [
            -151.0006401,
            -16.7830382
          ],
          [
            -151.0006119,
            -16.7830754
          ],
          [
            -151.0001452,
            -16.7840795
          ]
        ]
      }
    },
    {
      "type": "Feature",
      "properties": {
        "highway": "service",
        "name": ""
      },
      "geometry": {
        "type": "LineString",
        "coordinates": [
          [
            -151.0010610,
            -16.7855102
          ],
          [
            -151.0011877,
            -16.7855280
          ],
          [
            -151.0012874,
            -16.7855830
          ],
          [
            -151.0016811,
            -16.7858985
          ]
        ]
      }
    },
    {
      "type": "Feature",
      "properties": {
        "highway": "residential",
        "name": ""
      },
      "geometry": {
        "type": "LineString",
        "coordinates": [
          [
            -151.0013414,
            -16.7833351
          ],
          [
            -151.0015391,
            -16.7834040
          ],
          [
            -151.0016523,
            -16.7834719
          ],
          [
            -151.0017503,
            -16.7835577
          ],
          [
            -151.0019785,
            -16.7839087
          ],
          [
            -151.0021288,
            -16.7841125
          ],
          [
            -151.0024482,
            -16.7844652
          ]
        ]
      }
    },
    {
      "type": "Feature",
      "properties": {
        "highway": "residential",
        "name": ""
      },
      "geometry": {
        "type": "LineString",
        "coordinates": [
          [
            -151.0016743,
            -16.7828297
          ],
          [
            -151.0035026,
            -16.7847596
          ]
        ]
      }
    },
    {
      "type": "Feature",
      "properties": {
        "highway": "service",
        "name": ""
      },
      "geometry": {
        "type": "LineString",
        "coordinates": [
          [
            -150.9977474,
            -16.7320407
          ],
          [
            -150.9977621,
            -16.7321357
          ]
        ]
      }
    },
    {
      "type": "Feature",
      "properties": {
        "highway": "service",
        "name": ""
      },
      "geometry": {
        "type": "LineString",
        "coordinates": [
          [
            -150.9977621,
            -16.7321357
          ],
          [
            -150.9977647,
            -16.7322615
          ]
        ]
      }
    },
    {
      "type": "Feature",
      "properties": {
        "highway": "primary",
        "name": ""
      },
      "geometry": {
        "type": "LineString",
        "coordinates": [
          [
            -150.9874176,
            -16.7211743
          ],
          [
            -150.9873385,
            -16.7216821
          ]
        ]
      }
    },
    {
      "type": "Feature",
      "properties": {
        "highway": "primary",
        "name": ""
      },
      "geometry": {
        "type": "LineString",
        "coordinates": [
          [
            -150.9874297,
            -16.7210805
          ],
          [
            -150.9874176,
            -16.7211743
          ]
        ]
      }
    },
    {
      "type": "Feature",
      "properties": {
        "highway": "primary",
        "name": ""
      },
      "geometry": {
        "type": "LineString",
        "coordinates": [
          [
            -151.0141390,
            -16.7513590
          ],
          [
            -151.0142970,
            -16.7512568
          ],
          [
            -151.0148869,
            -16.7505973
          ],
          [
            -151.0150395,
            -16.7504810
          ],
          [
            -151.0152505,
            -16.7503818
          ],
          [
            -151.0153814,
            -16.7503429
          ],
          [
            -151.0155640,
            -16.7503629
          ],
          [
            -151.0156770,
            -16.7504032
          ],
          [
            -151.0157663,
            -16.7504793
          ],
          [
            -151.0158429,
            -16.7505764
          ],
          [
            -151.0158930,
            -16.7507068
          ],
          [
            -151.0159085,
            -16.7509006
          ],
          [
            -151.0158437,
            -16.7513922
          ],
          [
            -151.0158351,
            -16.7515231
          ],
          [
            -151.0158635,
            -16.7516607
          ],
          [
            -151.0162441,
            -16.7522861
          ],
          [
            -151.0165780,
            -16.7529247
          ],
          [
            -151.0167021,
            -16.7531109
          ],
          [
            -151.0167952,
            -16.7531962
          ],
          [
            -151.0169012,
            -16.7532608
          ],
          [
            -151.0170408,
            -16.7533280
          ],
          [
            -151.0171149,
            -16.7533760
          ],
          [
            -151.0171637,
            -16.7534421
          ]
        ]
      }
    },
    {
      "type": "Feature",
      "properties": {
        "highway": "primary",
        "name": ""
      },
      "geometry": {
        "type": "LineString",
        "coordinates": [
          [
            -151.0140680,
            -16.7514104
          ],
          [
            -151.0141390,
            -16.7513590
          ]
        ]
      }
    },
    {
      "type": "Feature",
      "properties": {
        "highway": "primary",
        "name": ""
      },
      "geometry": {
        "type": "LineString",
        "coordinates": [
          [
            -151.0306520,
            -16.7377602
          ],
          [
            -151.0307124,
            -16.7377047
          ]
        ]
      }
    },
    {
      "type": "Feature",
      "properties": {
        "highway": "primary",
        "name": ""
      },
      "geometry": {
        "type": "LineString",
        "coordinates": [
          [
            -151.0296007,
            -16.7395822
          ],
          [
            -151.0297027,
            -16.7392224
          ],
          [
            -151.0298138,
            -16.7388131
          ],
          [
            -151.0300071,
            -16.7384618
          ],
          [
            -151.0302182,
            -16.7381509
          ],
          [
            -151.0302610,
            -16.7381104
          ],
          [
            -151.0303130,
            -16.7380615
          ],
          [
            -151.0304612,
            -16.7379222
          ],
          [
            -151.0306520,
            -16.7377602
          ]
        ]
      }
    },
    {
      "type": "Feature",
      "properties": {
        "highway": "primary",
        "name": ""
      },
      "geometry": {
        "type": "LineString",
        "coordinates": [
          [
            -150.9684779,
            -16.7603462
          ],
          [
            -150.9689567,
            -16.7600744
          ],
          [
            -150.9693236,
            -16.7597278
          ]
        ]
      }
    },
    {
      "type": "Feature",
      "properties": {
        "highway": "primary",
        "name": ""
      },
      "geometry": {
        "type": "LineString",
        "coordinates": [
          [
            -150.9684142,
            -16.7603815
          ],
          [
            -150.9684779,
            -16.7603462
          ]
        ]
      }
    },
    {
      "type": "Feature",
      "properties": {
        "highway": "primary",
        "name": ""
      },
      "geometry": {
        "type": "LineString",
        "coordinates": [
          [
            -150.9935283,
            -16.7644027
          ],
          [
            -150.9943758,
            -16.7642698
          ],
          [
            -150.9949798,
            -16.7641548
          ],
          [
            -150.9952622,
            -16.7641025
          ],
          [
            -150.9960500,
            -16.7639703
          ],
          [
            -150.9961518,
            -16.7639690
          ],
          [
            -150.9964539,
            -16.7639877
          ],
          [
            -150.9967166,
            -16.7641186
          ],
          [
            -150.9970612,
            -16.7644094
          ],
          [
            -150.9986820,
            -16.7659486
          ],
          [
            -150.9988610,
            -16.7661038
          ],
          [
            -150.9991379,
            -16.7662691
          ],
          [
            -150.9995496,
            -16.7664329
          ],
          [
            -151.0000755,
            -16.7667519
          ],
          [
            -151.0002184,
            -16.7667725
          ],
          [
            -151.0003784,
            -16.7667691
          ],
          [
            -151.0009772,
            -16.7666447
          ],
          [
            -151.0011729,
            -16.7666455
          ],
          [
            -151.0013091,
            -16.7666739
          ],
          [
            -151.0014389,
            -16.7667415
          ],
          [
            -151.0015960,
            -16.7669625
          ],
          [
            -151.0017459,
            -16.7675372
          ],
          [
            -151.0018009,
            -16.7676393
          ],
          [
            -151.0018847,
            -16.7677440
          ],
          [
            -151.0021006,
            -16.7678991
          ],
          [
            -151.0023384,
            -16.7679619
          ],
          [
            -151.0025388,
            -16.7679511
          ],
          [
            -151.0026740,
            -16.7679748
          ],
          [
            -151.0029604,
            -16.7681277
          ],
          [
            -151.0031972,
            -16.7681641
          ],
          [
            -151.0035635,
            -16.7681365
          ],
          [
            -151.0037268,
            -16.7680785
          ],
          [
            -151.0040776,
            -16.7679540
          ],
          [
            -151.0041764,
            -16.7679315
          ],
          [
            -151.0043097,
            -16.7679530
          ],
          [
            -151.0044683,
            -16.7680234
          ],
          [
            -151.0047701,
            -16.7682222
          ],
          [
            -151.0050278,
            -16.7683654
          ],
          [
            -151.0052314,
            -16.7684874
          ],
          [
            -151.0053253,
            -16.7685741
          ],
          [
            -151.0053917,
            -16.7686769
          ],
          [
            -151.0054608,
            -16.7688355
          ],
          [
            -151.0055357,
            -16.7690193
          ],
          [
            -151.0055882,
            -16.7690646
          ],
          [
            -151.0056579,
            -16.7690928
          ],
          [
            -151.0057533,
            -16.7690883
          ],
          [
            -151.0059667,
            -16.7689760
          ],
          [
            -151.0066101,
            -16.7685638
          ],
          [
            -151.0069990,
            -16.7682890
          ],
          [
            -151.0071278,
            -16.7682197
          ],
          [
            -151.0073067,
            -16.7681513
          ],
          [
            -151.0082381,
            -16.7679975
          ],
          [
            -151.0084077,
            -16.7680036
          ],
          [
            -151.0085868,
            -16.7680359
          ],
          [
            -151.0088107,
            -16.7680952
          ]
        ]
      }
    },
    {
      "type": "Feature",
      "properties": {
        "highway": "primary",
        "name": ""
      },
      "geometry": {
        "type": "LineString",
        "coordinates": [
          [
            -150.9934472,
            -16.7644156
          ],
          [
            -150.9935283,
            -16.7644027
          ]
        ]
      }
    },
    {
      "type": "Feature",
      "properties": {
        "highway": "track",
        "name": ""
      },
      "geometry": {
        "type": "LineString",
        "coordinates": [
          [
            -150.9852048,
            -16.7996654
          ],
          [
            -150.9845255,
            -16.7999762
          ]
        ]
      }
    },
    {
      "type": "Feature",
      "properties": {
        "highway": "track",
        "name": ""
      },
      "geometry": {
        "type": "LineString",
        "coordinates": [
          [
            -150.9852987,
            -16.7996281
          ],
          [
            -150.9852048,
            -16.7996654
          ]
        ]
      }
    },
    {
      "type": "Feature",
      "properties": {
        "highway": "track",
        "name": ""
      },
      "geometry": {
        "type": "LineString",
        "coordinates": [
          [
            -150.9893791,
            -16.8018128
          ],
          [
            -150.9893460,
            -16.8015988
          ],
          [
            -150.9893081,
            -16.8014613
          ],
          [
            -150.9892253,
            -16.8014668
          ],
          [
            -150.9887773,
            -16.8016143
          ],
          [
            -150.9882866,
            -16.8017017
          ],
          [
            -150.9879156,
            -16.8016744
          ],
          [
            -150.9876731,
            -16.8014832
          ],
          [
            -150.9875104,
            -16.8012319
          ],
          [
            -150.9874163,
            -16.8009396
          ],
          [
            -150.9873050,
            -16.8007238
          ],
          [
            -150.9872622,
            -16.8006637
          ],
          [
            -150.9867910,
            -16.8003279
          ],
          [
            -150.9860370,
            -16.7996905
          ],
          [
            -150.9857060,
            -16.7995060
          ],
          [
            -150.9855382,
            -16.7995450
          ],
          [
            -150.9852987,
            -16.7996281
          ]
        ]
      }
    },
    {
      "type": "Feature",
      "properties": {
        "highway": "track",
        "name": ""
      },
      "geometry": {
        "type": "LineString",
        "coordinates": [
          [
            -150.9893977,
            -16.8018858
          ],
          [
            -150.9893791,
            -16.8018128
          ]
        ]
      }
    },
    {
      "type": "Feature",
      "properties": {
        "highway": "primary",
        "name": ""
      },
      "geometry": {
        "type": "LineString",
        "coordinates": [
          [
            -150.9967575,
            -16.8078640
          ],
          [
            -150.9965666,
            -16.8079179
          ],
          [
            -150.9963273,
            -16.8080176
          ],
          [
            -150.9960515,
            -16.8081131
          ],
          [
            -150.9957616,
            -16.8081640
          ],
          [
            -150.9946113,
            -16.8079546
          ],
          [
            -150.9941272,
            -16.8079181
          ],
          [
            -150.9936458,
            -16.8080668
          ],
          [
            -150.9918037,
            -16.8091333
          ],
          [
            -150.9906014,
            -16.8097473
          ],
          [
            -150.9902288,
            -16.8100450
          ],
          [
            -150.9892422,
            -16.8112944
          ],
          [
            -150.9889631,
            -16.8117201
          ],
          [
            -150.9887388,
            -16.8121347
          ],
          [
            -150.9885428,
            -16.8126936
          ],
          [
            -150.9884113,
            -16.8132502
          ],
          [
            -150.9882439,
            -16.8141549
          ],
          [
            -150.9882001,
            -16.8160121
          ],
          [
            -150.9881452,
            -16.8163510
          ],
          [
            -150.9878916,
            -16.8171017
          ],
          [
            -150.9876898,
            -16.8174665
          ],
          [
            -150.9875429,
            -16.8176742
          ],
          [
            -150.9871884,
            -16.8180703
          ],
          [
            -150.9867759,
            -16.8183482
          ],
          [
            -150.9864042,
            -16.8185641
          ],
          [
            -150.9860721,
            -16.8186521
          ],
          [
            -150.9852482,
            -16.8187631
          ],
          [
            -150.9851300,
            -16.8187790
          ],
          [
            -150.9842472,
            -16.8189225
          ],
          [
            -150.9839888,
            -16.8189405
          ],
          [
            -150.9838928,
            -16.8189307
          ],
          [
            -150.9837448,
            -16.8188765
          ],
          [
            -150.9836147,
            -16.8187723
          ],
          [
            -150.9835482,
            -16.8186742
          ],
          [
            -150.9833676,
            -16.8182821
          ],
          [
            -150.9832212,
            -16.8178330
          ],
          [
            -150.9830373,
            -16.8166540
          ],
          [
            -150.9830068,
            -16.8160737
          ],
          [
            -150.9830901,
            -16.8156305
          ],
          [
            -150.9833523,
            -16.8140499
          ],
          [
            -150.9833813,
            -16.8138750
          ],
          [
            -150.9834076,
            -16.8137163
          ],
          [
            -150.9836577,
            -16.8120835
          ],
          [
            -150.9836726,
            -16.8117360
          ],
          [
            -150.9836765,
            -16.8115404
          ],
          [
            -150.9836379,
            -16.8112642
          ],
          [
            -150.9835678,
            -16.8108590
          ],
          [
            -150.9834860,
            -16.8105358
          ],
          [
            -150.9834719,
            -16.8104800
          ]
        ]
      }
    },
    {
      "type": "Feature",
      "properties": {
        "highway": "primary",
        "name": ""
      },
      "geometry": {
        "type": "LineString",
        "coordinates": [
          [
            -150.9969206,
            -16.8078652
          ],
          [
            -150.9967575,
            -16.8078640
          ]
        ]
      }
    },
    {
      "type": "Feature",
      "properties": {
        "highway": "primary",
        "name": ""
      },
      "geometry": {
        "type": "LineString",
        "coordinates": [
          [
            -150.9720915,
            -16.7929185
          ],
          [
            -150.9719802,
            -16.7929070
          ]
        ]
      }
    },
    {
      "type": "Feature",
      "properties": {
        "highway": "primary",
        "name": ""
      },
      "geometry": {
        "type": "LineString",
        "coordinates": [
          [
            -150.9760430,
            -16.7920321
          ],
          [
            -150.9760156,
            -16.7920424
          ],
          [
            -150.9756476,
            -16.7922735
          ],
          [
            -150.9748041,
            -16.7925901
          ],
          [
            -150.9742831,
            -16.7927389
          ],
          [
            -150.9738661,
            -16.7928704
          ],
          [
            -150.9735028,
            -16.7929227
          ],
          [
            -150.9726697,
            -16.7929524
          ],
          [
            -150.9723087,
            -16.7929392
          ],
          [
            -150.9720915,
            -16.7929185
          ]
        ]
      }
    },
    {
      "type": "Feature",
      "properties": {
        "highway": "primary",
        "name": ""
      },
      "geometry": {
        "type": "LineString",
        "coordinates": [
          [
            -151.0034223,
            -16.7819434
          ],
          [
            -151.0032247,
            -16.7821292
          ],
          [
            -151.0031072,
            -16.7822651
          ],
          [
            -151.0029686,
            -16.7825110
          ],
          [
            -151.0028757,
            -16.7826453
          ],
          [
            -151.0027692,
            -16.7827310
          ],
          [
            -151.0025563,
            -16.7828167
          ],
          [
            -151.0023536,
            -16.7828151
          ],
          [
            -151.0020900,
            -16.7827488
          ],
          [
            -151.0018720,
            -16.7827359
          ],
          [
            -151.0017791,
            -16.7827601
          ],
          [
            -151.0016743,
            -16.7828297
          ],
          [
            -151.0014850,
            -16.7830605
          ],
          [
            -151.0013414,
            -16.7833351
          ],
          [
            -151.0013262,
            -16.7833596
          ]
        ]
      }
    },
    {
      "type": "Feature",
      "properties": {
        "highway": "primary",
        "name": ""
      },
      "geometry": {
        "type": "LineString",
        "coordinates": [
          [
            -151.0034961,
            -16.7818830
          ],
          [
            -151.0034223,
            -16.7819434
          ]
        ]
      }
    },
    {
      "type": "Feature",
      "properties": {
        "highway": "primary",
        "name": ""
      },
      "geometry": {
        "type": "LineString",
        "coordinates": [
          [
            -151.0013262,
            -16.7833596
          ],
          [
            -151.0012940,
            -16.7834199
          ]
        ]
      }
    },
    {
      "type": "Feature",
      "properties": {
        "highway": "primary",
        "name": ""
      },
      "geometry": {
        "type": "LineString",
        "coordinates": [
          [
            -151.0121149,
            -16.7854865
          ],
          [
            -151.0120167,
            -16.7854559
          ],
          [
            -151.0119362,
            -16.7854110
          ],
          [
            -151.0118906,
            -16.7853673
          ],
          [
            -151.0118277,
            -16.7852769
          ],
          [
            -151.0118211,
            -16.7851072
          ],
          [
            -151.0119244,
            -16.7848364
          ],
          [
            -151.0120552,
            -16.7846762
          ],
          [
            -151.0122211,
            -16.7845598
          ],
          [
            -151.0124966,
            -16.7844625
          ],
          [
            -151.0126541,
            -16.7842603
          ],
          [
            -151.0127217,
            -16.7839815
          ],
          [
            -151.0127101,
            -16.7837046
          ],
          [
            -151.0124773,
            -16.7823369
          ],
          [
            -151.0124429,
            -16.7817592
          ],
          [
            -151.0123820,
            -16.7815294
          ],
          [
            -151.0120782,
            -16.7811408
          ],
          [
            -151.0118518,
            -16.7807067
          ],
          [
            -151.0116448,
            -16.7804301
          ],
          [
            -151.0114592,
            -16.7802768
          ],
          [
            -151.0111969,
            -16.7801643
          ],
          [
            -151.0109445,
            -16.7800272
          ],
          [
            -151.0105022,
            -16.7795692
          ],
          [
            -151.0104207,
            -16.7793607
          ],
          [
            -151.0103986,
            -16.7791409
          ],
          [
            -151.0103142,
            -16.7789092
          ],
          [
            -151.0101709,
            -16.7787824
          ],
          [
            -151.0099197,
            -16.7787051
          ],
          [
            -151.0097027,
            -16.7787266
          ],
          [
            -151.0089569,
            -16.7789478
          ],
          [
            -151.0084936,
            -16.7789397
          ],
          [
            -151.0082603,
            -16.7789731
          ],
          [
            -151.0080872,
            -16.7790729
          ],
          [
            -151.0078644,
            -16.7793710
          ],
          [
            -151.0076810,
            -16.7795918
          ],
          [
            -151.0074504,
            -16.7797200
          ],
          [
            -151.0072107,
            -16.7797993
          ],
          [
            -151.0062892,
            -16.7799051
          ],
          [
            -151.0060233,
            -16.7799823
          ],
          [
            -151.0055110,
            -16.7801852
          ],
          [
            -151.0050405,
            -16.7805059
          ],
          [
            -151.0047784,
            -16.7807816
          ],
          [
            -151.0045213,
            -16.7810708
          ],
          [
            -151.0040588,
            -16.7814252
          ],
          [
            -151.0034961,
            -16.7818830
          ]
        ]
      }
    },
    {
      "type": "Feature",
      "properties": {
        "highway": "service",
        "name": ""
      },
      "geometry": {
        "type": "LineString",
        "coordinates": [
          [
            -150.9873787,
            -16.7011406
          ],
          [
            -150.9869015,
            -16.7008112
          ]
        ]
      }
    },
    {
      "type": "Feature",
      "properties": {
        "highway": "track",
        "name": ""
      },
      "geometry": {
        "type": "LineString",
        "coordinates": [
          [
            -151.0255258,
            -16.6928945
          ],
          [
            -151.0255934,
            -16.6928603
          ],
          [
            -151.0256618,
            -16.6928488
          ],
          [
            -151.0261379,
            -16.6928141
          ],
          [
            -151.0266676,
            -16.6927653
          ],
          [
            -151.0275527,
            -16.6926856
          ],
          [
            -151.0279443,
            -16.6926651
          ],
          [
            -151.0281669,
            -16.6926419
          ],
          [
            -151.0292720,
            -16.6925494
          ],
          [
            -151.0296395,
            -16.6925289
          ],
          [
            -151.0298889,
            -16.6925058
          ],
          [
            -151.0304066,
            -16.6924698
          ],
          [
            -151.0309913,
            -16.6924287
          ],
          [
            -151.0315465,
            -16.6923824
          ],
          [
            -151.0318013,
            -16.6923491
          ],
          [
            -151.0320454,
            -16.6923388
          ],
          [
            -151.0322492,
            -16.6922566
          ],
          [
            -151.0325148,
            -16.6921255
          ],
          [
            -151.0326060,
            -16.6920793
          ]
        ]
      }
    },
    {
      "type": "Feature",
      "properties": {
        "highway": "service",
        "name": ""
      },
      "geometry": {
        "type": "LineString",
        "coordinates": [
          [
            -151.0263323,
            -16.7245792
          ],
          [
            -151.0264235,
            -16.7245548
          ],
          [
            -151.0264932,
            -16.7245676
          ],
          [
            -151.0265241,
            -16.7246164
          ],
          [
            -151.0265295,
            -16.7247102
          ],
          [
            -151.0265080,
            -16.7251186
          ],
          [
            -151.0264691,
            -16.7251970
          ],
          [
            -151.0263538,
            -16.7252933
          ],
          [
            -151.0262827,
            -16.7253883
          ],
          [
            -151.0262062,
            -16.7255746
          ],
          [
            -151.0262089,
            -16.7256966
          ],
          [
            -151.0262384,
            -16.7257338
          ],
          [
            -151.0262827,
            -16.7257248
          ],
          [
            -151.0263082,
            -16.7256992
          ],
          [
            -151.0263296,
            -16.7256054
          ],
          [
            -151.0263940,
            -16.7255193
          ],
          [
            -151.0265134,
            -16.7254487
          ],
          [
            -151.0266005,
            -16.7254217
          ],
          [
            -151.0268071,
            -16.7254166
          ],
          [
            -151.0269304,
            -16.7253614
          ],
          [
            -151.0270404,
            -16.7252458
          ],
          [
            -151.0270994,
            -16.7251250
          ],
          [
            -151.0271772,
            -16.7248669
          ],
          [
            -151.0272443,
            -16.7247372
          ],
          [
            -151.0273381,
            -16.7246652
          ],
          [
            -151.0274347,
            -16.7246087
          ],
          [
            -151.0274722,
            -16.7245689
          ],
          [
            -151.0274736,
            -16.7245227
          ],
          [
            -151.0274535,
            -16.7244597
          ],
          [
            -151.0273971,
            -16.7243480
          ],
          [
            -151.0273891,
            -16.7243043
          ],
          [
            -151.0274226,
            -16.7242722
          ],
          [
            -151.0274816,
            -16.7242748
          ],
          [
            -151.0275661,
            -16.7242953
          ],
          [
            -151.0276258,
            -16.7243243
          ]
        ]
      }
    },
    {
      "type": "Feature",
      "properties": {
        "highway": "service",
        "name": ""
      },
      "geometry": {
        "type": "LineString",
        "coordinates": [
          [
            -151.0319374,
            -16.7225930
          ],
          [
            -151.0318228,
            -16.7227824
          ],
          [
            -151.0316484,
            -16.7230675
          ],
          [
            -151.0313614,
            -16.7233578
          ],
          [
            -151.0311375,
            -16.7235555
          ],
          [
            -151.0308491,
            -16.7237726
          ],
          [
            -151.0306775,
            -16.7236467
          ]
        ]
      }
    },
    {
      "type": "Feature",
      "properties": {
        "highway": "service",
        "name": ""
      },
      "geometry": {
        "type": "LineString",
        "coordinates": [
          [
            -151.0391057,
            -16.7738010
          ],
          [
            -151.0394805,
            -16.7737026
          ],
          [
            -151.0401966,
            -16.7734663
          ],
          [
            -151.0403924,
            -16.7733713
          ],
          [
            -151.0405292,
            -16.7732763
          ],
          [
            -151.0409047,
            -16.7731453
          ],
          [
            -151.0409744,
            -16.7730657
          ],
          [
            -151.0410790,
            -16.7728782
          ],
          [
            -151.0412749,
            -16.7727652
          ],
          [
            -151.0415377,
            -16.7725418
          ],
          [
            -151.0417711,
            -16.7723877
          ],
          [
            -151.0424094,
            -16.7718484
          ],
          [
            -151.0425328,
            -16.7716815
          ],
          [
            -151.0426857,
            -16.7713528
          ],
          [
            -151.0428198,
            -16.7711756
          ],
          [
            -151.0431712,
            -16.7705849
          ],
          [
            -151.0431765,
            -16.7704283
          ],
          [
            -151.0431524,
            -16.7702690
          ],
          [
            -151.0432329,
            -16.7700148
          ],
          [
            -151.0432141,
            -16.7697554
          ],
          [
            -151.0432329,
            -16.7694344
          ],
          [
            -151.0433884,
            -16.7692110
          ],
          [
            -151.0435440,
            -16.7690594
          ],
          [
            -151.0437344,
            -16.7689387
          ],
          [
            -151.0438659,
            -16.7687667
          ],
          [
            -151.0439034,
            -16.7686665
          ],
          [
            -151.0439329,
            -16.7684559
          ],
          [
            -151.0440161,
            -16.7682171
          ],
          [
            -151.0443460,
            -16.7676983
          ],
          [
            -151.0444962,
            -16.7672284
          ]
        ]
      }
    },
    {
      "type": "Feature",
      "properties": {
        "highway": "service",
        "name": ""
      },
      "geometry": {
        "type": "LineString",
        "coordinates": [
          [
            -151.0421948,
            -16.7457367
          ],
          [
            -151.0423303,
            -16.7457637
          ],
          [
            -151.0423839,
            -16.7457830
          ],
          [
            -151.0427125,
            -16.7459358
          ],
          [
            -151.0427755,
            -16.7459499
          ],
          [
            -151.0428319,
            -16.7459473
          ],
          [
            -151.0428708,
            -16.7459063
          ],
          [
            -151.0428694,
            -16.7458793
          ],
          [
            -151.0428077,
            -16.7457932
          ],
          [
            -151.0427474,
            -16.7457419
          ],
          [
            -151.0427340,
            -16.7456918
          ],
          [
            -151.0427527,
            -16.7456404
          ],
          [
            -151.0428305,
            -16.7455621
          ],
          [
            -151.0430961,
            -16.7453836
          ],
          [
            -151.0432181,
            -16.7453194
          ],
          [
            -151.0432691,
            -16.7452975
          ],
          [
            -151.0434850,
            -16.7452359
          ],
          [
            -151.0435936,
            -16.7451858
          ],
          [
            -151.0438055,
            -16.7451203
          ],
          [
            -151.0438779,
            -16.7450818
          ],
          [
            -151.0441770,
            -16.7448660
          ],
          [
            -151.0448127,
            -16.7442355
          ],
          [
            -151.0449226,
            -16.7440903
          ],
          [
            -151.0449642,
            -16.7440544
          ],
          [
            -151.0450581,
            -16.7439992
          ],
          [
            -151.0452150,
            -16.7439375
          ],
          [
            -151.0455167,
            -16.7438656
          ],
          [
            -151.0456442,
            -16.7438040
          ],
          [
            -151.0457836,
            -16.7437051
          ],
          [
            -151.0459861,
            -16.7434765
          ],
          [
            -151.0462436,
            -16.7432569
          ],
          [
            -151.0464113,
            -16.7429525
          ],
          [
            -151.0464287,
            -16.7428498
          ],
          [
            -151.0464287,
            -16.7427727
          ],
          [
            -151.0464555,
            -16.7426944
          ],
          [
            -151.0464622,
            -16.7426148
          ],
          [
            -151.0464193,
            -16.7425210
          ],
          [
            -151.0462812,
            -16.7423618
          ],
          [
            -151.0462329,
            -16.7422719
          ],
          [
            -151.0462285,
            -16.7422346
          ]
        ]
      }
    },
    {
      "type": "Feature",
      "properties": {
        "highway": "service",
        "name": ""
      },
      "geometry": {
        "type": "LineString",
        "coordinates": [
          [
            -151.0179330,
            -16.7803089
          ],
          [
            -151.0178297,
            -16.7804835
          ],
          [
            -151.0177318,
            -16.7805554
          ],
          [
            -151.0176406,
            -16.7805746
          ],
          [
            -151.0175870,
            -16.7805580
          ],
          [
            -151.0174609,
            -16.7804706
          ],
          [
            -151.0174100,
            -16.7804450
          ],
          [
            -151.0173832,
            -16.7804424
          ],
          [
            -151.0173496,
            -16.7804604
          ],
          [
            -151.0172920,
            -16.7805040
          ],
          [
            -151.0172276,
            -16.7806594
          ],
          [
            -151.0171672,
            -16.7808366
          ],
          [
            -151.0169889,
            -16.7812911
          ],
          [
            -151.0168735,
            -16.7813784
          ],
          [
            -151.0164511,
            -16.7815685
          ],
          [
            -151.0162446,
            -16.7817225
          ],
          [
            -151.0159696,
            -16.7819164
          ],
          [
            -151.0154828,
            -16.7822143
          ],
          [
            -151.0153541,
            -16.7822425
          ],
          [
            -151.0151301,
            -16.7822027
          ],
          [
            -151.0150040,
            -16.7821899
          ],
          [
            -151.0149276,
            -16.7822477
          ],
          [
            -151.0148981,
            -16.7823080
          ],
          [
            -151.0149133,
            -16.7823654
          ]
        ]
      }
    },
    {
      "type": "Feature",
      "properties": {
        "highway": "service",
        "name": ""
      },
      "geometry": {
        "type": "LineString",
        "coordinates": [
          [
            -151.0068204,
            -16.6985342
          ],
          [
            -151.0066959,
            -16.6989466
          ],
          [
            -151.0065551,
            -16.6994835
          ],
          [
            -151.0065605,
            -16.6995413
          ]
        ]
      }
    },
    {
      "type": "Feature",
      "properties": {
        "highway": "service",
        "name": ""
      },
      "geometry": {
        "type": "LineString",
        "coordinates": [
          [
            -151.0003874,
            -16.7043416
          ],
          [
            -151.0003123,
            -16.7036993
          ],
          [
            -151.0002533,
            -16.7033653
          ],
          [
            -151.0001835,
            -16.7030134
          ],
          [
            -151.0001353,
            -16.7027848
          ],
          [
            -151.0000924,
            -16.7026203
          ],
          [
            -151.0000521,
            -16.7025433
          ],
          [
            -151.0000038,
            -16.7024893
          ],
          [
            -150.9996793,
            -16.7021374
          ],
          [
            -150.9995505,
            -16.7019729
          ],
          [
            -150.9994459,
            -16.7017725
          ],
          [
            -150.9993950,
            -16.7016364
          ],
          [
            -150.9993279,
            -16.7014694
          ],
          [
            -150.9993333,
            -16.7013230
          ],
          [
            -150.9993843,
            -16.7011303
          ],
          [
            -150.9994030,
            -16.7009633
          ],
          [
            -150.9994030,
            -16.7008708
          ],
          [
            -150.9993869,
            -16.7007424
          ],
          [
            -150.9993494,
            -16.7006062
          ],
          [
            -150.9992743,
            -16.7004418
          ],
          [
            -150.9991321,
            -16.7001977
          ],
          [
            -150.9990382,
            -16.7000384
          ],
          [
            -150.9989068,
            -16.6998406
          ],
          [
            -150.9987861,
            -16.6996685
          ],
          [
            -150.9987030,
            -16.6995863
          ],
          [
            -150.9986869,
            -16.6995272
          ],
          [
            -150.9987083,
            -16.6994938
          ],
          [
            -150.9987620,
            -16.6994784
          ],
          [
            -150.9988424,
            -16.6994630
          ],
          [
            -150.9989444,
            -16.6994630
          ],
          [
            -150.9991965,
            -16.6995221
          ],
          [
            -150.9994057,
            -16.6995554
          ],
          [
            -150.9994674,
            -16.6995221
          ],
          [
            -150.9994942,
            -16.6994784
          ],
          [
            -150.9995192,
            -16.6994331
          ]
        ]
      }
    },
    {
      "type": "Feature",
      "properties": {
        "highway": "path",
        "name": ""
      },
      "geometry": {
        "type": "LineString",
        "coordinates": [
          [
            -150.9584452,
            -16.7818432
          ],
          [
            -150.9600401,
            -16.7816326
          ],
          [
            -150.9597396,
            -16.7822979
          ],
          [
            -150.9598147,
            -16.7829812
          ],
          [
            -150.9600213,
            -16.7830352
          ],
          [
            -150.9621811,
            -16.7828014
          ],
          [
            -150.9625943,
            -16.7827655
          ],
          [
            -150.9642846,
            -16.7822260
          ],
          [
            -150.9647917,
            -16.7817225
          ],
          [
            -150.9653739,
            -16.7815607
          ],
          [
            -150.9661064,
            -16.7812371
          ],
          [
            -150.9665196,
            -16.7814169
          ],
          [
            -150.9665196,
            -16.7818664
          ],
          [
            -150.9662566,
            -16.7823878
          ],
          [
            -150.9670454,
            -16.7829812
          ],
          [
            -150.9671206,
            -16.7833588
          ],
          [
            -150.9679469,
            -16.7832150
          ],
          [
            -150.9684352,
            -16.7829812
          ],
          [
            -150.9679281,
            -16.7828374
          ],
          [
            -150.9677779,
            -16.7826576
          ],
          [
            -150.9688108,
            -16.7824957
          ],
          [
            -150.9698814,
            -16.7814708
          ],
          [
            -150.9704448,
            -16.7811651
          ],
          [
            -150.9712712,
            -16.7809134
          ],
          [
            -150.9719473,
            -16.7806437
          ],
          [
            -150.9728112,
            -16.7806796
          ],
          [
            -150.9723417,
            -16.7809853
          ],
          [
            -150.9723980,
            -16.7811112
          ],
          [
            -150.9730929,
            -16.7808774
          ],
          [
            -150.9736376,
            -16.7807336
          ],
          [
            -150.9742949,
            -16.7801402
          ],
          [
            -150.9739756,
            -16.7795288
          ],
          [
            -150.9744076,
            -16.7796187
          ],
          [
            -150.9747456,
            -16.7800863
          ],
          [
            -150.9745954,
            -16.7807336
          ],
          [
            -150.9751776,
            -16.7809134
          ],
          [
            -150.9752340,
            -16.7811651
          ],
          [
            -150.9753304,
            -16.7812053
          ],
          [
            -150.9758073,
            -16.7808882
          ],
          [
            -150.9762347,
            -16.7808939
          ]
        ]
      }
    },
    {
      "type": "Feature",
      "properties": {
        "highway": "residential",
        "name": ""
      },
      "geometry": {
        "type": "LineString",
        "coordinates": [
          [
            -150.9932877,
            -16.7308202
          ],
          [
            -150.9929938,
            -16.7307804
          ]
        ]
      }
    },
    {
      "type": "Feature",
      "properties": {
        "highway": "primary",
        "name": ""
      },
      "geometry": {
        "type": "LineString",
        "coordinates": [
          [
            -151.0171637,
            -16.7534421
          ],
          [
            -151.0175543,
            -16.7533609
          ],
          [
            -151.0179792,
            -16.7533353
          ],
          [
            -151.0186437,
            -16.7533091
          ],
          [
            -151.0192897,
            -16.7533519
          ],
          [
            -151.0195997,
            -16.7532765
          ],
          [
            -151.0199875,
            -16.7530405
          ],
          [
            -151.0203518,
            -16.7527183
          ],
          [
            -151.0206186,
            -16.7524264
          ],
          [
            -151.0207871,
            -16.7520883
          ],
          [
            -151.0208864,
            -16.7517123
          ],
          [
            -151.0210291,
            -16.7515368
          ],
          [
            -151.0211095,
            -16.7514379
          ],
          [
            -151.0213506,
            -16.7512279
          ],
          [
            -151.0217993,
            -16.7509247
          ],
          [
            -151.0219304,
            -16.7508269
          ],
          [
            -151.0218754,
            -16.7504871
          ],
          [
            -151.0217223,
            -16.7501085
          ],
          [
            -151.0215893,
            -16.7499680
          ],
          [
            -151.0214030,
            -16.7498456
          ],
          [
            -151.0211787,
            -16.7496072
          ],
          [
            -151.0209126,
            -16.7490592
          ],
          [
            -151.0208248,
            -16.7487406
          ]
        ]
      }
    },
    {
      "type": "Feature",
      "properties": {
        "highway": "footway",
        "name": ""
      },
      "geometry": {
        "type": "LineString",
        "coordinates": [
          [
            -151.0250070,
            -16.7799114
          ],
          [
            -151.0249798,
            -16.7799793
          ],
          [
            -151.0250866,
            -16.7800680
          ],
          [
            -151.0252815,
            -16.7801033
          ],
          [
            -151.0256404,
            -16.7805437
          ],
          [
            -151.0258026,
            -16.7806051
          ],
          [
            -151.0260163,
            -16.7808255
          ],
          [
            -151.0263378,
            -16.7808799
          ]
        ]
      }
    },
    {
      "type": "Feature",
      "properties": {
        "highway": "steps",
        "name": ""
      },
      "geometry": {
        "type": "LineString",
        "coordinates": [
          [
            -150.9927878,
            -16.7002749
          ],
          [
            -150.9929090,
            -16.7003922
          ],
          [
            -150.9929516,
            -16.7004929
          ],
          [
            -150.9929410,
            -16.7005782
          ],
          [
            -150.9929304,
            -16.7006274
          ]
        ]
      }
    },
    {
      "type": "Feature",
      "properties": {
        "highway": "footway",
        "name": ""
      },
      "geometry": {
        "type": "LineString",
        "coordinates": [
          [
            -150.9920076,
            -16.6976635
          ],
          [
            -150.9920149,
            -16.6976153
          ]
        ]
      }
    },
    {
      "type": "Feature",
      "properties": {
        "highway": "footway",
        "name": ""
      },
      "geometry": {
        "type": "LineString",
        "coordinates": [
          [
            -151.0267953,
            -16.6952114
          ],
          [
            -151.0267847,
            -16.6951330
          ],
          [
            -151.0267084,
            -16.6951428
          ],
          [
            -151.0267002,
            -16.6950871
          ],
          [
            -151.0267311,
            -16.6950823
          ]
        ]
      }
    },
    {
      "type": "Feature",
      "properties": {
        "highway": "footway",
        "name": ""
      },
      "geometry": {
        "type": "LineString",
        "coordinates": [
          [
            -150.9919551,
            -16.6980115
          ],
          [
            -150.9920076,
            -16.6976635
          ]
        ]
      }
    },
    {
      "type": "Feature",
      "properties": {
        "highway": "footway",
        "name": ""
      },
      "geometry": {
        "type": "LineString",
        "coordinates": [
          [
            -150.9955458,
            -16.7006782
          ],
          [
            -150.9955713,
            -16.7008275
          ],
          [
            -150.9956152,
            -16.7009073
          ],
          [
            -150.9956520,
            -16.7010873
          ],
          [
            -150.9956559,
            -16.7012402
          ],
          [
            -150.9957054,
            -16.7013417
          ],
          [
            -150.9957412,
            -16.7014834
          ],
          [
            -150.9957179,
            -16.7015396
          ],
          [
            -150.9957465,
            -16.7016534
          ],
          [
            -150.9957392,
            -16.7017783
          ],
          [
            -150.9957560,
            -16.7019214
          ],
          [
            -150.9957911,
            -16.7019311
          ],
          [
            -150.9958006,
            -16.7020496
          ],
          [
            -150.9957855,
            -16.7021843
          ],
          [
            -150.9957944,
            -16.7022750
          ],
          [
            -150.9957969,
            -16.7023592
          ],
          [
            -150.9958148,
            -16.7024279
          ],
          [
            -150.9958321,
            -16.7025001
          ],
          [
            -150.9958648,
            -16.7025521
          ],
          [
            -150.9958514,
            -16.7026282
          ]
        ]
      }
    },
    {
      "type": "Feature",
      "properties": {
        "highway": "footway",
        "name": ""
      },
      "geometry": {
        "type": "LineString",
        "coordinates": [
          [
            -151.0113643,
            -16.7917774
          ],
          [
            -151.0113422,
            -16.7917485
          ],
          [
            -151.0114173,
            -16.7916889
          ],
          [
            -151.0114267,
            -16.7916969
          ]
        ]
      }
    },
    {
      "type": "Feature",
      "properties": {
        "highway": "footway",
        "name": ""
      },
      "geometry": {
        "type": "LineString",
        "coordinates": [
          [
            -151.0238157,
            -16.7790428
          ],
          [
            -151.0242315,
            -16.7791276
          ],
          [
            -151.0243587,
            -16.7792241
          ],
          [
            -151.0244367,
            -16.7791002
          ],
          [
            -151.0245534,
            -16.7791506
          ],
          [
            -151.0248299,
            -16.7790832
          ],
          [
            -151.0249261,
            -16.7789940
          ],
          [
            -151.0250450,
            -16.7790495
          ],
          [
            -151.0251833,
            -16.7790752
          ],
          [
            -151.0252315,
            -16.7791123
          ],
          [
            -151.0252039,
            -16.7791587
          ],
          [
            -151.0250635,
            -16.7791759
          ],
          [
            -151.0250041,
            -16.7792353
          ],
          [
            -151.0250201,
            -16.7792580
          ],
          [
            -151.0251034,
            -16.7792448
          ],
          [
            -151.0251452,
            -16.7792466
          ],
          [
            -151.0251489,
            -16.7792987
          ],
          [
            -151.0252125,
            -16.7793340
          ],
          [
            -151.0252701,
            -16.7793976
          ],
          [
            -151.0252701,
            -16.7794784
          ],
          [
            -151.0253741,
            -16.7794792
          ],
          [
            -151.0253898,
            -16.7795213
          ],
          [
            -151.0253037,
            -16.7795745
          ],
          [
            -151.0253576,
            -16.7796300
          ],
          [
            -151.0253620,
            -16.7796900
          ],
          [
            -151.0254252,
            -16.7797039
          ],
          [
            -151.0254648,
            -16.7797096
          ],
          [
            -151.0255367,
            -16.7797557
          ],
          [
            -151.0255364,
            -16.7797878
          ],
          [
            -151.0255378,
            -16.7798346
          ],
          [
            -151.0254976,
            -16.7798963
          ],
          [
            -151.0254004,
            -16.7798967
          ],
          [
            -151.0253245,
            -16.7798610
          ],
          [
            -151.0252328,
            -16.7798845
          ],
          [
            -151.0251886,
            -16.7798465
          ],
          [
            -151.0251069,
            -16.7798333
          ],
          [
            -151.0250482,
            -16.7798719
          ],
          [
            -151.0250070,
            -16.7799114
          ]
        ]
      }
    },
    {
      "type": "Feature",
      "properties": {
        "highway": "footway",
        "name": ""
      },
      "geometry": {
        "type": "LineString",
        "coordinates": [
          [
            -150.9850175,
            -16.7254821
          ],
          [
            -150.9845964,
            -16.7255672
          ],
          [
            -150.9845835,
            -16.7256742
          ],
          [
            -150.9845390,
            -16.7257110
          ],
          [
            -150.9845304,
            -16.7257278
          ]
        ]
      }
    },
    {
      "type": "Feature",
      "properties": {
        "highway": "service",
        "name": ""
      },
      "geometry": {
        "type": "LineString",
        "coordinates": [
          [
            -151.0110854,
            -16.7919077
          ],
          [
            -151.0112378,
            -16.7918552
          ],
          [
            -151.0113643,
            -16.7917774
          ],
          [
            -151.0113805,
            -16.7917667
          ]
        ]
      }
    }
  ]
}
