{
  "type": "FeatureCollection",
  "features": [
    {
      "type": "Feature",
      "properties": {},
      "geometry": {
        "type": "LineString",
        "coordinates": [
          [
            -150.9758220,
            -16.8170117
          ],
          [
            -150.9757328,
            -16.8176079
          ],
          [
            -150.9756101,
            -16.8178464
          ],
          [
            -150.9754217,
            -16.8180285
          ],
          [
            -150.9752063,
            -16.8182575
          ],
          [
            -150.9750993,
            -16.8186005
          ],
          [
            -150.9750321,
            -16.8188412
          ],
          [
            -150.9748845,
            -16.8190537
          ],
          [
            -150.9746860,
            -16.8193471
          ],
          [
            -150.9745474,
            -16.8196060
          ],
          [
            -150.9744386,
            -16.8198174
          ],
          [
            -150.9741424,
            -16.8200225
          ],
          [
            -150.9738341,
            -16.8201134
          ],
          [
            -150.9735540,
            -16.8200743
          ],
          [
            -150.9732693,
            -16.8199160
          ],
          [
            -150.9729895,
            -16.8197279
          ],
          [
            -150.9728047,
            -16.8195172
          ],
          [
            -150.9726218,
            -16.8193210
          ],
          [
            -150.9724734,
            -16.8191069
          ],
          [
            -150.9723061,
            -16.8188482
          ],
          [
            -150.9721567,
            -16.8185564
          ],
          [
            -150.9720871,
            -16.8182629
          ],
          [
            -150.9722676,
            -16.8180642
          ],
          [
            -150.9722555,
            -16.8168336
          ],
          [
            -150.9720732,
            -16.8156805
          ],
          [
            -150.9720131,
            -16.8150644
          ],
          [
            -150.9720594,
            -16.8148277
          ],
          [
            -150.9724124,
            -16.8140774
          ],
          [
            -150.9727747,
            -16.8134461
          ],
          [
            -150.9727436,
            -16.8128583
          ],
          [
            -150.9727213,
            -16.8125332
          ],
          [
            -150.9727177,
            -16.8122840
          ],
          [
            -150.9727198,
            -16.8120178
          ],
          [
            -150.9728191,
            -16.8117006
          ],
          [
            -150.9737269,
            -16.8116616
          ],
          [
            -150.9736115,
            -16.8119933
          ],
          [
            -150.9738710,
            -16.8121798
          ],
          [
            -150.9741406,
            -16.8122335
          ],
          [
            -150.9744950,
            -16.8123641
          ],
          [
            -150.9748651,
            -16.8124548
          ],
          [
            -150.9751908,
            -16.8126349
          ],
          [
            -150.9750346,
            -16.8130441
          ],
          [
            -150.9751420,
            -16.8138434
          ],
          [
            -150.9753504,
            -16.8140320
          ],
          [
            -150.9755280,
            -16.8142659
          ],
          [
            -150.9755862,
            -16.8145921
          ],
          [
            -150.9755840,
            -16.8149243
          ],
          [
            -150.9755565,
            -16.8152698
          ],
          [
            -150.9755442,
            -16.8156294
          ],
          [
            -150.9754364,
            -16.8159696
          ],
          [
            -150.9753856,
            -16.8163243
          ],
          [
            -150.9753578,
            -16.8166417
          ],
          [
            -150.9756413,
            -16.8167701
          ]
        ]
      }
    },
    {
      "type": "Feature",
      "properties": {},
      "geometry": {
        "type": "LineString",
        "coordinates": [
          [
            -151.0352655,
            -16.7753647
          ],
          [
            -151.0350818,
            -16.7758922
          ],
          [
            -151.0349734,
            -16.7763349
          ],
          [
            -151.0352611,
            -16.7767238
          ],
          [
            -151.0350400,
            -16.7771155
          ],
          [
            -151.0345679,
            -16.7776598
          ],
          [
            -151.0342546,
            -16.7780658
          ],
          [
            -151.0338097,
            -16.7783165
          ],
          [
            -151.0333626,
            -16.7785632
          ],
          [
            -151.0328365,
            -16.7786302
          ],
          [
            -151.0322687,
            -16.7783622
          ],
          [
            -151.0318494,
            -16.7781425
          ],
          [
            -151.0315597,
            -16.7779098
          ],
          [
            -151.0312157,
            -16.7776751
          ],
          [
            -151.0313863,
            -16.7775429
          ],
          [
            -151.0315935,
            -16.7773843
          ],
          [
            -151.0321502,
            -16.7772525
          ],
          [
            -151.0326619,
            -16.7769353
          ],
          [
            -151.0331045,
            -16.7764765
          ],
          [
            -151.0334932,
            -16.7763502
          ],
          [
            -151.0338105,
            -16.7761837
          ],
          [
            -151.0340488,
            -16.7760487
          ],
          [
            -151.0346350,
            -16.7757801
          ],
          [
            -151.0350817,
            -16.7753965
          ]
        ]
      }
    },
    {
      "type": "Feature",
      "properties": {},
      "geometry": {
        "type": "LineString",
        "coordinates": [
          [
            -150.9680219,
            -16.7548726
          ],
          [
            -150.9643210,
            -16.7570850
          ],
          [
            -150.9619162,
            -16.7594532
          ],
          [
            -150.9598471,
            -16.7616820
          ],
          [
            -150.9550112,
            -16.7648950
          ],
          [
            -150.9525346,
            -16.7670158
          ],
          [
            -150.9503722,
            -16.7713539
          ],
          [
            -150.9513299,
            -16.7758537
          ],
          [
            -150.9459606,
            -16.7730593
          ],
          [
            -150.9486013,
            -16.7667671
          ],
          [
            -150.9593812,
            -16.7585664
          ],
          [
            -150.9620489,
            -16.7556115
          ],
          [
            -150.9647646,
            -16.7538594
          ]
        ]
      }
    },
    {
      "type": "Feature",
      "properties": {},
      "geometry": {
        "type": "LineString",
        "coordinates": [
          [
            -150.9831869,
            -16.7183300
          ],
          [
            -150.9829632,
            -16.7185952
          ],
          [
            -150.9828424,
            -16.7183911
          ],
          [
            -150.9828484,
            -16.7181559
          ],
          [
            -150.9825010,
            -16.7181136
          ],
          [
            -150.9822098,
            -16.7181015
          ],
          [
            -150.9818783,
            -16.7180469
          ],
          [
            -150.9815429,
            -16.7180260
          ],
          [
            -150.9814149,
            -16.7183515
          ],
          [
            -150.9811856,
            -16.7185489
          ],
          [
            -150.9810071,
            -16.7187105
          ],
          [
            -150.9811438,
            -16.7188211
          ],
          [
            -150.9810764,
            -16.7191749
          ],
          [
            -150.9811289,
            -16.7195453
          ],
          [
            -150.9811345,
            -16.7199155
          ],
          [
            -150.9811926,
            -16.7202577
          ],
          [
            -150.9810740,
            -16.7205153
          ],
          [
            -150.9807965,
            -16.7206093
          ],
          [
            -150.9809809,
            -16.7207253
          ],
          [
            -150.9812789,
            -16.7208301
          ],
          [
            -150.9814303,
            -16.7211766
          ],
          [
            -150.9815497,
            -16.7215414
          ],
          [
            -150.9818625,
            -16.7217563
          ],
          [
            -150.9818958,
            -16.7217830
          ],
          [
            -150.9815171,
            -16.7218838
          ],
          [
            -150.9811707,
            -16.7218220
          ],
          [
            -150.9808329,
            -16.7218577
          ],
          [
            -150.9805079,
            -16.7217800
          ],
          [
            -150.9801079,
            -16.7217067
          ],
          [
            -150.9797533,
            -16.7218249
          ],
          [
            -150.9793193,
            -16.7218868
          ],
          [
            -150.9789347,
            -16.7220002
          ],
          [
            -150.9786180,
            -16.7220407
          ],
          [
            -150.9782912,
            -16.7222162
          ],
          [
            -150.9779932,
            -16.7220842
          ],
          [
            -150.9776531,
            -16.7218919
          ],
          [
            -150.9773229,
            -16.7216901
          ],
          [
            -150.9770260,
            -16.7214105
          ],
          [
            -150.9769779,
            -16.7210359
          ],
          [
            -150.9770408,
            -16.7206368
          ],
          [
            -150.9772194,
            -16.7203173
          ],
          [
            -150.9774255,
            -16.7199987
          ],
          [
            -150.9777613,
            -16.7198239
          ],
          [
            -150.9780634,
            -16.7196204
          ],
          [
            -150.9783705,
            -16.7193584
          ],
          [
            -150.9786294,
            -16.7190726
          ],
          [
            -150.9790625,
            -16.7188242
          ],
          [
            -150.9792364,
            -16.7184548
          ],
          [
            -150.9794449,
            -16.7180467
          ],
          [
            -150.9797184,
            -16.7177445
          ],
          [
            -150.9800491,
            -16.7175149
          ],
          [
            -150.9804252,
            -16.7174736
          ],
          [
            -150.9808261,
            -16.7174548
          ],
          [
            -150.9812293,
            -16.7174549
          ],
          [
            -150.9816142,
            -16.7175483
          ],
          [
            -150.9820730,
            -16.7176772
          ],
          [
            -150.9825948,
            -16.7176617
          ],
          [
            -150.9830022,
            -16.7177782
          ],
          [
            -150.9831718,
            -16.7181028
          ]
        ]
      }
    },
    {
      "type": "Feature",
      "properties": {},
      "geometry": {
        "type": "LineString",
        "coordinates": [
          [
            -150.9752704,
            -16.7488192
          ],
          [
            -150.9746657,
            -16.7492688
          ],
          [
            -150.9742859,
            -16.7490429
          ],
          [
            -150.9742401,
            -16.7488755
          ],
          [
            -150.9746058,
            -16.7488638
          ],
          [
            -150.9750758,
            -16.7486872
          ]
        ]
      }
    },
    {
      "type": "Feature",
      "properties": {},
      "geometry": {
        "type": "LineString",
        "coordinates": [
          [
            -150.9654421,
            -16.7529473
          ],
          [
            -150.9646066,
            -16.7530069
          ]
        ]
      }
    },
    {
      "type": "Feature",
      "properties": {},
      "geometry": {
        "type": "LineString",
        "coordinates": [
          [
            -151.0272512,
            -16.7801972
          ],
          [
            -151.0269890,
            -16.7804392
          ],
          [
            -151.0265669,
            -16.7805250
          ],
          [
            -151.0263254,
            -16.7809798
          ],
          [
            -151.0261171,
            -16.7813936
          ],
          [
            -151.0260159,
            -16.7817344
          ],
          [
            -151.0258957,
            -16.7820996
          ],
          [
            -151.0258674,
            -16.7823615
          ],
          [
            -151.0261985,
            -16.7825610
          ],
          [
            -151.0264284,
            -16.7827839
          ],
          [
            -151.0264513,
            -16.7831548
          ],
          [
            -151.0261759,
            -16.7834092
          ],
          [
            -151.0258192,
            -16.7835107
          ],
          [
            -151.0254316,
            -16.7836508
          ],
          [
            -151.0250907,
            -16.7836748
          ],
          [
            -151.0247923,
            -16.7834736
          ],
          [
            -151.0244213,
            -16.7834877
          ],
          [
            -151.0240766,
            -16.7833663
          ],
          [
            -151.0236734,
            -16.7833015
          ],
          [
            -151.0232079,
            -16.7832847
          ],
          [
            -151.0229128,
            -16.7830274
          ],
          [
            -151.0227963,
            -16.7826771
          ],
          [
            -151.0227421,
            -16.7823333
          ],
          [
            -151.0225284,
            -16.7820801
          ],
          [
            -151.0223836,
            -16.7817902
          ],
          [
            -151.0221866,
            -16.7814296
          ],
          [
            -151.0219530,
            -16.7811645
          ],
          [
            -151.0216548,
            -16.7809006
          ],
          [
            -151.0213496,
            -16.7806549
          ],
          [
            -151.0209748,
            -16.7805673
          ],
          [
            -151.0205630,
            -16.7805176
          ],
          [
            -151.0201568,
            -16.7804238
          ],
          [
            -151.0197507,
            -16.7803768
          ],
          [
            -151.0194079,
            -16.7801811
          ],
          [
            -151.0190584,
            -16.7800051
          ],
          [
            -151.0186626,
            -16.7800559
          ],
          [
            -151.0184473,
            -16.7801222
          ],
          [
            -151.0182899,
            -16.7804660
          ],
          [
            -151.0181523,
            -16.7807823
          ],
          [
            -151.0178438,
            -16.7810024
          ],
          [
            -151.0174849,
            -16.7810840
          ],
          [
            -151.0172024,
            -16.7813614
          ],
          [
            -151.0170316,
            -16.7816521
          ],
          [
            -151.0167265,
            -16.7817482
          ],
          [
            -151.0164116,
            -16.7820256
          ],
          [
            -151.0161699,
            -16.7822823
          ],
          [
            -151.0161112,
            -16.7826535
          ],
          [
            -151.0160896,
            -16.7830645
          ],
          [
            -151.0161491,
            -16.7834360
          ],
          [
            -151.0161865,
            -16.7837479
          ],
          [
            -151.0162373,
            -16.7838833
          ],
          [
            -151.0165635,
            -16.7838664
          ],
          [
            -151.0168995,
            -16.7839795
          ],
          [
            -151.0172855,
            -16.7841468
          ],
          [
            -151.0175819,
            -16.7841600
          ],
          [
            -151.0177912,
            -16.7842773
          ],
          [
            -151.0180618,
            -16.7843815
          ],
          [
            -151.0182634,
            -16.7845252
          ],
          [
            -151.0185992,
            -16.7845932
          ],
          [
            -151.0188498,
            -16.7848294
          ],
          [
            -151.0191667,
            -16.7847948
          ],
          [
            -151.0195313,
            -16.7846826
          ],
          [
            -151.0197501,
            -16.7848674
          ],
          [
            -151.0201283,
            -16.7848177
          ],
          [
            -151.0204893,
            -16.7848891
          ],
          [
            -151.0207566,
            -16.7849732
          ],
          [
            -151.0208844,
            -16.7849882
          ],
          [
            -151.0209553,
            -16.7847163
          ],
          [
            -151.0212769,
            -16.7848034
          ],
          [
            -151.0216533,
            -16.7849109
          ],
          [
            -151.0220149,
            -16.7849697
          ],
          [
            -151.0223295,
            -16.7851692
          ],
          [
            -151.0225758,
            -16.7854809
          ],
          [
            -151.0227611,
            -16.7857426
          ],
          [
            -151.0228091,
            -16.7861271
          ],
          [
            -151.0230042,
            -16.7864775
          ],
          [
            -151.0231816,
            -16.7868169
          ],
          [
            -151.0233110,
            -16.7871563
          ],
          [
            -151.0234043,
            -16.7875189
          ],
          [
            -151.0234779,
            -16.7878785
          ],
          [
            -151.0233978,
            -16.7882577
          ],
          [
            -151.0234701,
            -16.7886090
          ],
          [
            -151.0232935,
            -16.7890201
          ],
          [
            -151.0230303,
            -16.7893409
          ],
          [
            -151.0227581,
            -16.7896063
          ],
          [
            -151.0225074,
            -16.7898753
          ],
          [
            -151.0221000,
            -16.7900267
          ],
          [
            -151.0217105,
            -16.7901043
          ],
          [
            -151.0212938,
            -16.7901759
          ],
          [
            -151.0208705,
            -16.7902415
          ],
          [
            -151.0204649,
            -16.7903826
          ],
          [
            -151.0200278,
            -16.7905269
          ],
          [
            -151.0196144,
            -16.7906189
          ],
          [
            -151.0192331,
            -16.7907889
          ],
          [
            -151.0187919,
            -16.7910721
          ],
          [
            -151.0184340,
            -16.7912504
          ],
          [
            -151.0181298,
            -16.7915185
          ],
          [
            -151.0178289,
            -16.7917412
          ],
          [
            -151.0175418,
            -16.7919877
          ],
          [
            -151.0172733,
            -16.7922625
          ],
          [
            -151.0170400,
            -16.7925531
          ],
          [
            -151.0168362,
            -16.7928759
          ],
          [
            -151.0166193,
            -16.7931777
          ],
          [
            -151.0163826,
            -16.7934838
          ],
          [
            -151.0160764,
            -16.7937000
          ],
          [
            -151.0157417,
            -16.7938971
          ],
          [
            -151.0152961,
            -16.7940647
          ]
        ]
      }
    },
    {
      "type": "Feature",
      "properties": {},
      "geometry": {
        "type": "LineString",
        "coordinates": [
          [
            -151.0055198,
            -16.8021429
          ],
          [
            -151.0052200,
            -16.8024108
          ],
          [
            -151.0050157,
            -16.8027023
          ],
          [
            -151.0048744,
            -16.8029915
          ],
          [
            -151.0046182,
            -16.8032382
          ],
          [
            -151.0043668,
            -16.8035412
          ],
          [
            -151.0042582,
            -16.8039275
          ],
          [
            -151.0041921,
            -16.8044492
          ],
          [
            -151.0032713,
            -16.8050145
          ],
          [
            -151.0013734,
            -16.8061302
          ],
          [
            -151.0012372,
            -16.8063407
          ],
          [
            -151.0010352,
            -16.8066691
          ],
          [
            -151.0009543,
            -16.8070736
          ],
          [
            -151.0009255,
            -16.8074308
          ],
          [
            -151.0009200,
            -16.8077997
          ],
          [
            -151.0009937,
            -16.8081755
          ],
          [
            -151.0012356,
            -16.8084983
          ],
          [
            -151.0014256,
            -16.8087849
          ],
          [
            -151.0012283,
            -16.8090122
          ],
          [
            -151.0009060,
            -16.8091798
          ],
          [
            -150.9997956,
            -16.8093227
          ],
          [
            -150.9994098,
            -16.8091874
          ],
          [
            -150.9990565,
            -16.8090243
          ],
          [
            -150.9987050,
            -16.8088349
          ],
          [
            -150.9983016,
            -16.8086907
          ],
          [
            -150.9978941,
            -16.8085547
          ],
          [
            -150.9974966,
            -16.8084497
          ],
          [
            -150.9970629,
            -16.8083808
          ],
          [
            -150.9966527,
            -16.8083713
          ],
          [
            -150.9961974,
            -16.8083818
          ],
          [
            -150.9957444,
            -16.8083770
          ],
          [
            -150.9952720,
            -16.8083362
          ],
          [
            -150.9947420,
            -16.8083450
          ],
          [
            -150.9942128,
            -16.8083796
          ],
          [
            -150.9937275,
            -16.8084760
          ],
          [
            -150.9932361,
            -16.8086286
          ],
          [
            -150.9927622,
            -16.8088263
          ],
          [
            -150.9922788,
            -16.8090558
          ],
          [
            -150.9918044,
            -16.8092817
          ],
          [
            -150.9913826,
            -16.8095519
          ],
          [
            -150.9909614,
            -16.8098595
          ],
          [
            -150.9905571,
            -16.8102051
          ],
          [
            -150.9901928,
            -16.8105615
          ],
          [
            -150.9898862,
            -16.8109297
          ],
          [
            -150.9896444,
            -16.8113290
          ],
          [
            -150.9895659,
            -16.8117230
          ],
          [
            -150.9893933,
            -16.8120835
          ],
          [
            -150.9892336,
            -16.8123987
          ],
          [
            -150.9890507,
            -16.8126519
          ],
          [
            -150.9888809,
            -16.8129958
          ],
          [
            -150.9888295,
            -16.8133253
          ],
          [
            -150.9888276,
            -16.8137771
          ],
          [
            -150.9887295,
            -16.8142549
          ],
          [
            -150.9886454,
            -16.8147506
          ],
          [
            -150.9885981,
            -16.8151911
          ],
          [
            -150.9886014,
            -16.8156080
          ],
          [
            -150.9886249,
            -16.8160966
          ],
          [
            -150.9886853,
            -16.8166281
          ],
          [
            -150.9887422,
            -16.8171702
          ],
          [
            -150.9887527,
            -16.8175818
          ],
          [
            -150.9887797,
            -16.8181217
          ],
          [
            -150.9887743,
            -16.8185882
          ],
          [
            -150.9886246,
            -16.8191399
          ],
          [
            -150.9883038,
            -16.8195646
          ],
          [
            -150.9880454,
            -16.8198313
          ],
          [
            -150.9876613,
            -16.8199572
          ],
          [
            -150.9872658,
            -16.8202173
          ],
          [
            -150.9859526,
            -16.8210871
          ],
          [
            -150.9855749,
            -16.8211911
          ],
          [
            -150.9851893,
            -16.8212804
          ],
          [
            -150.9850716,
            -16.8214365
          ],
          [
            -150.9848906,
            -16.8213640
          ]
        ]
      }
    },
    {
      "type": "Feature",
      "properties": {},
      "geometry": {
        "type": "LineString",
        "coordinates": [
          [
            -150.9764424,
            -16.7516100
          ],
          [
            -150.9766296,
            -16.7517987
          ],
          [
            -150.9768977,
            -16.7519786
          ],
          [
            -150.9772072,
            -16.7521179
          ],
          [
            -150.9775275,
            -16.7522164
          ],
          [
            -150.9778547,
            -16.7522540
          ],
          [
            -150.9781084,
            -16.7522184
          ],
          [
            -150.9783817,
            -16.7521768
          ],
          [
            -150.9786257,
            -16.7521710
          ],
          [
            -150.9789039,
            -16.7522447
          ],
          [
            -150.9791722,
            -16.7523649
          ],
          [
            -150.9794305,
            -16.7525512
          ],
          [
            -150.9796724,
            -16.7527650
          ],
          [
            -150.9799131,
            -16.7529767
          ],
          [
            -150.9800810,
            -16.7531798
          ],
          [
            -150.9803592,
            -16.7534337
          ],
          [
            -150.9805682,
            -16.7535926
          ],
          [
            -150.9808005,
            -16.7537637
          ],
          [
            -150.9810798,
            -16.7539664
          ],
          [
            -150.9813069,
            -16.7541318
          ],
          [
            -150.9814836,
            -16.7541950
          ],
          [
            -150.9817360,
            -16.7542476
          ],
          [
            -150.9819449,
            -16.7544121
          ],
          [
            -150.9821844,
            -16.7545214
          ],
          [
            -150.9823793,
            -16.7547139
          ],
          [
            -150.9825427,
            -16.7549237
          ],
          [
            -150.9827197,
            -16.7551381
          ],
          [
            -150.9829230,
            -16.7553452
          ],
          [
            -150.9831370,
            -16.7555511
          ],
          [
            -150.9833491,
            -16.7557550
          ],
          [
            -150.9835709,
            -16.7559858
          ],
          [
            -150.9837353,
            -16.7562842
          ],
          [
            -150.9838007,
            -16.7565596
          ],
          [
            -150.9838933,
            -16.7568555
          ],
          [
            -150.9840457,
            -16.7571067
          ],
          [
            -150.9842256,
            -16.7572149
          ],
          [
            -150.9844551,
            -16.7573524
          ],
          [
            -150.9846479,
            -16.7574953
          ],
          [
            -150.9848538,
            -16.7576802
          ],
          [
            -150.9850470,
            -16.7578563
          ],
          [
            -150.9852841,
            -16.7580707
          ],
          [
            -150.9853061,
            -16.7582951
          ],
          [
            -150.9854844,
            -16.7583551
          ],
          [
            -150.9856838,
            -16.7585204
          ],
          [
            -150.9859981,
            -16.7585312
          ],
          [
            -150.9862825,
            -16.7586094
          ],
          [
            -150.9866182,
            -16.7586117
          ],
          [
            -150.9869446,
            -16.7586553
          ],
          [
            -150.9872182,
            -16.7587463
          ],
          [
            -150.9875476,
            -16.7588869
          ],
          [
            -150.9878358,
            -16.7591144
          ],
          [
            -150.9880408,
            -16.7592301
          ],
          [
            -150.9881684,
            -16.7594461
          ],
          [
            -150.9883535,
            -16.7597173
          ],
          [
            -150.9884150,
            -16.7599900
          ],
          [
            -150.9884301,
            -16.7602433
          ],
          [
            -150.9884688,
            -16.7604999
          ],
          [
            -150.9884308,
            -16.7607532
          ],
          [
            -150.9885419,
            -16.7610222
          ],
          [
            -150.9893320,
            -16.7618588
          ],
          [
            -150.9901584,
            -16.7625197
          ],
          [
            -150.9904157,
            -16.7626320
          ],
          [
            -150.9907112,
            -16.7626877
          ],
          [
            -150.9909831,
            -16.7629065
          ],
          [
            -150.9911141,
            -16.7631168
          ],
          [
            -150.9912911,
            -16.7633511
          ],
          [
            -150.9915318,
            -16.7635905
          ],
          [
            -150.9917541,
            -16.7638027
          ],
          [
            -150.9923942,
            -16.7641042
          ],
          [
            -150.9926229,
            -16.7642127
          ],
          [
            -150.9928612,
            -16.7643151
          ],
          [
            -150.9931374,
            -16.7643720
          ],
          [
            -150.9940872,
            -16.7642342
          ],
          [
            -150.9964371,
            -16.7637339
          ],
          [
            -150.9970148,
            -16.7643027
          ],
          [
            -150.9982220,
            -16.7653122
          ],
          [
            -150.9984086,
            -16.7653842
          ],
          [
            -150.9985329,
            -16.7657068
          ]
        ]
      }
    },
    {
      "type": "Feature",
      "properties": {},
      "geometry": {
        "type": "LineString",
        "coordinates": [
          [
            -150.9755130,
            -16.7928661
          ],
          [
            -150.9754624,
            -16.7927325
          ],
          [
            -150.9753102,
            -16.7929472
          ],
          [
            -150.9750646,
            -16.7930693
          ],
          [
            -150.9745451,
            -16.7928175
          ],
          [
            -150.9743481,
            -16.7927588
          ],
          [
            -150.9740843,
            -16.7928158
          ],
          [
            -150.9738208,
            -16.7929072
          ],
          [
            -150.9735617,
            -16.7929625
          ],
          [
            -150.9732615,
            -16.7929660
          ],
          [
            -150.9729597,
            -16.7929642
          ],
          [
            -150.9726854,
            -16.7930144
          ],
          [
            -150.9725151,
            -16.7930855
          ],
          [
            -150.9722223,
            -16.7930863
          ],
          [
            -150.9719922,
            -16.7930153
          ],
          [
            -150.9718255,
            -16.7929715
          ],
          [
            -150.9715887,
            -16.7930698
          ],
          [
            -150.9713347,
            -16.7932121
          ],
          [
            -150.9710566,
            -16.7930993
          ],
          [
            -150.9707822,
            -16.7930548
          ],
          [
            -150.9705138,
            -16.7931270
          ],
          [
            -150.9702498,
            -16.7930745
          ],
          [
            -150.9699441,
            -16.7930890
          ],
          [
            -150.9697466,
            -16.7929679
          ],
          [
            -150.9694730,
            -16.7928689
          ],
          [
            -150.9692004,
            -16.7928550
          ],
          [
            -150.9689348,
            -16.7928745
          ],
          [
            -150.9686178,
            -16.7928385
          ],
          [
            -150.9683988,
            -16.7930112
          ],
          [
            -150.9681138,
            -16.7930168
          ],
          [
            -150.9679756,
            -16.7930239
          ],
          [
            -150.9678979,
            -16.7930820
          ],
          [
            -150.9677837,
            -16.7932045
          ],
          [
            -150.9675750,
            -16.7933784
          ],
          [
            -150.9674020,
            -16.7935816
          ],
          [
            -150.9671883,
            -16.7937816
          ],
          [
            -150.9669773,
            -16.7939878
          ],
          [
            -150.9669078,
            -16.7942481
          ],
          [
            -150.9666412,
            -16.7943215
          ],
          [
            -150.9663844,
            -16.7942784
          ],
          [
            -150.9662716,
            -16.7940933
          ],
          [
            -150.9661120,
            -16.7940282
          ],
          [
            -150.9659777,
            -16.7937857
          ],
          [
            -150.9658056,
            -16.7935161
          ],
          [
            -150.9655721,
            -16.7932339
          ],
          [
            -150.9641465,
            -16.7930210
          ],
          [
            -150.9626012,
            -16.7917125
          ],
          [
            -150.9623671,
            -16.7913787
          ],
          [
            -150.9620766,
            -16.7910829
          ],
          [
            -150.9617860,
            -16.7907905
          ],
          [
            -150.9615353,
            -16.7904859
          ],
          [
            -150.9612130,
            -16.7902017
          ],
          [
            -150.9608936,
            -16.7899146
          ],
          [
            -150.9606057,
            -16.7896756
          ],
          [
            -150.9602481,
            -16.7894397
          ],
          [
            -150.9600157,
            -16.7891402
          ],
          [
            -150.9598200,
            -16.7887697
          ],
          [
            -150.9595892,
            -16.7883746
          ],
          [
            -150.9593620,
            -16.7880377
          ],
          [
            -150.9590699,
            -16.7879071
          ],
          [
            -150.9586941,
            -16.7877515
          ],
          [
            -150.9586736,
            -16.7873948
          ],
          [
            -150.9585540,
            -16.7869970
          ],
          [
            -150.9586378,
            -16.7866402
          ],
          [
            -150.9587401,
            -16.7862980
          ],
          [
            -150.9586768,
            -16.7860175
          ],
          [
            -150.9588676,
            -16.7856630
          ],
          [
            -150.9587593,
            -16.7852957
          ],
          [
            -150.9587288,
            -16.7848866
          ],
          [
            -150.9586061,
            -16.7845070
          ],
          [
            -150.9584616,
            -16.7841548
          ],
          [
            -150.9582317,
            -16.7834183
          ],
          [
            -150.9580829,
            -16.7830647
          ],
          [
            -150.9581753,
            -16.7827579
          ],
          [
            -150.9583234,
            -16.7824922
          ],
          [
            -150.9583409,
            -16.7821222
          ],
          [
            -150.9583147,
            -16.7817671
          ],
          [
            -150.9582874,
            -16.7814179
          ],
          [
            -150.9583199,
            -16.7810450
          ],
          [
            -150.9582938,
            -16.7800349
          ],
          [
            -150.9581876,
            -16.7798057
          ],
          [
            -150.9581792,
            -16.7794688
          ],
          [
            -150.9581129,
            -16.7783165
          ],
          [
            -150.9576650,
            -16.7769439
          ],
          [
            -150.9575453,
            -16.7763392
          ],
          [
            -150.9569798,
            -16.7757109
          ],
          [
            -150.9571279,
            -16.7753660
          ],
          [
            -150.9581422,
            -16.7749032
          ],
          [
            -150.9581223,
            -16.7745789
          ],
          [
            -150.9581304,
            -16.7743161
          ],
          [
            -150.9580952,
            -16.7740237
          ],
          [
            -150.9583301,
            -16.7738484
          ],
          [
            -150.9585244,
            -16.7735242
          ],
          [
            -150.9586446,
            -16.7733160
          ],
          [
            -150.9588768,
            -16.7731086
          ],
          [
            -150.9590883,
            -16.7729249
          ],
          [
            -150.9592932,
            -16.7726867
          ],
          [
            -150.9594516,
            -16.7724785
          ],
          [
            -150.9596139,
            -16.7722468
          ],
          [
            -150.9598016,
            -16.7720123
          ],
          [
            -150.9599956,
            -16.7717744
          ],
          [
            -150.9601603,
            -16.7715418
          ],
          [
            -150.9603323,
            -16.7712886
          ],
          [
            -150.9605282,
            -16.7710247
          ],
          [
            -150.9607144,
            -16.7707718
          ],
          [
            -150.9608506,
            -16.7705596
          ],
          [
            -150.9610504,
            -16.7703198
          ],
          [
            -150.9611533,
            -16.7700608
          ],
          [
            -150.9610625,
            -16.7698633
          ],
          [
            -150.9608133,
            -16.7697035
          ],
          [
            -150.9607467,
            -16.7694589
          ],
          [
            -150.9607892,
            -16.7691868
          ],
          [
            -150.9606851,
            -16.7689775
          ],
          [
            -150.9606587,
            -16.7687376
          ],
          [
            -150.9608287,
            -16.7685698
          ],
          [
            -150.9611571,
            -16.7684316
          ],
          [
            -150.9613056,
            -16.7681845
          ],
          [
            -150.9615129,
            -16.7679738
          ],
          [
            -150.9617267,
            -16.7677395
          ],
          [
            -150.9619396,
            -16.7675212
          ]
        ]
      }
    },
    {
      "type": "Feature",
      "properties": {},
      "geometry": {
        "type": "LineString",
        "coordinates": [
          [
            -151.0255914,
            -16.7546510
          ],
          [
            -151.0258148,
            -16.7549002
          ],
          [
            -151.0259814,
            -16.7552386
          ],
          [
            -151.0261402,
            -16.7556009
          ],
          [
            -151.0261672,
            -16.7559981
          ],
          [
            -151.0260583,
            -16.7563706
          ],
          [
            -151.0259477,
            -16.7567302
          ],
          [
            -151.0259816,
            -16.7571009
          ],
          [
            -151.0261192,
            -16.7574750
          ],
          [
            -151.0263014,
            -16.7578580
          ],
          [
            -151.0264131,
            -16.7581994
          ],
          [
            -151.0265519,
            -16.7585368
          ],
          [
            -151.0268048,
            -16.7588223
          ],
          [
            -151.0270183,
            -16.7591054
          ],
          [
            -151.0271835,
            -16.7594742
          ],
          [
            -151.0273456,
            -16.7598105
          ],
          [
            -151.0275949,
            -16.7600867
          ],
          [
            -151.0277010,
            -16.7603087
          ],
          [
            -151.0277522,
            -16.7605959
          ],
          [
            -151.0278494,
            -16.7608508
          ],
          [
            -151.0275640,
            -16.7611202
          ],
          [
            -151.0273246,
            -16.7613374
          ],
          [
            -151.0272083,
            -16.7614489
          ],
          [
            -151.0270561,
            -16.7616368
          ],
          [
            -151.0270305,
            -16.7617732
          ],
          [
            -151.0267385,
            -16.7620356
          ],
          [
            -151.0265645,
            -16.7622920
          ],
          [
            -151.0264856,
            -16.7625920
          ],
          [
            -151.0263438,
            -16.7629051
          ],
          [
            -151.0261215,
            -16.7630774
          ],
          [
            -151.0259877,
            -16.7632754
          ],
          [
            -151.0259603,
            -16.7635675
          ],
          [
            -151.0261285,
            -16.7637973
          ],
          [
            -151.0261939,
            -16.7642390
          ],
          [
            -151.0261080,
            -16.7645299
          ],
          [
            -151.0259165,
            -16.7649117
          ],
          [
            -151.0255282,
            -16.7653836
          ],
          [
            -151.0251341,
            -16.7659686
          ],
          [
            -151.0245340,
            -16.7665420
          ],
          [
            -151.0241233,
            -16.7669218
          ],
          [
            -151.0237809,
            -16.7674303
          ],
          [
            -151.0232746,
            -16.7680200
          ],
          [
            -151.0228402,
            -16.7685340
          ],
          [
            -151.0224407,
            -16.7689100
          ],
          [
            -151.0221002,
            -16.7690552
          ],
          [
            -151.0222548,
            -16.7688186
          ],
          [
            -151.0218196,
            -16.7691801
          ],
          [
            -151.0217113,
            -16.7695416
          ],
          [
            -151.0215985,
            -16.7698747
          ],
          [
            -151.0214288,
            -16.7698880
          ],
          [
            -151.0214665,
            -16.7696658
          ],
          [
            -151.0209566,
            -16.7697754
          ],
          [
            -151.0203762,
            -16.7696999
          ],
          [
            -151.0200204,
            -16.7696661
          ],
          [
            -151.0198694,
            -16.7698224
          ],
          [
            -151.0198532,
            -16.7695619
          ],
          [
            -151.0193559,
            -16.7694338
          ],
          [
            -151.0190420,
            -16.7694018
          ],
          [
            -151.0185883,
            -16.7695216
          ],
          [
            -151.0179825,
            -16.7695133
          ],
          [
            -151.0174729,
            -16.7693185
          ],
          [
            -151.0172496,
            -16.7690797
          ],
          [
            -151.0168509,
            -16.7689727
          ],
          [
            -151.0161982,
            -16.7689589
          ],
          [
            -151.0157367,
            -16.7688248
          ],
          [
            -151.0154043,
            -16.7686601
          ],
          [
            -151.0151643,
            -16.7684677
          ],
          [
            -151.0147136,
            -16.7683520
          ],
          [
            -151.0142566,
            -16.7681651
          ],
          [
            -151.0138620,
            -16.7678534
          ],
          [
            -151.0137397,
            -16.7675653
          ],
          [
            -151.0133600,
            -16.7673477
          ],
          [
            -151.0128953,
            -16.7673435
          ],
          [
            -151.0124795,
            -16.7677500
          ],
          [
            -151.0121001,
            -16.7681324
          ],
          [
            -151.0117664,
            -16.7684154
          ],
          [
            -151.0113357,
            -16.7682621
          ],
          [
            -151.0108765,
            -16.7681541
          ],
          [
            -151.0105248,
            -16.7680693
          ]
        ]
      }
    },
    {
      "type": "Feature",
      "properties": {},
      "geometry": {
        "type": "LineString",
        "coordinates": [
          [
            -151.0055372,
            -16.7523894
          ],
          [
            -151.0048814,
            -16.7522235
          ],
          [
            -151.0044272,
            -16.7517013
          ],
          [
            -151.0040697,
            -16.7512291
          ],
          [
            -151.0039823,
            -16.7509157
          ],
          [
            -151.0041028,
            -16.7506072
          ],
          [
            -151.0050166,
            -16.7503722
          ],
          [
            -151.0061031,
            -16.7504082
          ],
          [
            -151.0066017,
            -16.7505385
          ],
          [
            -151.0072081,
            -16.7502089
          ],
          [
            -151.0072291,
            -16.7493737
          ],
          [
            -151.0065689,
            -16.7474825
          ],
          [
            -151.0060593,
            -16.7469464
          ],
          [
            -151.0038823,
            -16.7466992
          ],
          [
            -151.0035286,
            -16.7470215
          ],
          [
            -151.0032903,
            -16.7468425
          ],
          [
            -151.0032690,
            -16.7470199
          ],
          [
            -151.0031463,
            -16.7470135
          ],
          [
            -151.0026332,
            -16.7470758
          ],
          [
            -151.0020037,
            -16.7470965
          ],
          [
            -151.0007170,
            -16.7479758
          ],
          [
            -151.0002139,
            -16.7486519
          ],
          [
            -151.0001308,
            -16.7489117
          ],
          [
            -150.9998404,
            -16.7492482
          ],
          [
            -151.0001211,
            -16.7492957
          ],
          [
            -151.0001590,
            -16.7492056
          ],
          [
            -151.0002276,
            -16.7498274
          ],
          [
            -150.9997501,
            -16.7496682
          ],
          [
            -150.9994050,
            -16.7496022
          ],
          [
            -150.9992834,
            -16.7497347
          ],
          [
            -150.9988813,
            -16.7499369
          ],
          [
            -150.9986020,
            -16.7498276
          ],
          [
            -150.9982410,
            -16.7496492
          ],
          [
            -150.9977952,
            -16.7497107
          ],
          [
            -150.9976070,
            -16.7497950
          ],
          [
            -150.9973686,
            -16.7499180
          ],
          [
            -150.9971314,
            -16.7498295
          ],
          [
            -150.9962947,
            -16.7507399
          ],
          [
            -150.9961540,
            -16.7512984
          ],
          [
            -150.9954794,
            -16.7518682
          ],
          [
            -150.9942844,
            -16.7517493
          ],
          [
            -150.9937833,
            -16.7516733
          ],
          [
            -150.9934725,
            -16.7515227
          ],
          [
            -150.9931426,
            -16.7514305
          ],
          [
            -150.9932278,
            -16.7508430
          ],
          [
            -150.9929704,
            -16.7497922
          ],
          [
            -150.9923925,
            -16.7488774
          ],
          [
            -150.9918287,
            -16.7484381
          ],
          [
            -150.9914734,
            -16.7483507
          ],
          [
            -150.9907221,
            -16.7482660
          ],
          [
            -150.9894077,
            -16.7481418
          ],
          [
            -150.9883294,
            -16.7482781
          ],
          [
            -150.9873249,
            -16.7480019
          ],
          [
            -150.9861922,
            -16.7478857
          ],
          [
            -150.9852223,
            -16.7477038
          ],
          [
            -150.9844791,
            -16.7476346
          ],
          [
            -150.9840386,
            -16.7473901
          ],
          [
            -150.9833237,
            -16.7461228
          ],
          [
            -150.9827722,
            -16.7456351
          ],
          [
            -150.9811385,
            -16.7452052
          ],
          [
            -150.9801927,
            -16.7451436
          ],
          [
            -150.9782707,
            -16.7450924
          ],
          [
            -150.9778692,
            -16.7450415
          ],
          [
            -150.9774961,
            -16.7450067
          ],
          [
            -150.9770923,
            -16.7451078
          ],
          [
            -150.9767258,
            -16.7452660
          ],
          [
            -150.9763419,
            -16.7452676
          ],
          [
            -150.9761998,
            -16.7449987
          ],
          [
            -150.9759685,
            -16.7446768
          ]
        ]
      }
    },
    {
      "type": "Feature",
      "properties": {},
      "geometry": {
        "type": "LineString",
        "coordinates": [
          [
            -151.0462297,
            -16.7615804
          ],
          [
            -151.0459858,
            -16.7618376
          ],
          [
            -151.0456595,
            -16.7619729
          ],
          [
            -151.0454005,
            -16.7620995
          ],
          [
            -151.0451017,
            -16.7622328
          ],
          [
            -151.0447882,
            -16.7622428
          ],
          [
            -151.0445475,
            -16.7623018
          ],
          [
            -151.0442958,
            -16.7624225
          ],
          [
            -151.0439549,
            -16.7624879
          ],
          [
            -151.0436779,
            -16.7626230
          ],
          [
            -151.0434804,
            -16.7628445
          ],
          [
            -151.0432923,
            -16.7631724
          ],
          [
            -151.0432973,
            -16.7633858
          ],
          [
            -151.0429839,
            -16.7634096
          ],
          [
            -151.0425862,
            -16.7635138
          ],
          [
            -151.0422221,
            -16.7635201
          ],
          [
            -151.0418742,
            -16.7635054
          ],
          [
            -151.0419578,
            -16.7636753
          ],
          [
            -151.0420348,
            -16.7638467
          ],
          [
            -151.0423593,
            -16.7638207
          ],
          [
            -151.0426849,
            -16.7638734
          ],
          [
            -151.0430611,
            -16.7638390
          ],
          [
            -151.0432449,
            -16.7641164
          ],
          [
            -151.0433749,
            -16.7641220
          ],
          [
            -151.0440561,
            -16.7643226
          ],
          [
            -151.0441778,
            -16.7646489
          ],
          [
            -151.0444044,
            -16.7649784
          ],
          [
            -151.0446302,
            -16.7652928
          ],
          [
            -151.0448339,
            -16.7656299
          ],
          [
            -151.0449380,
            -16.7659633
          ],
          [
            -151.0451014,
            -16.7663314
          ],
          [
            -151.0450211,
            -16.7665897
          ],
          [
            -151.0449335,
            -16.7669809
          ],
          [
            -151.0448511,
            -16.7673715
          ],
          [
            -151.0447710,
            -16.7677427
          ],
          [
            -151.0446399,
            -16.7681363
          ],
          [
            -151.0443998,
            -16.7685251
          ],
          [
            -151.0441665,
            -16.7689007
          ],
          [
            -151.0439737,
            -16.7693224
          ],
          [
            -151.0438748,
            -16.7697106
          ],
          [
            -151.0436381,
            -16.7699953
          ],
          [
            -151.0434157,
            -16.7703601
          ],
          [
            -151.0431956,
            -16.7707729
          ],
          [
            -151.0429634,
            -16.7711595
          ],
          [
            -151.0427365,
            -16.7715137
          ],
          [
            -151.0425585,
            -16.7718329
          ],
          [
            -151.0422574,
            -16.7721514
          ],
          [
            -151.0419592,
            -16.7724192
          ],
          [
            -151.0416397,
            -16.7726978
          ],
          [
            -151.0412942,
            -16.7729387
          ],
          [
            -151.0409793,
            -16.7731646
          ],
          [
            -151.0406316,
            -16.7733342
          ],
          [
            -151.0402479,
            -16.7735584
          ],
          [
            -151.0397878,
            -16.7737262
          ],
          [
            -151.0393296,
            -16.7738234
          ],
          [
            -151.0389289,
            -16.7739380
          ],
          [
            -151.0385471,
            -16.7740303
          ],
          [
            -151.0382507,
            -16.7740144
          ],
          [
            -151.0378161,
            -16.7740001
          ],
          [
            -151.0374559,
            -16.7739567
          ],
          [
            -151.0371202,
            -16.7738781
          ],
          [
            -151.0368757,
            -16.7740499
          ],
          [
            -151.0365423,
            -16.7739569
          ],
          [
            -151.0362917,
            -16.7736645
          ],
          [
            -151.0359857,
            -16.7733765
          ],
          [
            -151.0358313,
            -16.7730412
          ],
          [
            -151.0357526,
            -16.7725933
          ],
          [
            -151.0358409,
            -16.7721785
          ],
          [
            -151.0359287,
            -16.7718478
          ],
          [
            -151.0359252,
            -16.7716864
          ],
          [
            -151.0358940,
            -16.7713916
          ],
          [
            -151.0358933,
            -16.7710320
          ],
          [
            -151.0359447,
            -16.7708417
          ],
          [
            -151.0357339,
            -16.7706452
          ],
          [
            -151.0358507,
            -16.7705515
          ],
          [
            -151.0359056,
            -16.7702269
          ],
          [
            -151.0359649,
            -16.7699076
          ],
          [
            -151.0359364,
            -16.7695240
          ],
          [
            -151.0358842,
            -16.7691719
          ],
          [
            -151.0358956,
            -16.7689872
          ],
          [
            -151.0362733,
            -16.7689720
          ],
          [
            -151.0365167,
            -16.7687885
          ],
          [
            -151.0362355,
            -16.7687463
          ],
          [
            -151.0362096,
            -16.7683706
          ],
          [
            -151.0361967,
            -16.7680242
          ],
          [
            -151.0361615,
            -16.7676331
          ],
          [
            -151.0361595,
            -16.7673057
          ],
          [
            -151.0362129,
            -16.7670286
          ],
          [
            -151.0360911,
            -16.7666764
          ],
          [
            -151.0360572,
            -16.7662939
          ],
          [
            -151.0362324,
            -16.7659983
          ],
          [
            -151.0363877,
            -16.7657156
          ],
          [
            -151.0365049,
            -16.7654338
          ],
          [
            -151.0366551,
            -16.7650337
          ],
          [
            -151.0367777,
            -16.7646250
          ],
          [
            -151.0368405,
            -16.7641940
          ],
          [
            -151.0368032,
            -16.7638220
          ],
          [
            -151.0366679,
            -16.7634074
          ],
          [
            -151.0364622,
            -16.7629898
          ],
          [
            -151.0362325,
            -16.7626203
          ],
          [
            -151.0359680,
            -16.7622986
          ],
          [
            -151.0356008,
            -16.7620390
          ],
          [
            -151.0351986,
            -16.7619192
          ],
          [
            -151.0347921,
            -16.7618807
          ],
          [
            -151.0346804,
            -16.7615769
          ],
          [
            -151.0346784,
            -16.7613089
          ],
          [
            -151.0344646,
            -16.7610183
          ],
          [
            -151.0343682,
            -16.7606634
          ],
          [
            -151.0342716,
            -16.7603372
          ],
          [
            -151.0342801,
            -16.7600017
          ],
          [
            -151.0339643,
            -16.7598410
          ],
          [
            -151.0335516,
            -16.7598015
          ],
          [
            -151.0331115,
            -16.7597526
          ],
          [
            -151.0327628,
            -16.7596017
          ],
          [
            -151.0325869,
            -16.7595930
          ],
          [
            -151.0323087,
            -16.7598598
          ],
          [
            -151.0319925,
            -16.7600236
          ],
          [
            -151.0316012,
            -16.7599559
          ],
          [
            -151.0314015,
            -16.7597011
          ],
          [
            -151.0311748,
            -16.7596101
          ],
          [
            -151.0308489,
            -16.7594116
          ],
          [
            -151.0304800,
            -16.7591863
          ],
          [
            -151.0300798,
            -16.7589483
          ],
          [
            -151.0297166,
            -16.7587262
          ],
          [
            -151.0294005,
            -16.7584396
          ],
          [
            -151.0290793,
            -16.7582044
          ],
          [
            -151.0288740,
            -16.7578658
          ],
          [
            -151.0285212,
            -16.7577090
          ],
          [
            -151.0281302,
            -16.7576675
          ],
          [
            -151.0277749,
            -16.7576094
          ],
          [
            -151.0274706,
            -16.7574457
          ],
          [
            -151.0270968,
            -16.7574369
          ],
          [
            -151.0268505,
            -16.7571955
          ],
          [
            -151.0267253,
            -16.7568864
          ],
          [
            -151.0267216,
            -16.7565085
          ],
          [
            -151.0266754,
            -16.7562742
          ],
          [
            -151.0264801,
            -16.7560467
          ],
          [
            -151.0264065,
            -16.7556030
          ],
          [
            -151.0264664,
            -16.7551730
          ],
          [
            -151.0263389,
            -16.7548447
          ],
          [
            -151.0263987,
            -16.7551817
          ],
          [
            -151.0262826,
            -16.7555358
          ],
          [
            -151.0260613,
            -16.7552447
          ],
          [
            -151.0258943,
            -16.7549110
          ],
          [
            -151.0256630,
            -16.7547737
          ]
        ]
      }
    },
    {
      "type": "Feature",
      "properties": {},
      "geometry": {
        "type": "LineString",
        "coordinates": [
          [
            -150.9864214,
            -16.7217578
          ],
          [
            -150.9863337,
            -16.7214594
          ],
          [
            -150.9866189,
            -16.7213635
          ],
          [
            -150.9867731,
            -16.7209693
          ],
          [
            -150.9869777,
            -16.7207733
          ],
          [
            -150.9869278,
            -16.7206518
          ],
          [
            -150.9868514,
            -16.7200920
          ],
          [
            -150.9866786,
            -16.7196312
          ],
          [
            -150.9867114,
            -16.7191895
          ],
          [
            -150.9865564,
            -16.7186443
          ],
          [
            -150.9864094,
            -16.7181634
          ],
          [
            -150.9863719,
            -16.7178029
          ],
          [
            -150.9862857,
            -16.7177045
          ],
          [
            -150.9862259,
            -16.7173907
          ],
          [
            -150.9863980,
            -16.7169010
          ],
          [
            -150.9864120,
            -16.7164103
          ],
          [
            -150.9865307,
            -16.7161716
          ],
          [
            -150.9864236,
            -16.7158412
          ],
          [
            -150.9863396,
            -16.7157288
          ],
          [
            -150.9861260,
            -16.7154914
          ],
          [
            -150.9858318,
            -16.7151207
          ],
          [
            -150.9858251,
            -16.7147115
          ],
          [
            -150.9860537,
            -16.7145508
          ],
          [
            -150.9859718,
            -16.7146971
          ],
          [
            -150.9861505,
            -16.7149723
          ],
          [
            -150.9863195,
            -16.7151390
          ],
          [
            -150.9863127,
            -16.7147002
          ],
          [
            -150.9861984,
            -16.7145128
          ],
          [
            -150.9864515,
            -16.7143827
          ],
          [
            -150.9866288,
            -16.7144032
          ],
          [
            -150.9864924,
            -16.7141462
          ],
          [
            -150.9863104,
            -16.7137741
          ],
          [
            -150.9861406,
            -16.7135434
          ],
          [
            -150.9861219,
            -16.7132616
          ],
          [
            -150.9862533,
            -16.7131120
          ],
          [
            -150.9865738,
            -16.7129493
          ],
          [
            -150.9868318,
            -16.7128507
          ],
          [
            -150.9866216,
            -16.7128028
          ],
          [
            -150.9867455,
            -16.7127470
          ],
          [
            -150.9864444,
            -16.7126700
          ],
          [
            -150.9867235,
            -16.7125923
          ],
          [
            -150.9865176,
            -16.7124096
          ],
          [
            -150.9866306,
            -16.7121758
          ],
          [
            -150.9868417,
            -16.7111146
          ],
          [
            -150.9869797,
            -16.7103114
          ],
          [
            -150.9871112,
            -16.7097046
          ],
          [
            -150.9870606,
            -16.7094379
          ],
          [
            -150.9867883,
            -16.7093533
          ],
          [
            -150.9866311,
            -16.7091109
          ],
          [
            -150.9867755,
            -16.7088146
          ],
          [
            -150.9866471,
            -16.7084562
          ],
          [
            -150.9866846,
            -16.7081524
          ],
          [
            -150.9866714,
            -16.7080299
          ],
          [
            -150.9867497,
            -16.7075345
          ],
          [
            -150.9866272,
            -16.7073728
          ],
          [
            -150.9869345,
            -16.7070435
          ],
          [
            -150.9869233,
            -16.7066226
          ],
          [
            -150.9868990,
            -16.7061666
          ],
          [
            -150.9870839,
            -16.7059149
          ],
          [
            -150.9868951,
            -16.7057251
          ],
          [
            -150.9870805,
            -16.7054621
          ],
          [
            -150.9870528,
            -16.7051065
          ],
          [
            -150.9870821,
            -16.7047699
          ],
          [
            -150.9866350,
            -16.7037705
          ],
          [
            -150.9862771,
            -16.7027712
          ],
          [
            -150.9858192,
            -16.7023083
          ],
          [
            -150.9858182,
            -16.7017831
          ],
          [
            -150.9863975,
            -16.7009892
          ],
          [
            -150.9880187,
            -16.6991958
          ]
        ]
      }
    },
    {
      "type": "Feature",
      "properties": {},
      "geometry": {
        "type": "LineString",
        "coordinates": [
          [
            -150.9791250,
            -16.7093805
          ],
          [
            -150.9792227,
            -16.7090028
          ],
          [
            -150.9793267,
            -16.7086301
          ],
          [
            -150.9794448,
            -16.7082349
          ],
          [
            -150.9795579,
            -16.7078341
          ],
          [
            -150.9796414,
            -16.7074071
          ],
          [
            -150.9796840,
            -16.7069826
          ],
          [
            -150.9797264,
            -16.7065865
          ],
          [
            -150.9798059,
            -16.7061985
          ],
          [
            -150.9798634,
            -16.7057541
          ],
          [
            -150.9798968,
            -16.7053122
          ],
          [
            -150.9799483,
            -16.7046448
          ],
          [
            -150.9800211,
            -16.7040264
          ],
          [
            -150.9801063,
            -16.7034329
          ],
          [
            -150.9802049,
            -16.7028231
          ],
          [
            -150.9802930,
            -16.7021791
          ],
          [
            -150.9803728,
            -16.7015158
          ],
          [
            -150.9803919,
            -16.7009344
          ],
          [
            -150.9804334,
            -16.7003767
          ],
          [
            -150.9804282,
            -16.6997796
          ],
          [
            -150.9804128,
            -16.6994098
          ],
          [
            -150.9804326,
            -16.6988094
          ],
          [
            -150.9804687,
            -16.6981689
          ],
          [
            -150.9805526,
            -16.6975150
          ],
          [
            -150.9806150,
            -16.6968507
          ],
          [
            -150.9807375,
            -16.6961968
          ],
          [
            -150.9809862,
            -16.6955131
          ],
          [
            -150.9812769,
            -16.6948760
          ],
          [
            -150.9816323,
            -16.6943764
          ],
          [
            -150.9820014,
            -16.6938387
          ],
          [
            -150.9824412,
            -16.6933009
          ],
          [
            -150.9832655,
            -16.6925367
          ],
          [
            -150.9848962,
            -16.6913288
          ],
          [
            -150.9861793,
            -16.6904602
          ],
          [
            -150.9870075,
            -16.6899719
          ],
          [
            -150.9886659,
            -16.6887055
          ],
          [
            -150.9897808,
            -16.6876308
          ],
          [
            -150.9911530,
            -16.6862103
          ],
          [
            -150.9914897,
            -16.6859059
          ],
          [
            -150.9918031,
            -16.6856084
          ],
          [
            -150.9921226,
            -16.6853286
          ],
          [
            -150.9924563,
            -16.6850780
          ],
          [
            -150.9928258,
            -16.6848132
          ],
          [
            -150.9931737,
            -16.6845809
          ],
          [
            -150.9935121,
            -16.6843626
          ],
          [
            -150.9939226,
            -16.6841300
          ],
          [
            -150.9943385,
            -16.6838881
          ],
          [
            -150.9946665,
            -16.6836214
          ],
          [
            -150.9951597,
            -16.6834039
          ],
          [
            -150.9955961,
            -16.6832821
          ],
          [
            -150.9960052,
            -16.6831638
          ],
          [
            -150.9964582,
            -16.6831065
          ],
          [
            -150.9969549,
            -16.6830777
          ],
          [
            -150.9974893,
            -16.6830548
          ],
          [
            -150.9980257,
            -16.6830957
          ],
          [
            -150.9984757,
            -16.6831316
          ],
          [
            -150.9989715,
            -16.6832402
          ],
          [
            -150.9994603,
            -16.6833893
          ],
          [
            -150.9999454,
            -16.6835423
          ],
          [
            -151.0003669,
            -16.6836433
          ],
          [
            -151.0008076,
            -16.6837716
          ],
          [
            -151.0011689,
            -16.6838453
          ],
          [
            -151.0015835,
            -16.6839622
          ],
          [
            -151.0019970,
            -16.6840602
          ],
          [
            -151.0023790,
            -16.6841724
          ],
          [
            -151.0027595,
            -16.6842677
          ],
          [
            -151.0032554,
            -16.6843088
          ],
          [
            -151.0037645,
            -16.6843556
          ],
          [
            -151.0041620,
            -16.6844277
          ],
          [
            -151.0046445,
            -16.6844729
          ],
          [
            -151.0051912,
            -16.6845290
          ],
          [
            -151.0057319,
            -16.6845780
          ],
          [
            -151.0061838,
            -16.6845701
          ],
          [
            -151.0066145,
            -16.6845913
          ],
          [
            -151.0071597,
            -16.6845791
          ],
          [
            -151.0075925,
            -16.6846077
          ],
          [
            -151.0080088,
            -16.6846142
          ],
          [
            -151.0084380,
            -16.6846298
          ],
          [
            -151.0088267,
            -16.6846493
          ],
          [
            -151.0092229,
            -16.6846607
          ],
          [
            -151.0096446,
            -16.6846929
          ],
          [
            -151.0100485,
            -16.6847683
          ],
          [
            -151.0104932,
            -16.6847897
          ],
          [
            -151.0109527,
            -16.6848131
          ],
          [
            -151.0113786,
            -16.6848576
          ],
          [
            -151.0117887,
            -16.6848998
          ],
          [
            -151.0121762,
            -16.6848605
          ],
          [
            -151.0125639,
            -16.6849225
          ],
          [
            -151.0129576,
            -16.6849730
          ],
          [
            -151.0134292,
            -16.6849915
          ],
          [
            -151.0138725,
            -16.6849852
          ],
          [
            -151.0143354,
            -16.6849835
          ],
          [
            -151.0147809,
            -16.6850032
          ],
          [
            -151.0152326,
            -16.6850256
          ],
          [
            -151.0157222,
            -16.6850903
          ],
          [
            -151.0161987,
            -16.6851508
          ],
          [
            -151.0166296,
            -16.6852019
          ],
          [
            -151.0171047,
            -16.6852787
          ],
          [
            -151.0175993,
            -16.6853707
          ],
          [
            -151.0180546,
            -16.6854436
          ],
          [
            -151.0184933,
            -16.6854933
          ],
          [
            -151.0189653,
            -16.6855490
          ],
          [
            -151.0194386,
            -16.6855984
          ],
          [
            -151.0199176,
            -16.6856762
          ],
          [
            -151.0203052,
            -16.6858078
          ],
          [
            -151.0207266,
            -16.6859214
          ],
          [
            -151.0211681,
            -16.6860067
          ],
          [
            -151.0216339,
            -16.6860815
          ],
          [
            -151.0220717,
            -16.6861571
          ],
          [
            -151.0224772,
            -16.6862559
          ],
          [
            -151.0228890,
            -16.6863247
          ],
          [
            -151.0232929,
            -16.6864174
          ],
          [
            -151.0236979,
            -16.6864920
          ]
        ]
      }
    },
    {
      "type": "Feature",
      "properties": {},
      "geometry": {
        "type": "LineString",
        "coordinates": [
          [
            -150.9886269,
            -16.6937013
          ],
          [
            -150.9883944,
            -16.6938433
          ],
          [
            -150.9881526,
            -16.6939791
          ],
          [
            -150.9879428,
            -16.6941458
          ],
          [
            -150.9877022,
            -16.6943221
          ],
          [
            -150.9874311,
            -16.6945166
          ],
          [
            -150.9872356,
            -16.6947252
          ],
          [
            -150.9870182,
            -16.6949448
          ],
          [
            -150.9868117,
            -16.6951926
          ],
          [
            -150.9865596,
            -16.6954066
          ],
          [
            -150.9862594,
            -16.6954429
          ],
          [
            -150.9860000,
            -16.6955918
          ],
          [
            -150.9857464,
            -16.6958917
          ],
          [
            -150.9854027,
            -16.6964225
          ],
          [
            -150.9852978,
            -16.6968711
          ],
          [
            -150.9851221,
            -16.6974819
          ],
          [
            -150.9851578,
            -16.6978910
          ],
          [
            -150.9852807,
            -16.6982730
          ],
          [
            -150.9855374,
            -16.6988008
          ],
          [
            -150.9857951,
            -16.6992102
          ],
          [
            -150.9859396,
            -16.6994351
          ],
          [
            -150.9860053,
            -16.6998994
          ],
          [
            -150.9860153,
            -16.7002410
          ],
          [
            -150.9856880,
            -16.7005157
          ],
          [
            -150.9853441,
            -16.7006486
          ],
          [
            -150.9851589,
            -16.7010679
          ],
          [
            -150.9850940,
            -16.7015293
          ],
          [
            -150.9852762,
            -16.7017616
          ],
          [
            -150.9854010,
            -16.7021364
          ],
          [
            -150.9854110,
            -16.7025504
          ],
          [
            -150.9855410,
            -16.7029584
          ],
          [
            -150.9858562,
            -16.7032732
          ],
          [
            -150.9861099,
            -16.7035981
          ],
          [
            -150.9862276,
            -16.7039870
          ],
          [
            -150.9862929,
            -16.7044872
          ],
          [
            -150.9863190,
            -16.7049154
          ],
          [
            -150.9865136,
            -16.7051682
          ],
          [
            -150.9866192,
            -16.7055423
          ],
          [
            -150.9864316,
            -16.7059050
          ],
          [
            -150.9862030,
            -16.7063589
          ],
          [
            -150.9860936,
            -16.7067134
          ],
          [
            -150.9859841,
            -16.7071292
          ],
          [
            -150.9858867,
            -16.7076286
          ],
          [
            -150.9859214,
            -16.7079855
          ],
          [
            -150.9858387,
            -16.7084282
          ],
          [
            -150.9857590,
            -16.7088319
          ],
          [
            -150.9858340,
            -16.7091469
          ],
          [
            -150.9858174,
            -16.7094362
          ],
          [
            -150.9858477,
            -16.7097159
          ],
          [
            -150.9858589,
            -16.7100544
          ],
          [
            -150.9860560,
            -16.7103724
          ],
          [
            -150.9861466,
            -16.7108628
          ],
          [
            -150.9861512,
            -16.7113785
          ],
          [
            -150.9860751,
            -16.7117542
          ],
          [
            -150.9860591,
            -16.7121390
          ],
          [
            -150.9858701,
            -16.7124626
          ],
          [
            -150.9856109,
            -16.7127310
          ],
          [
            -150.9854164,
            -16.7130608
          ],
          [
            -150.9850573,
            -16.7130538
          ],
          [
            -150.9846934,
            -16.7128641
          ],
          [
            -150.9843777,
            -16.7126580
          ],
          [
            -150.9841375,
            -16.7124032
          ],
          [
            -150.9838668,
            -16.7120874
          ],
          [
            -150.9836039,
            -16.7118561
          ],
          [
            -150.9832521,
            -16.7116811
          ],
          [
            -150.9829879,
            -16.7114195
          ],
          [
            -150.9825823,
            -16.7113828
          ],
          [
            -150.9822084,
            -16.7113791
          ],
          [
            -150.9818335,
            -16.7113628
          ],
          [
            -150.9814671,
            -16.7113510
          ],
          [
            -150.9811065,
            -16.7113375
          ],
          [
            -150.9806876,
            -16.7113382
          ],
          [
            -150.9807827,
            -16.7116363
          ],
          [
            -150.9807392,
            -16.7119432
          ],
          [
            -150.9809418,
            -16.7121666
          ],
          [
            -150.9810195,
            -16.7124939
          ],
          [
            -150.9812816,
            -16.7124457
          ],
          [
            -150.9816516,
            -16.7123024
          ],
          [
            -150.9820357,
            -16.7121729
          ],
          [
            -150.9824485,
            -16.7121208
          ],
          [
            -150.9828405,
            -16.7121774
          ],
          [
            -150.9832064,
            -16.7121114
          ],
          [
            -150.9835513,
            -16.7122857
          ],
          [
            -150.9835208,
            -16.7124524
          ],
          [
            -150.9831070,
            -16.7125025
          ],
          [
            -150.9827634,
            -16.7125787
          ],
          [
            -150.9823791,
            -16.7127289
          ],
          [
            -150.9819747,
            -16.7128778
          ],
          [
            -150.9820367,
            -16.7131362
          ],
          [
            -150.9822078,
            -16.7133774
          ],
          [
            -150.9824250,
            -16.7135205
          ],
          [
            -150.9824072,
            -16.7138318
          ],
          [
            -150.9826390,
            -16.7140469
          ],
          [
            -150.9829493,
            -16.7143039
          ],
          [
            -150.9827977,
            -16.7146302
          ],
          [
            -150.9825008,
            -16.7148608
          ],
          [
            -150.9820793,
            -16.7148796
          ],
          [
            -150.9817363,
            -16.7149998
          ],
          [
            -150.9815376,
            -16.7150547
          ],
          [
            -150.9811570,
            -16.7149484
          ],
          [
            -150.9808634,
            -16.7146800
          ],
          [
            -150.9806078,
            -16.7143736
          ],
          [
            -150.9804440,
            -16.7140596
          ],
          [
            -150.9802790,
            -16.7137125
          ],
          [
            -150.9801815,
            -16.7133731
          ],
          [
            -150.9801032,
            -16.7129923
          ],
          [
            -150.9800437,
            -16.7125889
          ],
          [
            -150.9799834,
            -16.7121539
          ],
          [
            -150.9799177,
            -16.7117448
          ],
          [
            -150.9798734,
            -16.7113224
          ],
          [
            -150.9798082,
            -16.7109137
          ],
          [
            -150.9796171,
            -16.7105728
          ],
          [
            -150.9793130,
            -16.7103184
          ],
          [
            -150.9792355,
            -16.7099822
          ],
          [
            -150.9792464,
            -16.7096029
          ]
        ]
      }
    },
    {
      "type": "Feature",
      "properties": {},
      "geometry": {
        "type": "LineString",
        "coordinates": [
          [
            -150.9690389,
            -16.7942561
          ],
          [
            -150.9687924,
            -16.7951861
          ],
          [
            -150.9690389,
            -16.7942561
          ]
        ]
      }
    },
    {
      "type": "Feature",
      "properties": {},
      "geometry": {
        "type": "LineString",
        "coordinates": [
          [
            -150.9701203,
            -16.7951618
          ],
          [
            -150.9698794,
            -16.7952853
          ],
          [
            -150.9697154,
            -16.7946290
          ],
          [
            -150.9691614,
            -16.7941510
          ],
          [
            -150.9699757,
            -16.7945610
          ]
        ]
      }
    },
    {
      "type": "Feature",
      "properties": {},
      "geometry": {
        "type": "LineString",
        "coordinates": [
          [
            -150.9744819,
            -16.7952130
          ],
          [
            -150.9741923,
            -16.7954253
          ],
          [
            -150.9738339,
            -16.7954733
          ],
          [
            -150.9739534,
            -16.7952720
          ],
          [
            -150.9742527,
            -16.7951219
          ]
        ]
      }
    },
    {
      "type": "Feature",
      "properties": {},
      "geometry": {
        "type": "LineString",
        "coordinates": [
          [
            -150.9783148,
            -16.7249230
          ],
          [
            -150.9751857,
            -16.7287570
          ],
          [
            -150.9756106,
            -16.7302982
          ],
          [
            -150.9736725,
            -16.7333691
          ],
          [
            -150.9739960,
            -16.7314361
          ],
          [
            -150.9734697,
            -16.7310140
          ],
          [
            -150.9722826,
            -16.7329277
          ],
          [
            -150.9725819,
            -16.7356411
          ],
          [
            -150.9727368,
            -16.7374962
          ],
          [
            -150.9718170,
            -16.7386950
          ],
          [
            -150.9725604,
            -16.7388694
          ],
          [
            -150.9738457,
            -16.7382137
          ],
          [
            -150.9742477,
            -16.7378252
          ],
          [
            -150.9737466,
            -16.7410136
          ],
          [
            -150.9697213,
            -16.7382936
          ],
          [
            -150.9731409,
            -16.7269965
          ]
        ]
      }
    },
    {
      "type": "Feature",
      "properties": {},
      "geometry": {
        "type": "LineString",
        "coordinates": [
          [
            -150.9841078,
            -16.7228490
          ],
          [
            -150.9840695,
            -16.7228386
          ]
        ]
      }
    },
    {
      "type": "Feature",
      "properties": {},
      "geometry": {
        "type": "LineString",
        "coordinates": [
          [
            -150.9843827,
            -16.7221553
          ],
          [
            -150.9842372,
            -16.7224387
          ],
          [
            -150.9843567,
            -16.7221388
          ]
        ]
      }
    },
    {
      "type": "Feature",
      "properties": {},
      "geometry": {
        "type": "LineString",
        "coordinates": [
          [
            -150.9853704,
            -16.7200898
          ],
          [
            -150.9851246,
            -16.7206001
          ],
          [
            -150.9848634,
            -16.7211146
          ],
          [
            -150.9846192,
            -16.7216437
          ],
          [
            -150.9844823,
            -16.7217644
          ],
          [
            -150.9846982,
            -16.7212548
          ],
          [
            -150.9851651,
            -16.7203107
          ]
        ]
      }
    },
    {
      "type": "Feature",
      "properties": {},
      "geometry": {
        "type": "LineString",
        "coordinates": [
          [
            -150.9858291,
            -16.7190856
          ],
          [
            -150.9855922,
            -16.7196314
          ],
          [
            -150.9854566,
            -16.7198394
          ],
          [
            -150.9856888,
            -16.7191715
          ],
          [
            -150.9858240,
            -16.7190340
          ]
        ]
      }
    },
    {
      "type": "Feature",
      "properties": {},
      "geometry": {
        "type": "LineString",
        "coordinates": [
          [
            -150.9860492,
            -16.7184611
          ],
          [
            -150.9859222,
            -16.7184833
          ],
          [
            -150.9858755,
            -16.7186222
          ],
          [
            -150.9860054,
            -16.7183941
          ]
        ]
      }
    },
    {
      "type": "Feature",
      "properties": {},
      "geometry": {
        "type": "LineString",
        "coordinates": [
          [
            -151.0065372,
            -16.7669789
          ],
          [
            -151.0063138,
            -16.7673414
          ],
          [
            -151.0064088,
            -16.7671074
          ],
          [
            -151.0062470,
            -16.7668829
          ],
          [
            -151.0060365,
            -16.7670500
          ],
          [
            -151.0061537,
            -16.7667773
          ],
          [
            -151.0063334,
            -16.7668440
          ]
        ]
      }
    },
    {
      "type": "Feature",
      "properties": {},
      "geometry": {
        "type": "LineString",
        "coordinates": [
          [
            -151.0097002,
            -16.7954353
          ],
          [
            -151.0089963,
            -16.7950836
          ]
        ]
      }
    },
    {
      "type": "Feature",
      "properties": {},
      "geometry": {
        "type": "LineString",
        "coordinates": [
          [
            -151.0099944,
            -16.7956486
          ],
          [
            -151.0098439,
            -16.7954864
          ]
        ]
      }
    },
    {
      "type": "Feature",
      "properties": {},
      "geometry": {
        "type": "LineString",
        "coordinates": [
          [
            -151.0151439,
            -16.7712022
          ],
          [
            -151.0148169,
            -16.7712957
          ],
          [
            -151.0150919,
            -16.7711849
          ]
        ]
      }
    },
    {
      "type": "Feature",
      "properties": {},
      "geometry": {
        "type": "LineString",
        "coordinates": [
          [
            -151.0208827,
            -16.7846199
          ],
          [
            -151.0205403,
            -16.7847883
          ],
          [
            -151.0205787,
            -16.7845736
          ]
        ]
      }
    },
    {
      "type": "Feature",
      "properties": {},
      "geometry": {
        "type": "LineString",
        "coordinates": [
          [
            -151.0219610,
            -16.7698136
          ],
          [
            -151.0218103,
            -16.7697981
          ]
        ]
      }
    },
    {
      "type": "Feature",
      "properties": {},
      "geometry": {
        "type": "LineString",
        "coordinates": [
          [
            -151.0233373,
            -16.7689666
          ],
          [
            -151.0220791,
            -16.7697838
          ],
          [
            -151.0227219,
            -16.7693136
          ],
          [
            -151.0231557,
            -16.7690205
          ]
        ]
      }
    },
    {
      "type": "Feature",
      "properties": {},
      "geometry": {
        "type": "LineString",
        "coordinates": [
          [
            -151.0411618,
            -16.7318600
          ],
          [
            -151.0409097,
            -16.7317603
          ],
          [
            -151.0411194,
            -16.7316132
          ],
          [
            -151.0411486,
            -16.7318177
          ]
        ]
      }
    },
    {
      "type": "Feature",
      "properties": {},
      "geometry": {
        "type": "LineString",
        "coordinates": [
          [
            -150.9620372,
            -16.7673897
          ],
          [
            -150.9621390,
            -16.7671345
          ],
          [
            -150.9621255,
            -16.7668461
          ],
          [
            -150.9621161,
            -16.7665850
          ],
          [
            -150.9621065,
            -16.7663112
          ],
          [
            -150.9621709,
            -16.7660815
          ],
          [
            -150.9624295,
            -16.7660026
          ],
          [
            -150.9626992,
            -16.7659726
          ],
          [
            -150.9629415,
            -16.7660479
          ],
          [
            -150.9628742,
            -16.7658529
          ],
          [
            -150.9630735,
            -16.7657122
          ],
          [
            -150.9632129,
            -16.7655066
          ],
          [
            -150.9633728,
            -16.7652766
          ],
          [
            -150.9635552,
            -16.7650406
          ],
          [
            -150.9637100,
            -16.7647892
          ],
          [
            -150.9637215,
            -16.7645940
          ],
          [
            -150.9637526,
            -16.7643496
          ],
          [
            -150.9639566,
            -16.7641678
          ],
          [
            -150.9638327,
            -16.7639398
          ],
          [
            -150.9636953,
            -16.7637349
          ],
          [
            -150.9638268,
            -16.7635258
          ],
          [
            -150.9637987,
            -16.7637203
          ],
          [
            -150.9639152,
            -16.7639282
          ],
          [
            -150.9640070,
            -16.7637970
          ],
          [
            -150.9641640,
            -16.7635631
          ],
          [
            -150.9643220,
            -16.7632837
          ],
          [
            -150.9645792,
            -16.7631368
          ],
          [
            -150.9648172,
            -16.7629464
          ],
          [
            -150.9649816,
            -16.7626426
          ],
          [
            -150.9651392,
            -16.7623758
          ],
          [
            -150.9653260,
            -16.7621471
          ],
          [
            -150.9655789,
            -16.7619116
          ],
          [
            -150.9658270,
            -16.7616772
          ],
          [
            -150.9660708,
            -16.7614514
          ],
          [
            -150.9662928,
            -16.7612892
          ],
          [
            -150.9664770,
            -16.7611173
          ],
          [
            -150.9666069,
            -16.7608492
          ],
          [
            -150.9667485,
            -16.7605697
          ],
          [
            -150.9668665,
            -16.7603232
          ],
          [
            -150.9670267,
            -16.7602092
          ],
          [
            -150.9670466,
            -16.7604767
          ],
          [
            -150.9670770,
            -16.7608742
          ],
          [
            -150.9674329,
            -16.7607831
          ],
          [
            -150.9676746,
            -16.7606808
          ],
          [
            -150.9679085,
            -16.7605644
          ],
          [
            -150.9681490,
            -16.7604544
          ],
          [
            -150.9684699,
            -16.7602804
          ],
          [
            -150.9687150,
            -16.7601279
          ],
          [
            -150.9689602,
            -16.7599621
          ],
          [
            -150.9691756,
            -16.7597736
          ],
          [
            -150.9693109,
            -16.7595337
          ],
          [
            -150.9694075,
            -16.7592894
          ],
          [
            -150.9693912,
            -16.7590365
          ],
          [
            -150.9694369,
            -16.7587831
          ],
          [
            -150.9694638,
            -16.7585195
          ],
          [
            -150.9694548,
            -16.7582713
          ],
          [
            -150.9694670,
            -16.7580151
          ],
          [
            -150.9695549,
            -16.7578280
          ],
          [
            -150.9696405,
            -16.7576030
          ],
          [
            -150.9695100,
            -16.7572987
          ],
          [
            -150.9692829,
            -16.7571003
          ],
          [
            -150.9691724,
            -16.7568954
          ],
          [
            -150.9693191,
            -16.7566953
          ],
          [
            -150.9695572,
            -16.7565946
          ],
          [
            -150.9698921,
            -16.7567368
          ],
          [
            -150.9702350,
            -16.7568289
          ],
          [
            -150.9705570,
            -16.7569406
          ],
          [
            -150.9708893,
            -16.7570624
          ],
          [
            -150.9712472,
            -16.7571697
          ],
          [
            -150.9715214,
            -16.7573189
          ],
          [
            -150.9717709,
            -16.7575517
          ],
          [
            -150.9719910,
            -16.7578269
          ],
          [
            -150.9721621,
            -16.7580942
          ],
          [
            -150.9721523,
            -16.7583331
          ],
          [
            -150.9723471,
            -16.7584433
          ],
          [
            -150.9726342,
            -16.7584435
          ],
          [
            -150.9729329,
            -16.7584052
          ],
          [
            -150.9732239,
            -16.7583040
          ],
          [
            -150.9735193,
            -16.7581671
          ],
          [
            -150.9738013,
            -16.7580070
          ],
          [
            -150.9740334,
            -16.7578546
          ],
          [
            -150.9742752,
            -16.7577307
          ],
          [
            -150.9744578,
            -16.7575308
          ],
          [
            -150.9746700,
            -16.7573428
          ],
          [
            -150.9748621,
            -16.7571483
          ],
          [
            -150.9750060,
            -16.7569172
          ],
          [
            -150.9750433,
            -16.7566592
          ],
          [
            -150.9750712,
            -16.7563689
          ],
          [
            -150.9750579,
            -16.7561277
          ],
          [
            -150.9750310,
            -16.7558659
          ],
          [
            -150.9749675,
            -16.7555859
          ],
          [
            -150.9749233,
            -16.7552537
          ],
          [
            -150.9748824,
            -16.7549603
          ],
          [
            -150.9747846,
            -16.7546840
          ],
          [
            -150.9746389,
            -16.7544258
          ],
          [
            -150.9744468,
            -16.7541983
          ],
          [
            -150.9742073,
            -16.7540602
          ],
          [
            -150.9738713,
            -16.7539978
          ],
          [
            -150.9735494,
            -16.7539776
          ],
          [
            -150.9732559,
            -16.7539219
          ],
          [
            -150.9730042,
            -16.7538637
          ],
          [
            -150.9727111,
            -16.7538794
          ],
          [
            -150.9723975,
            -16.7539631
          ],
          [
            -150.9721147,
            -16.7539792
          ],
          [
            -150.9721846,
            -16.7537623
          ],
          [
            -150.9723981,
            -16.7535557
          ],
          [
            -150.9726438,
            -16.7534382
          ],
          [
            -150.9729835,
            -16.7533160
          ],
          [
            -150.9732216,
            -16.7531949
          ],
          [
            -150.9734217,
            -16.7529745
          ],
          [
            -150.9736981,
            -16.7528874
          ],
          [
            -150.9740199,
            -16.7529984
          ],
          [
            -150.9743279,
            -16.7531642
          ],
          [
            -150.9746422,
            -16.7532923
          ],
          [
            -150.9749725,
            -16.7534086
          ],
          [
            -150.9753179,
            -16.7533743
          ],
          [
            -150.9756369,
            -16.7531854
          ],
          [
            -150.9758770,
            -16.7530158
          ],
          [
            -150.9760056,
            -16.7527764
          ],
          [
            -150.9760585,
            -16.7525223
          ],
          [
            -150.9761109,
            -16.7522619
          ],
          [
            -150.9761393,
            -16.7519945
          ],
          [
            -150.9762627,
            -16.7517755
          ],
          [
            -150.9764207,
            -16.7515561
          ]
        ]
      }
    },
    {
      "type": "Feature",
      "properties": {},
      "geometry": {
        "type": "LineString",
        "coordinates": [
          [
            -150.9847473,
            -16.8215391
          ],
          [
            -150.9845532,
            -16.8215275
          ],
          [
            -150.9843924,
            -16.8213431
          ],
          [
            -150.9842406,
            -16.8212254
          ],
          [
            -150.9839822,
            -16.8210409
          ],
          [
            -150.9835761,
            -16.8209919
          ],
          [
            -150.9832810,
            -16.8208807
          ],
          [
            -150.9830192,
            -16.8206607
          ],
          [
            -150.9829323,
            -16.8202774
          ],
          [
            -150.9826631,
            -16.8199943
          ],
          [
            -150.9822828,
            -16.8198280
          ],
          [
            -150.9819518,
            -16.8197313
          ],
          [
            -150.9817705,
            -16.8194122
          ],
          [
            -150.9814151,
            -16.8190984
          ],
          [
            -150.9811595,
            -16.8186858
          ],
          [
            -150.9809067,
            -16.8182618
          ],
          [
            -150.9807895,
            -16.8177618
          ],
          [
            -150.9806628,
            -16.8172828
          ],
          [
            -150.9807047,
            -16.8168507
          ],
          [
            -150.9806530,
            -16.8163679
          ],
          [
            -150.9806812,
            -16.8158764
          ],
          [
            -150.9805841,
            -16.8153984
          ],
          [
            -150.9806509,
            -16.8149739
          ],
          [
            -150.9808105,
            -16.8145874
          ],
          [
            -150.9806547,
            -16.8141188
          ],
          [
            -150.9805690,
            -16.8136979
          ],
          [
            -150.9807245,
            -16.8133397
          ],
          [
            -150.9811357,
            -16.8132485
          ],
          [
            -150.9815202,
            -16.8131337
          ],
          [
            -150.9817735,
            -16.8133301
          ],
          [
            -150.9822327,
            -16.8130464
          ],
          [
            -150.9824648,
            -16.8126971
          ],
          [
            -150.9826570,
            -16.8123113
          ],
          [
            -150.9828136,
            -16.8119398
          ],
          [
            -150.9829340,
            -16.8115555
          ],
          [
            -150.9830225,
            -16.8111770
          ],
          [
            -150.9830790,
            -16.8108032
          ],
          [
            -150.9831748,
            -16.8104204
          ],
          [
            -150.9830797,
            -16.8100482
          ],
          [
            -150.9829827,
            -16.8093404
          ],
          [
            -150.9814253,
            -16.8089193
          ],
          [
            -150.9791813,
            -16.8085277
          ],
          [
            -150.9780760,
            -16.8077731
          ],
          [
            -150.9769448,
            -16.8068673
          ],
          [
            -150.9751462,
            -16.8054935
          ],
          [
            -150.9749284,
            -16.8052595
          ],
          [
            -150.9747461,
            -16.8050252
          ],
          [
            -150.9745437,
            -16.8047561
          ],
          [
            -150.9743403,
            -16.8045168
          ],
          [
            -150.9741681,
            -16.8042899
          ],
          [
            -150.9739460,
            -16.8040448
          ],
          [
            -150.9737595,
            -16.8038034
          ],
          [
            -150.9735924,
            -16.8035857
          ],
          [
            -150.9734127,
            -16.8033832
          ],
          [
            -150.9732339,
            -16.8031798
          ],
          [
            -150.9730420,
            -16.8029542
          ],
          [
            -150.9728262,
            -16.8027632
          ],
          [
            -150.9726708,
            -16.8024412
          ],
          [
            -150.9725256,
            -16.8022109
          ],
          [
            -150.9723602,
            -16.8019734
          ],
          [
            -150.9721547,
            -16.8017434
          ],
          [
            -150.9718913,
            -16.8015746
          ],
          [
            -150.9716263,
            -16.8014072
          ],
          [
            -150.9712808,
            -16.8014435
          ],
          [
            -150.9710542,
            -16.8012839
          ],
          [
            -150.9708866,
            -16.8010083
          ],
          [
            -150.9704441,
            -16.8004311
          ],
          [
            -150.9706525,
            -16.7996894
          ],
          [
            -150.9715254,
            -16.7988572
          ],
          [
            -150.9716425,
            -16.7986253
          ],
          [
            -150.9717736,
            -16.7984133
          ],
          [
            -150.9718864,
            -16.7981965
          ],
          [
            -150.9720315,
            -16.7979726
          ],
          [
            -150.9722531,
            -16.7977395
          ],
          [
            -150.9725139,
            -16.7975380
          ],
          [
            -150.9727371,
            -16.7973015
          ],
          [
            -150.9729341,
            -16.7970114
          ],
          [
            -150.9730212,
            -16.7967342
          ],
          [
            -150.9731187,
            -16.7964730
          ],
          [
            -150.9731080,
            -16.7961750
          ],
          [
            -150.9732945,
            -16.7959232
          ],
          [
            -150.9735097,
            -16.7957836
          ],
          [
            -150.9736952,
            -16.7959814
          ],
          [
            -150.9735452,
            -16.7962924
          ],
          [
            -150.9737503,
            -16.7967373
          ],
          [
            -150.9738349,
            -16.7967507
          ],
          [
            -150.9738166,
            -16.7965107
          ],
          [
            -150.9737332,
            -16.7961950
          ],
          [
            -150.9738103,
            -16.7959596
          ],
          [
            -150.9740143,
            -16.7957577
          ],
          [
            -150.9742676,
            -16.7955978
          ],
          [
            -150.9744363,
            -16.7954367
          ],
          [
            -150.9745540,
            -16.7952552
          ],
          [
            -150.9748133,
            -16.7952904
          ],
          [
            -150.9751733,
            -16.7952393
          ],
          [
            -150.9755085,
            -16.7952153
          ],
          [
            -150.9758205,
            -16.7952239
          ],
          [
            -150.9760774,
            -16.7949876
          ],
          [
            -150.9763613,
            -16.7948853
          ],
          [
            -150.9765640,
            -16.7946880
          ],
          [
            -150.9766766,
            -16.7944100
          ],
          [
            -150.9767368,
            -16.7940885
          ],
          [
            -150.9766815,
            -16.7938279
          ],
          [
            -150.9761688,
            -16.7931360
          ],
          [
            -150.9758978,
            -16.7929891
          ],
          [
            -150.9755397,
            -16.7928871
          ]
        ]
      }
    },
    {
      "type": "Feature",
      "properties": {},
      "geometry": {
        "type": "LineString",
        "coordinates": [
          [
            -150.9759594,
            -16.7445509
          ],
          [
            -150.9759569,
            -16.7441869
          ],
          [
            -150.9759506,
            -16.7438003
          ],
          [
            -150.9760444,
            -16.7434699
          ],
          [
            -150.9763721,
            -16.7431553
          ],
          [
            -150.9767326,
            -16.7429670
          ],
          [
            -150.9774397,
            -16.7425905
          ],
          [
            -150.9776711,
            -16.7424122
          ],
          [
            -150.9779665,
            -16.7422808
          ],
          [
            -150.9781008,
            -16.7419817
          ],
          [
            -150.9783626,
            -16.7417561
          ],
          [
            -150.9786900,
            -16.7415013
          ],
          [
            -150.9787458,
            -16.7411428
          ],
          [
            -150.9787836,
            -16.7408027
          ],
          [
            -150.9789532,
            -16.7406940
          ],
          [
            -150.9792238,
            -16.7406978
          ],
          [
            -150.9793480,
            -16.7405543
          ],
          [
            -150.9790986,
            -16.7405558
          ],
          [
            -150.9789550,
            -16.7403717
          ],
          [
            -150.9789777,
            -16.7400533
          ],
          [
            -150.9791201,
            -16.7398097
          ],
          [
            -150.9792829,
            -16.7396127
          ],
          [
            -150.9794086,
            -16.7393312
          ],
          [
            -150.9794712,
            -16.7390367
          ],
          [
            -150.9796501,
            -16.7387151
          ],
          [
            -150.9797883,
            -16.7387906
          ],
          [
            -150.9799519,
            -16.7388308
          ],
          [
            -150.9798369,
            -16.7386049
          ],
          [
            -150.9798005,
            -16.7384332
          ],
          [
            -150.9799698,
            -16.7380853
          ],
          [
            -150.9801383,
            -16.7377880
          ],
          [
            -150.9802889,
            -16.7375147
          ],
          [
            -150.9803968,
            -16.7372322
          ],
          [
            -150.9804010,
            -16.7369568
          ],
          [
            -150.9804981,
            -16.7371670
          ],
          [
            -150.9805426,
            -16.7372844
          ],
          [
            -150.9805618,
            -16.7369950
          ],
          [
            -150.9803645,
            -16.7368439
          ],
          [
            -150.9802874,
            -16.7365538
          ],
          [
            -150.9804190,
            -16.7362832
          ],
          [
            -150.9805226,
            -16.7359692
          ],
          [
            -150.9805690,
            -16.7356712
          ],
          [
            -150.9805308,
            -16.7353642
          ],
          [
            -150.9806848,
            -16.7352318
          ],
          [
            -150.9808828,
            -16.7351989
          ],
          [
            -150.9808714,
            -16.7350296
          ],
          [
            -150.9806106,
            -16.7350502
          ],
          [
            -150.9805068,
            -16.7345210
          ],
          [
            -150.9806682,
            -16.7342410
          ],
          [
            -150.9807645,
            -16.7340054
          ],
          [
            -150.9809755,
            -16.7338851
          ],
          [
            -150.9812027,
            -16.7337677
          ],
          [
            -150.9813193,
            -16.7335519
          ],
          [
            -150.9814657,
            -16.7333752
          ],
          [
            -150.9817908,
            -16.7334904
          ],
          [
            -150.9814331,
            -16.7332718
          ],
          [
            -150.9814001,
            -16.7329844
          ],
          [
            -150.9813833,
            -16.7325906
          ],
          [
            -150.9813402,
            -16.7322166
          ],
          [
            -150.9812484,
            -16.7318734
          ],
          [
            -150.9810838,
            -16.7315535
          ],
          [
            -150.9809119,
            -16.7312444
          ],
          [
            -150.9808115,
            -16.7309069
          ],
          [
            -150.9807471,
            -16.7306081
          ],
          [
            -150.9808031,
            -16.7303363
          ],
          [
            -150.9809131,
            -16.7300404
          ],
          [
            -150.9811071,
            -16.7298061
          ],
          [
            -150.9813390,
            -16.7295623
          ],
          [
            -150.9816190,
            -16.7294050
          ],
          [
            -150.9819394,
            -16.7293396
          ],
          [
            -150.9822913,
            -16.7292247
          ],
          [
            -150.9826009,
            -16.7290994
          ],
          [
            -150.9832688,
            -16.7289049
          ],
          [
            -150.9839273,
            -16.7288613
          ],
          [
            -150.9847878,
            -16.7289683
          ],
          [
            -150.9856132,
            -16.7292631
          ],
          [
            -150.9862319,
            -16.7295636
          ],
          [
            -150.9870000,
            -16.7299268
          ],
          [
            -150.9875114,
            -16.7299898
          ],
          [
            -150.9880146,
            -16.7300913
          ],
          [
            -150.9881933,
            -16.7304304
          ],
          [
            -150.9890577,
            -16.7309603
          ],
          [
            -150.9895133,
            -16.7313255
          ],
          [
            -150.9902181,
            -16.7316740
          ],
          [
            -150.9914210,
            -16.7322715
          ],
          [
            -150.9917814,
            -16.7319823
          ],
          [
            -150.9919929,
            -16.7317806
          ],
          [
            -150.9926056,
            -16.7311131
          ],
          [
            -150.9924214,
            -16.7306730
          ],
          [
            -150.9919065,
            -16.7296866
          ],
          [
            -150.9912686,
            -16.7293073
          ],
          [
            -150.9900826,
            -16.7290173
          ],
          [
            -150.9892701,
            -16.7286201
          ],
          [
            -150.9879688,
            -16.7278331
          ],
          [
            -150.9866909,
            -16.7273231
          ],
          [
            -150.9862510,
            -16.7272559
          ],
          [
            -150.9859221,
            -16.7268468
          ],
          [
            -150.9851504,
            -16.7266342
          ],
          [
            -150.9847411,
            -16.7261698
          ],
          [
            -150.9845064,
            -16.7258854
          ],
          [
            -150.9844014,
            -16.7250188
          ],
          [
            -150.9840421,
            -16.7241742
          ],
          [
            -150.9844573,
            -16.7239059
          ],
          [
            -150.9846830,
            -16.7239455
          ],
          [
            -150.9845434,
            -16.7242953
          ],
          [
            -150.9847900,
            -16.7244589
          ],
          [
            -150.9851042,
            -16.7241592
          ],
          [
            -150.9848069,
            -16.7239608
          ],
          [
            -150.9854246,
            -16.7236344
          ],
          [
            -150.9856179,
            -16.7234319
          ],
          [
            -150.9861801,
            -16.7227863
          ],
          [
            -150.9866584,
            -16.7223822
          ],
          [
            -150.9866796,
            -16.7219854
          ]
        ]
      }
    },
    {
      "type": "Feature",
      "properties": {},
      "geometry": {
        "type": "LineString",
        "coordinates": [
          [
            -150.9888880,
            -16.6985469
          ],
          [
            -150.9896914,
            -16.6978749
          ],
          [
            -150.9900825,
            -16.6976575
          ],
          [
            -150.9905626,
            -16.6976414
          ],
          [
            -150.9909548,
            -16.6976076
          ],
          [
            -150.9912811,
            -16.6974636
          ],
          [
            -150.9917701,
            -16.6975140
          ],
          [
            -150.9922088,
            -16.6976593
          ],
          [
            -150.9925232,
            -16.6976777
          ],
          [
            -150.9929046,
            -16.6976286
          ],
          [
            -150.9932167,
            -16.6979086
          ],
          [
            -150.9934235,
            -16.6981957
          ],
          [
            -150.9936244,
            -16.6983879
          ],
          [
            -150.9938340,
            -16.6985982
          ],
          [
            -150.9941180,
            -16.6987539
          ],
          [
            -150.9943627,
            -16.6988733
          ],
          [
            -150.9947102,
            -16.6989788
          ],
          [
            -150.9950682,
            -16.6989933
          ],
          [
            -150.9952937,
            -16.6988812
          ],
          [
            -150.9955635,
            -16.6988917
          ],
          [
            -150.9959075,
            -16.6988295
          ],
          [
            -150.9961610,
            -16.6988114
          ],
          [
            -150.9964812,
            -16.6987810
          ],
          [
            -150.9967905,
            -16.6986623
          ],
          [
            -150.9970124,
            -16.6988121
          ],
          [
            -150.9973098,
            -16.6987626
          ],
          [
            -150.9976728,
            -16.6985612
          ],
          [
            -150.9979526,
            -16.6984035
          ],
          [
            -150.9983704,
            -16.6982522
          ],
          [
            -150.9986644,
            -16.6980474
          ],
          [
            -150.9987222,
            -16.6977159
          ],
          [
            -150.9991149,
            -16.6974937
          ],
          [
            -150.9994532,
            -16.6975976
          ],
          [
            -150.9998092,
            -16.6974744
          ],
          [
            -151.0001746,
            -16.6973734
          ],
          [
            -151.0004921,
            -16.6972445
          ],
          [
            -151.0008058,
            -16.6970154
          ],
          [
            -151.0011325,
            -16.6969932
          ],
          [
            -151.0014606,
            -16.6968132
          ],
          [
            -151.0017731,
            -16.6966824
          ],
          [
            -151.0022116,
            -16.6966434
          ],
          [
            -151.0025615,
            -16.6965537
          ],
          [
            -151.0028913,
            -16.6967960
          ],
          [
            -151.0032453,
            -16.6969787
          ],
          [
            -151.0035562,
            -16.6971908
          ],
          [
            -151.0038165,
            -16.6974547
          ],
          [
            -151.0041608,
            -16.6975996
          ],
          [
            -151.0044694,
            -16.6977613
          ],
          [
            -151.0048286,
            -16.6979338
          ],
          [
            -151.0051750,
            -16.6980377
          ],
          [
            -151.0055664,
            -16.6980955
          ],
          [
            -151.0059523,
            -16.6981914
          ],
          [
            -151.0063702,
            -16.6981994
          ],
          [
            -151.0067104,
            -16.6980251
          ],
          [
            -151.0069546,
            -16.6978576
          ],
          [
            -151.0072952,
            -16.6979454
          ],
          [
            -151.0079692,
            -16.6982403
          ],
          [
            -151.0082930,
            -16.6984388
          ],
          [
            -151.0086778,
            -16.6985448
          ],
          [
            -151.0090327,
            -16.6988083
          ],
          [
            -151.0093846,
            -16.6988593
          ],
          [
            -151.0096595,
            -16.6988559
          ],
          [
            -151.0099969,
            -16.6989576
          ],
          [
            -151.0100244,
            -16.6992306
          ],
          [
            -151.0100056,
            -16.6995863
          ],
          [
            -151.0101557,
            -16.6999254
          ],
          [
            -151.0104061,
            -16.7000956
          ],
          [
            -151.0106831,
            -16.7002276
          ],
          [
            -151.0109078,
            -16.7003225
          ],
          [
            -151.0105743,
            -16.7005380
          ],
          [
            -151.0102964,
            -16.7007364
          ],
          [
            -151.0100179,
            -16.7010360
          ],
          [
            -151.0097690,
            -16.7013497
          ],
          [
            -151.0098654,
            -16.7012343
          ],
          [
            -151.0101489,
            -16.7009644
          ],
          [
            -151.0103295,
            -16.7007375
          ],
          [
            -151.0104763,
            -16.7007338
          ],
          [
            -151.0107810,
            -16.7005956
          ],
          [
            -151.0110438,
            -16.7003102
          ],
          [
            -151.0114123,
            -16.7000941
          ],
          [
            -151.0117972,
            -16.7001033
          ],
          [
            -151.0121672,
            -16.6999802
          ],
          [
            -151.0125787,
            -16.7000060
          ],
          [
            -151.0129720,
            -16.7000410
          ],
          [
            -151.0133972,
            -16.7000509
          ],
          [
            -151.0138247,
            -16.7000362
          ],
          [
            -151.0142761,
            -16.6999987
          ],
          [
            -151.0146430,
            -16.6999160
          ],
          [
            -151.0149425,
            -16.6999554
          ],
          [
            -151.0152852,
            -16.7000690
          ],
          [
            -151.0157048,
            -16.7001127
          ],
          [
            -151.0161455,
            -16.7001667
          ],
          [
            -151.0165765,
            -16.7002450
          ],
          [
            -151.0169711,
            -16.7003708
          ],
          [
            -151.0173627,
            -16.7005145
          ],
          [
            -151.0177844,
            -16.7006631
          ],
          [
            -151.0181769,
            -16.7008055
          ],
          [
            -151.0185440,
            -16.7008359
          ],
          [
            -151.0188964,
            -16.7010085
          ],
          [
            -151.0192378,
            -16.7011011
          ],
          [
            -151.0196842,
            -16.7012106
          ],
          [
            -151.0201158,
            -16.7013188
          ],
          [
            -151.0205132,
            -16.7014068
          ],
          [
            -151.0208933,
            -16.7013677
          ],
          [
            -151.0211861,
            -16.7011455
          ],
          [
            -151.0213769,
            -16.7008671
          ],
          [
            -151.0216274,
            -16.7005759
          ],
          [
            -151.0219955,
            -16.7005490
          ],
          [
            -151.0221097,
            -16.7007157
          ]
        ]
      }
    },
    {
      "type": "Feature",
      "properties": {},
      "geometry": {
        "type": "LineString",
        "coordinates": [
          [
            -151.0221428,
            -16.7007333
          ],
          [
            -151.0222998,
            -16.7004839
          ],
          [
            -151.0226598,
            -16.7003923
          ],
          [
            -151.0229475,
            -16.7001266
          ],
          [
            -151.0231141,
            -16.6997877
          ],
          [
            -151.0232677,
            -16.6994098
          ],
          [
            -151.0233763,
            -16.6990169
          ],
          [
            -151.0234549,
            -16.6986219
          ],
          [
            -151.0235240,
            -16.6982414
          ],
          [
            -151.0236052,
            -16.6978399
          ],
          [
            -151.0236669,
            -16.6974734
          ],
          [
            -151.0237450,
            -16.6970533
          ],
          [
            -151.0238146,
            -16.6965965
          ],
          [
            -151.0238600,
            -16.6961699
          ],
          [
            -151.0239127,
            -16.6957412
          ],
          [
            -151.0239448,
            -16.6953056
          ],
          [
            -151.0239597,
            -16.6948067
          ],
          [
            -151.0239367,
            -16.6942728
          ],
          [
            -151.0239180,
            -16.6937611
          ],
          [
            -151.0238767,
            -16.6932467
          ],
          [
            -151.0238180,
            -16.6927534
          ],
          [
            -151.0237114,
            -16.6922761
          ]
        ]
      }
    },
    {
      "type": "Feature",
      "properties": {},
      "geometry": {
        "type": "LineString",
        "coordinates": [
          [
            -151.0237018,
            -16.6922366
          ],
          [
            -151.0235955,
            -16.6918153
          ],
          [
            -151.0234417,
            -16.6914675
          ],
          [
            -151.0232972,
            -16.6911091
          ],
          [
            -151.0229823,
            -16.6908524
          ],
          [
            -151.0226605,
            -16.6908300
          ],
          [
            -151.0223798,
            -16.6905425
          ],
          [
            -151.0220277,
            -16.6903107
          ],
          [
            -151.0216521,
            -16.6901811
          ],
          [
            -151.0212575,
            -16.6902371
          ],
          [
            -151.0209012,
            -16.6903774
          ],
          [
            -151.0205946,
            -16.6905846
          ],
          [
            -151.0202915,
            -16.6907414
          ],
          [
            -151.0199641,
            -16.6905212
          ],
          [
            -151.0195625,
            -16.6902974
          ],
          [
            -151.0192003,
            -16.6903532
          ],
          [
            -151.0188618,
            -16.6904659
          ],
          [
            -151.0184918,
            -16.6903887
          ],
          [
            -151.0181452,
            -16.6904847
          ],
          [
            -151.0177742,
            -16.6906178
          ],
          [
            -151.0174038,
            -16.6906442
          ],
          [
            -151.0169781,
            -16.6906791
          ],
          [
            -151.0166607,
            -16.6904478
          ],
          [
            -151.0162821,
            -16.6903836
          ],
          [
            -151.0158954,
            -16.6905126
          ],
          [
            -151.0155148,
            -16.6906160
          ],
          [
            -151.0151224,
            -16.6907123
          ],
          [
            -151.0147122,
            -16.6908227
          ],
          [
            -151.0143211,
            -16.6908899
          ],
          [
            -151.0139672,
            -16.6908269
          ],
          [
            -151.0135853,
            -16.6908192
          ],
          [
            -151.0133072,
            -16.6906249
          ],
          [
            -151.0130532,
            -16.6903340
          ],
          [
            -151.0129178,
            -16.6899302
          ],
          [
            -151.0127116,
            -16.6894998
          ],
          [
            -151.0125026,
            -16.6890876
          ],
          [
            -151.0123095,
            -16.6886886
          ],
          [
            -151.0121194,
            -16.6882951
          ],
          [
            -151.0118732,
            -16.6879960
          ],
          [
            -151.0116474,
            -16.6876832
          ],
          [
            -151.0114264,
            -16.6873912
          ],
          [
            -151.0110836,
            -16.6872850
          ],
          [
            -151.0107671,
            -16.6872156
          ],
          [
            -151.0104341,
            -16.6870701
          ],
          [
            -151.0101266,
            -16.6872075
          ],
          [
            -151.0097784,
            -16.6871885
          ],
          [
            -151.0093982,
            -16.6872209
          ],
          [
            -151.0091586,
            -16.6874704
          ],
          [
            -151.0088578,
            -16.6876082
          ],
          [
            -151.0086046,
            -16.6873864
          ],
          [
            -151.0082771,
            -16.6871490
          ],
          [
            -151.0078569,
            -16.6871359
          ],
          [
            -151.0075265,
            -16.6871788
          ],
          [
            -151.0071875,
            -16.6872139
          ],
          [
            -151.0068152,
            -16.6873000
          ],
          [
            -151.0065241,
            -16.6871600
          ],
          [
            -151.0061360,
            -16.6871912
          ],
          [
            -151.0057488,
            -16.6872836
          ],
          [
            -151.0053717,
            -16.6872799
          ],
          [
            -151.0049415,
            -16.6872087
          ],
          [
            -151.0045281,
            -16.6871539
          ],
          [
            -151.0041579,
            -16.6872185
          ],
          [
            -151.0037928,
            -16.6873428
          ],
          [
            -151.0034154,
            -16.6873463
          ],
          [
            -151.0030376,
            -16.6872302
          ],
          [
            -151.0026274,
            -16.6871640
          ],
          [
            -151.0022735,
            -16.6872455
          ],
          [
            -151.0019077,
            -16.6873993
          ],
          [
            -151.0015815,
            -16.6875582
          ],
          [
            -151.0013099,
            -16.6878014
          ],
          [
            -151.0009947,
            -16.6880734
          ],
          [
            -151.0006747,
            -16.6883005
          ],
          [
            -151.0004386,
            -16.6885771
          ],
          [
            -151.0001056,
            -16.6887792
          ],
          [
            -150.9997690,
            -16.6889989
          ],
          [
            -150.9995595,
            -16.6893010
          ],
          [
            -150.9993927,
            -16.6896656
          ],
          [
            -150.9992752,
            -16.6900328
          ],
          [
            -150.9991334,
            -16.6903859
          ],
          [
            -150.9990721,
            -16.6907909
          ],
          [
            -150.9987978,
            -16.6910813
          ],
          [
            -150.9986637,
            -16.6913467
          ],
          [
            -150.9984406,
            -16.6916888
          ],
          [
            -150.9983467,
            -16.6920452
          ],
          [
            -150.9981828,
            -16.6924142
          ],
          [
            -150.9980254,
            -16.6927222
          ],
          [
            -150.9978696,
            -16.6930286
          ],
          [
            -150.9978043,
            -16.6933623
          ],
          [
            -150.9977755,
            -16.6936277
          ],
          [
            -150.9975340,
            -16.6937770
          ],
          [
            -150.9973021,
            -16.6936243
          ],
          [
            -150.9969993,
            -16.6936633
          ],
          [
            -150.9967185,
            -16.6935862
          ],
          [
            -150.9963893,
            -16.6936335
          ],
          [
            -150.9960265,
            -16.6936525
          ],
          [
            -150.9956831,
            -16.6936528
          ],
          [
            -150.9954035,
            -16.6935724
          ],
          [
            -150.9951390,
            -16.6934278
          ],
          [
            -150.9948476,
            -16.6933854
          ],
          [
            -150.9945423,
            -16.6932395
          ],
          [
            -150.9943130,
            -16.6930366
          ],
          [
            -150.9940238,
            -16.6928562
          ],
          [
            -150.9937105,
            -16.6927059
          ],
          [
            -150.9933835,
            -16.6926432
          ],
          [
            -150.9929960,
            -16.6926290
          ],
          [
            -150.9927567,
            -16.6927427
          ],
          [
            -150.9924645,
            -16.6928239
          ],
          [
            -150.9921558,
            -16.6928963
          ],
          [
            -150.9918474,
            -16.6930194
          ],
          [
            -150.9915890,
            -16.6931162
          ],
          [
            -150.9913064,
            -16.6932250
          ],
          [
            -150.9909825,
            -16.6932813
          ],
          [
            -150.9907140,
            -16.6933087
          ],
          [
            -150.9904061,
            -16.6933437
          ],
          [
            -150.9901298,
            -16.6933639
          ],
          [
            -150.9898013,
            -16.6934404
          ],
          [
            -150.9894396,
            -16.6934964
          ],
          [
            -150.9891519,
            -16.6935385
          ],
          [
            -150.9888230,
            -16.6936240
          ]
        ]
      }
    },
    {
      "type": "Feature",
      "properties": {},
      "geometry": {
        "type": "LineString",
        "coordinates": [
          [
            -151.0104643,
            -16.7681071
          ],
          [
            -151.0104636,
            -16.7684577
          ],
          [
            -151.0107841,
            -16.7686354
          ],
          [
            -151.0111405,
            -16.7688126
          ],
          [
            -151.0115209,
            -16.7690031
          ],
          [
            -151.0119275,
            -16.7689643
          ],
          [
            -151.0123787,
            -16.7689905
          ],
          [
            -151.0124988,
            -16.7687661
          ],
          [
            -151.0125055,
            -16.7684062
          ],
          [
            -151.0127917,
            -16.7681969
          ],
          [
            -151.0132160,
            -16.7682932
          ],
          [
            -151.0136284,
            -16.7684558
          ],
          [
            -151.0139841,
            -16.7685436
          ],
          [
            -151.0143479,
            -16.7685619
          ],
          [
            -151.0148316,
            -16.7687396
          ],
          [
            -151.0153063,
            -16.7688858
          ],
          [
            -151.0157348,
            -16.7690407
          ],
          [
            -151.0160891,
            -16.7692552
          ],
          [
            -151.0164627,
            -16.7693772
          ],
          [
            -151.0161927,
            -16.7694389
          ],
          [
            -151.0161544,
            -16.7695902
          ],
          [
            -151.0165740,
            -16.7695796
          ],
          [
            -151.0168236,
            -16.7694867
          ],
          [
            -151.0171993,
            -16.7695228
          ],
          [
            -151.0175810,
            -16.7695793
          ],
          [
            -151.0180524,
            -16.7696553
          ],
          [
            -151.0181975,
            -16.7697672
          ],
          [
            -151.0177551,
            -16.7697175
          ],
          [
            -151.0173739,
            -16.7696526
          ],
          [
            -151.0169810,
            -16.7695980
          ],
          [
            -151.0168482,
            -16.7695472
          ],
          [
            -151.0166324,
            -16.7696387
          ],
          [
            -151.0161639,
            -16.7696420
          ],
          [
            -151.0157163,
            -16.7696523
          ],
          [
            -151.0153963,
            -16.7696879
          ],
          [
            -151.0150260,
            -16.7696365
          ],
          [
            -151.0146702,
            -16.7696562
          ],
          [
            -151.0142747,
            -16.7695200
          ],
          [
            -151.0138010,
            -16.7693783
          ],
          [
            -151.0133503,
            -16.7692688
          ],
          [
            -151.0129116,
            -16.7691807
          ],
          [
            -151.0125674,
            -16.7691934
          ],
          [
            -151.0121853,
            -16.7690985
          ],
          [
            -151.0118263,
            -16.7691309
          ],
          [
            -151.0114368,
            -16.7690481
          ],
          [
            -151.0110678,
            -16.7688608
          ],
          [
            -151.0106709,
            -16.7686535
          ],
          [
            -151.0103197,
            -16.7684398
          ],
          [
            -151.0099972,
            -16.7681836
          ],
          [
            -151.0097093,
            -16.7679320
          ],
          [
            -151.0095556,
            -16.7675738
          ],
          [
            -151.0094006,
            -16.7672762
          ],
          [
            -151.0092841,
            -16.7669092
          ],
          [
            -151.0092089,
            -16.7665681
          ],
          [
            -151.0093810,
            -16.7662195
          ],
          [
            -151.0096499,
            -16.7659130
          ],
          [
            -151.0098217,
            -16.7656033
          ],
          [
            -151.0100692,
            -16.7652439
          ],
          [
            -151.0103426,
            -16.7649706
          ],
          [
            -151.0104703,
            -16.7646270
          ],
          [
            -151.0105951,
            -16.7642497
          ],
          [
            -151.0107167,
            -16.7638642
          ],
          [
            -151.0107564,
            -16.7634818
          ],
          [
            -151.0106406,
            -16.7631056
          ],
          [
            -151.0105182,
            -16.7626364
          ],
          [
            -151.0107530,
            -16.7617678
          ],
          [
            -151.0109323,
            -16.7601457
          ],
          [
            -151.0107520,
            -16.7598148
          ],
          [
            -151.0108388,
            -16.7593383
          ],
          [
            -151.0113645,
            -16.7591747
          ],
          [
            -151.0116792,
            -16.7588590
          ],
          [
            -151.0120387,
            -16.7577294
          ],
          [
            -151.0124027,
            -16.7572459
          ],
          [
            -151.0127665,
            -16.7569699
          ],
          [
            -151.0128677,
            -16.7566599
          ],
          [
            -151.0128453,
            -16.7564425
          ],
          [
            -151.0130570,
            -16.7565190
          ],
          [
            -151.0132990,
            -16.7561103
          ],
          [
            -151.0135228,
            -16.7558356
          ],
          [
            -151.0138314,
            -16.7550647
          ],
          [
            -151.0142918,
            -16.7547302
          ],
          [
            -151.0145845,
            -16.7543576
          ],
          [
            -151.0149423,
            -16.7540211
          ],
          [
            -151.0156058,
            -16.7536332
          ],
          [
            -151.0163409,
            -16.7530731
          ],
          [
            -151.0163723,
            -16.7526609
          ],
          [
            -151.0157530,
            -16.7514713
          ],
          [
            -151.0158199,
            -16.7506868
          ],
          [
            -151.0155502,
            -16.7504200
          ],
          [
            -151.0151028,
            -16.7505297
          ],
          [
            -151.0144309,
            -16.7512052
          ],
          [
            -151.0143265,
            -16.7515245
          ],
          [
            -151.0140728,
            -16.7516168
          ],
          [
            -151.0136919,
            -16.7517123
          ],
          [
            -151.0127783,
            -16.7524632
          ],
          [
            -151.0125742,
            -16.7528544
          ],
          [
            -151.0121089,
            -16.7531755
          ],
          [
            -151.0118867,
            -16.7533454
          ],
          [
            -151.0110723,
            -16.7538504
          ],
          [
            -151.0110190,
            -16.7540534
          ],
          [
            -151.0107835,
            -16.7544104
          ],
          [
            -151.0104637,
            -16.7546218
          ],
          [
            -151.0102678,
            -16.7541029
          ],
          [
            -151.0097684,
            -16.7536723
          ],
          [
            -151.0090443,
            -16.7530322
          ],
          [
            -151.0083539,
            -16.7528931
          ],
          [
            -151.0077786,
            -16.7526485
          ],
          [
            -151.0071531,
            -16.7520970
          ],
          [
            -151.0065455,
            -16.7520920
          ],
          [
            -151.0056706,
            -16.7523704
          ]
        ]
      }
    },
    {
      "type": "Feature",
      "properties": {},
      "geometry": {
        "type": "LineString",
        "coordinates": [
          [
            -151.0152961,
            -16.7940647
          ],
          [
            -151.0132892,
            -16.7933067
          ],
          [
            -151.0107075,
            -16.7925004
          ],
          [
            -151.0102948,
            -16.7911830
          ],
          [
            -151.0099623,
            -16.7891093
          ],
          [
            -151.0099213,
            -16.7887864
          ],
          [
            -151.0099350,
            -16.7884904
          ],
          [
            -151.0100507,
            -16.7881336
          ],
          [
            -151.0100623,
            -16.7877367
          ],
          [
            -151.0102375,
            -16.7874692
          ],
          [
            -151.0104370,
            -16.7871566
          ],
          [
            -151.0103994,
            -16.7867944
          ],
          [
            -151.0105546,
            -16.7864711
          ],
          [
            -151.0105954,
            -16.7860932
          ],
          [
            -151.0108169,
            -16.7858484
          ],
          [
            -151.0108786,
            -16.7855975
          ],
          [
            -151.0109558,
            -16.7852654
          ],
          [
            -151.0110089,
            -16.7849100
          ],
          [
            -151.0111003,
            -16.7845238
          ],
          [
            -151.0111500,
            -16.7840780
          ],
          [
            -151.0111630,
            -16.7837027
          ],
          [
            -151.0112366,
            -16.7833865
          ],
          [
            -151.0113409,
            -16.7830613
          ],
          [
            -151.0115724,
            -16.7827641
          ],
          [
            -151.0117441,
            -16.7824571
          ],
          [
            -151.0118904,
            -16.7822433
          ],
          [
            -151.0116975,
            -16.7819297
          ],
          [
            -151.0116714,
            -16.7815803
          ],
          [
            -151.0114712,
            -16.7812109
          ],
          [
            -151.0111631,
            -16.7809150
          ],
          [
            -151.0108924,
            -16.7806604
          ],
          [
            -151.0106631,
            -16.7806663
          ],
          [
            -151.0103957,
            -16.7804948
          ],
          [
            -151.0100651,
            -16.7803414
          ],
          [
            -151.0099088,
            -16.7801278
          ],
          [
            -151.0098158,
            -16.7801990
          ],
          [
            -151.0095419,
            -16.7801626
          ],
          [
            -151.0093448,
            -16.7799327
          ],
          [
            -151.0091927,
            -16.7801756
          ],
          [
            -151.0094844,
            -16.7802681
          ],
          [
            -151.0093653,
            -16.7804324
          ],
          [
            -151.0090543,
            -16.7803377
          ],
          [
            -151.0087408,
            -16.7802771
          ],
          [
            -151.0083328,
            -16.7803488
          ],
          [
            -151.0080198,
            -16.7805297
          ],
          [
            -151.0078082,
            -16.7807138
          ],
          [
            -151.0075024,
            -16.7809395
          ],
          [
            -151.0071195,
            -16.7810499
          ],
          [
            -151.0067259,
            -16.7811304
          ],
          [
            -151.0069591,
            -16.7812998
          ],
          [
            -151.0068077,
            -16.7816073
          ],
          [
            -151.0066326,
            -16.7818624
          ],
          [
            -151.0068479,
            -16.7820985
          ],
          [
            -151.0068445,
            -16.7823275
          ],
          [
            -151.0065360,
            -16.7821984
          ],
          [
            -151.0065275,
            -16.7825545
          ],
          [
            -151.0064195,
            -16.7828831
          ],
          [
            -151.0065932,
            -16.7829165
          ],
          [
            -151.0066897,
            -16.7826528
          ],
          [
            -151.0069408,
            -16.7828292
          ],
          [
            -151.0067828,
            -16.7831361
          ],
          [
            -151.0066723,
            -16.7832095
          ],
          [
            -151.0067532,
            -16.7834663
          ],
          [
            -151.0066117,
            -16.7837456
          ],
          [
            -151.0063958,
            -16.7836585
          ],
          [
            -151.0062178,
            -16.7834168
          ],
          [
            -151.0062069,
            -16.7836408
          ],
          [
            -151.0061180,
            -16.7840356
          ],
          [
            -151.0057949,
            -16.7841336
          ],
          [
            -151.0056156,
            -16.7842916
          ],
          [
            -151.0052411,
            -16.7839668
          ],
          [
            -151.0054466,
            -16.7842188
          ],
          [
            -151.0054257,
            -16.7844654
          ],
          [
            -151.0051260,
            -16.7846655
          ],
          [
            -151.0050145,
            -16.7848712
          ],
          [
            -151.0048074,
            -16.7850416
          ],
          [
            -151.0048395,
            -16.7851901
          ],
          [
            -151.0047105,
            -16.7853868
          ],
          [
            -151.0041331,
            -16.7856673
          ],
          [
            -151.0039254,
            -16.7853615
          ],
          [
            -151.0037624,
            -16.7855230
          ],
          [
            -151.0036060,
            -16.7857769
          ],
          [
            -151.0034773,
            -16.7854725
          ],
          [
            -151.0032881,
            -16.7857477
          ],
          [
            -151.0033842,
            -16.7861048
          ],
          [
            -151.0032864,
            -16.7863773
          ],
          [
            -151.0030562,
            -16.7865286
          ],
          [
            -151.0027767,
            -16.7865786
          ],
          [
            -151.0026076,
            -16.7864650
          ],
          [
            -151.0027666,
            -16.7868674
          ],
          [
            -151.0023993,
            -16.7868721
          ],
          [
            -151.0020882,
            -16.7869560
          ],
          [
            -151.0020950,
            -16.7872190
          ],
          [
            -151.0018097,
            -16.7875158
          ],
          [
            -151.0013914,
            -16.7874792
          ],
          [
            -151.0011671,
            -16.7872813
          ],
          [
            -151.0013794,
            -16.7875672
          ],
          [
            -151.0016436,
            -16.7878037
          ],
          [
            -151.0015069,
            -16.7880791
          ],
          [
            -151.0012346,
            -16.7882050
          ],
          [
            -151.0012529,
            -16.7885859
          ],
          [
            -151.0013580,
            -16.7889055
          ],
          [
            -151.0012639,
            -16.7892569
          ],
          [
            -151.0014679,
            -16.7892938
          ],
          [
            -151.0016382,
            -16.7895639
          ],
          [
            -151.0018851,
            -16.7898653
          ],
          [
            -151.0021595,
            -16.7901135
          ],
          [
            -151.0024777,
            -16.7901221
          ],
          [
            -151.0027390,
            -16.7904148
          ],
          [
            -151.0030113,
            -16.7907214
          ],
          [
            -151.0032772,
            -16.7909376
          ],
          [
            -151.0034319,
            -16.7912730
          ],
          [
            -151.0036107,
            -16.7915508
          ],
          [
            -151.0038717,
            -16.7916902
          ],
          [
            -151.0041729,
            -16.7917612
          ],
          [
            -151.0042939,
            -16.7920229
          ],
          [
            -151.0044727,
            -16.7923216
          ],
          [
            -151.0046661,
            -16.7925752
          ],
          [
            -151.0049129,
            -16.7927804
          ],
          [
            -151.0051994,
            -16.7929560
          ],
          [
            -151.0055529,
            -16.7930264
          ],
          [
            -151.0053549,
            -16.7932522
          ],
          [
            -151.0052793,
            -16.7935949
          ],
          [
            -151.0053163,
            -16.7939387
          ],
          [
            -151.0055825,
            -16.7941396
          ],
          [
            -151.0058252,
            -16.7943996
          ],
          [
            -151.0059595,
            -16.7946820
          ],
          [
            -151.0063212,
            -16.7947563
          ],
          [
            -151.0064688,
            -16.7949888
          ],
          [
            -151.0066187,
            -16.7952415
          ],
          [
            -151.0069824,
            -16.7953624
          ],
          [
            -151.0073427,
            -16.7954480
          ],
          [
            -151.0076779,
            -16.7955386
          ],
          [
            -151.0080531,
            -16.7957115
          ],
          [
            -151.0082952,
            -16.7957183
          ],
          [
            -151.0086739,
            -16.7957657
          ],
          [
            -151.0091021,
            -16.7957776
          ],
          [
            -151.0095204,
            -16.7957488
          ],
          [
            -151.0098906,
            -16.7957567
          ],
          [
            -151.0102517,
            -16.7959270
          ],
          [
            -151.0105433,
            -16.7961761
          ],
          [
            -151.0108686,
            -16.7964220
          ],
          [
            -151.0111050,
            -16.7967504
          ],
          [
            -151.0110596,
            -16.7971055
          ],
          [
            -151.0111853,
            -16.7974343
          ],
          [
            -151.0110812,
            -16.7978331
          ],
          [
            -151.0107075,
            -16.7980241
          ],
          [
            -151.0103311,
            -16.7979742
          ],
          [
            -151.0099322,
            -16.7980281
          ],
          [
            -151.0094877,
            -16.7982227
          ],
          [
            -151.0091298,
            -16.7984436
          ],
          [
            -151.0088646,
            -16.7987192
          ],
          [
            -151.0086131,
            -16.7989615
          ],
          [
            -151.0082623,
            -16.7992021
          ],
          [
            -151.0079988,
            -16.7994791
          ],
          [
            -151.0077412,
            -16.7997435
          ],
          [
            -151.0074907,
            -16.8000373
          ],
          [
            -151.0072343,
            -16.8003951
          ],
          [
            -151.0070084,
            -16.8007738
          ],
          [
            -151.0066831,
            -16.8010958
          ],
          [
            -151.0063142,
            -16.8013993
          ],
          [
            -151.0059584,
            -16.8017311
          ],
          [
            -151.0056262,
            -16.8020460
          ]
        ]
      }
    },
    {
      "type": "Feature",
      "properties": {},
      "geometry": {
        "type": "LineString",
        "coordinates": [
          [
            -150.9988365,
            -16.7659018
          ],
          [
            -150.9992185,
            -16.7659849
          ],
          [
            -150.9995718,
            -16.7659295
          ],
          [
            -150.9998745,
            -16.7658160
          ],
          [
            -151.0002218,
            -16.7658292
          ],
          [
            -151.0006027,
            -16.7659129
          ],
          [
            -151.0010312,
            -16.7658375
          ],
          [
            -151.0013643,
            -16.7658748
          ],
          [
            -151.0017343,
            -16.7659358
          ],
          [
            -151.0021077,
            -16.7660094
          ],
          [
            -151.0023102,
            -16.7661236
          ],
          [
            -151.0026841,
            -16.7661338
          ],
          [
            -151.0030500,
            -16.7662730
          ],
          [
            -151.0033946,
            -16.7663895
          ],
          [
            -151.0037670,
            -16.7664687
          ],
          [
            -151.0041636,
            -16.7664909
          ],
          [
            -151.0045679,
            -16.7664190
          ],
          [
            -151.0049833,
            -16.7664198
          ],
          [
            -151.0053776,
            -16.7665096
          ],
          [
            -151.0057626,
            -16.7666083
          ],
          [
            -151.0058118,
            -16.7668653
          ],
          [
            -151.0055757,
            -16.7666675
          ],
          [
            -151.0056014,
            -16.7668938
          ],
          [
            -151.0055557,
            -16.7671511
          ],
          [
            -151.0056644,
            -16.7674905
          ],
          [
            -151.0059708,
            -16.7675770
          ],
          [
            -151.0061891,
            -16.7677722
          ],
          [
            -151.0060673,
            -16.7680226
          ],
          [
            -151.0059466,
            -16.7683307
          ],
          [
            -151.0061399,
            -16.7681672
          ],
          [
            -151.0062777,
            -16.7679365
          ],
          [
            -151.0066147,
            -16.7679293
          ],
          [
            -151.0070027,
            -16.7679604
          ],
          [
            -151.0073736,
            -16.7680025
          ],
          [
            -151.0077819,
            -16.7679571
          ],
          [
            -151.0081459,
            -16.7678547
          ],
          [
            -151.0085222,
            -16.7678888
          ],
          [
            -151.0089038,
            -16.7680387
          ],
          [
            -151.0092050,
            -16.7683194
          ],
          [
            -151.0092949,
            -16.7685688
          ],
          [
            -151.0090214,
            -16.7686939
          ],
          [
            -151.0093093,
            -16.7686606
          ],
          [
            -151.0093629,
            -16.7686940
          ],
          [
            -151.0095084,
            -16.7687205
          ],
          [
            -151.0095877,
            -16.7690142
          ],
          [
            -151.0097036,
            -16.7692261
          ],
          [
            -151.0100437,
            -16.7692455
          ],
          [
            -151.0104073,
            -16.7694523
          ],
          [
            -151.0106921,
            -16.7697795
          ],
          [
            -151.0106985,
            -16.7702468
          ],
          [
            -151.0106757,
            -16.7706624
          ],
          [
            -151.0109226,
            -16.7709159
          ],
          [
            -151.0112036,
            -16.7709237
          ],
          [
            -151.0114160,
            -16.7710318
          ],
          [
            -151.0116628,
            -16.7707772
          ],
          [
            -151.0120135,
            -16.7705779
          ],
          [
            -151.0124586,
            -16.7705130
          ],
          [
            -151.0128049,
            -16.7706075
          ],
          [
            -151.0130682,
            -16.7708509
          ],
          [
            -151.0132578,
            -16.7711175
          ],
          [
            -151.0130833,
            -16.7714407
          ],
          [
            -151.0128635,
            -16.7718598
          ],
          [
            -151.0127316,
            -16.7722362
          ],
          [
            -151.0126941,
            -16.7726179
          ],
          [
            -151.0126503,
            -16.7729158
          ],
          [
            -151.0128390,
            -16.7731734
          ],
          [
            -151.0131835,
            -16.7731971
          ],
          [
            -151.0134960,
            -16.7730863
          ],
          [
            -151.0137207,
            -16.7728810
          ],
          [
            -151.0141016,
            -16.7726696
          ],
          [
            -151.0144451,
            -16.7724976
          ],
          [
            -151.0147168,
            -16.7722303
          ],
          [
            -151.0150257,
            -16.7719758
          ],
          [
            -151.0151227,
            -16.7715976
          ],
          [
            -151.0154570,
            -16.7713883
          ],
          [
            -151.0158448,
            -16.7715240
          ],
          [
            -151.0162137,
            -16.7716298
          ],
          [
            -151.0165498,
            -16.7718160
          ],
          [
            -151.0167493,
            -16.7721450
          ],
          [
            -151.0167360,
            -16.7725009
          ],
          [
            -151.0167638,
            -16.7728770
          ],
          [
            -151.0167556,
            -16.7732900
          ],
          [
            -151.0166325,
            -16.7736433
          ],
          [
            -151.0165673,
            -16.7740053
          ],
          [
            -151.0166156,
            -16.7743642
          ],
          [
            -151.0169055,
            -16.7746063
          ],
          [
            -151.0171940,
            -16.7748611
          ],
          [
            -151.0173077,
            -16.7751433
          ],
          [
            -151.0174494,
            -16.7751818
          ],
          [
            -151.0175006,
            -16.7751016
          ],
          [
            -151.0176129,
            -16.7753408
          ],
          [
            -151.0178610,
            -16.7754513
          ],
          [
            -151.0181282,
            -16.7757141
          ],
          [
            -151.0184095,
            -16.7759936
          ],
          [
            -151.0185271,
            -16.7762389
          ],
          [
            -151.0187765,
            -16.7764092
          ],
          [
            -151.0190291,
            -16.7766746
          ],
          [
            -151.0191730,
            -16.7769727
          ],
          [
            -151.0192289,
            -16.7773526
          ],
          [
            -151.0193685,
            -16.7773749
          ],
          [
            -151.0195750,
            -16.7775997
          ],
          [
            -151.0196985,
            -16.7779284
          ],
          [
            -151.0199141,
            -16.7778663
          ],
          [
            -151.0201598,
            -16.7780417
          ],
          [
            -151.0203815,
            -16.7781029
          ],
          [
            -151.0207612,
            -16.7780728
          ],
          [
            -151.0210472,
            -16.7779286
          ],
          [
            -151.0212088,
            -16.7776843
          ],
          [
            -151.0215630,
            -16.7776108
          ],
          [
            -151.0218967,
            -16.7775812
          ],
          [
            -151.0220878,
            -16.7774420
          ],
          [
            -151.0222690,
            -16.7776828
          ],
          [
            -151.0222848,
            -16.7774006
          ],
          [
            -151.0226266,
            -16.7772928
          ],
          [
            -151.0228616,
            -16.7774823
          ],
          [
            -151.0231356,
            -16.7775136
          ],
          [
            -151.0231821,
            -16.7773209
          ],
          [
            -151.0231229,
            -16.7770930
          ],
          [
            -151.0235139,
            -16.7769640
          ],
          [
            -151.0240131,
            -16.7768529
          ],
          [
            -151.0247339,
            -16.7768839
          ],
          [
            -151.0251896,
            -16.7769902
          ],
          [
            -151.0256755,
            -16.7771277
          ],
          [
            -151.0262557,
            -16.7773824
          ],
          [
            -151.0267596,
            -16.7776399
          ],
          [
            -151.0271818,
            -16.7780742
          ],
          [
            -151.0275159,
            -16.7786007
          ],
          [
            -151.0274581,
            -16.7791447
          ],
          [
            -151.0271400,
            -16.7797198
          ],
          [
            -151.0272562,
            -16.7801221
          ]
        ]
      }
    },
    {
      "type": "Feature",
      "properties": {},
      "geometry": {
        "type": "LineString",
        "coordinates": [
          [
            -151.0365695,
            -16.7217967
          ],
          [
            -151.0371646,
            -16.7229484
          ],
          [
            -151.0372283,
            -16.7235123
          ],
          [
            -151.0369603,
            -16.7240720
          ],
          [
            -151.0370208,
            -16.7250491
          ],
          [
            -151.0373834,
            -16.7257736
          ],
          [
            -151.0375266,
            -16.7259028
          ],
          [
            -151.0378612,
            -16.7265494
          ],
          [
            -151.0379278,
            -16.7272351
          ],
          [
            -151.0377443,
            -16.7284646
          ],
          [
            -151.0375468,
            -16.7292366
          ],
          [
            -151.0356775,
            -16.7306689
          ],
          [
            -151.0350352,
            -16.7325142
          ],
          [
            -151.0341713,
            -16.7341188
          ],
          [
            -151.0339650,
            -16.7345688
          ],
          [
            -151.0329656,
            -16.7354955
          ],
          [
            -151.0326857,
            -16.7354961
          ],
          [
            -151.0325338,
            -16.7358529
          ],
          [
            -151.0325602,
            -16.7362861
          ],
          [
            -151.0324425,
            -16.7372605
          ],
          [
            -151.0319358,
            -16.7373275
          ],
          [
            -151.0315093,
            -16.7376360
          ],
          [
            -151.0312703,
            -16.7382779
          ],
          [
            -151.0309725,
            -16.7384648
          ],
          [
            -151.0305972,
            -16.7386749
          ],
          [
            -151.0305551,
            -16.7391016
          ],
          [
            -151.0307574,
            -16.7393853
          ],
          [
            -151.0307439,
            -16.7395306
          ],
          [
            -151.0310342,
            -16.7395371
          ],
          [
            -151.0313631,
            -16.7397359
          ],
          [
            -151.0319368,
            -16.7393720
          ],
          [
            -151.0326088,
            -16.7390090
          ],
          [
            -151.0330301,
            -16.7384440
          ],
          [
            -151.0333325,
            -16.7382274
          ],
          [
            -151.0336197,
            -16.7379585
          ],
          [
            -151.0339513,
            -16.7378018
          ],
          [
            -151.0342207,
            -16.7375050
          ],
          [
            -151.0344354,
            -16.7371846
          ],
          [
            -151.0346511,
            -16.7368952
          ],
          [
            -151.0349714,
            -16.7367505
          ],
          [
            -151.0353658,
            -16.7366238
          ],
          [
            -151.0357334,
            -16.7364853
          ],
          [
            -151.0359897,
            -16.7363185
          ],
          [
            -151.0362785,
            -16.7360851
          ],
          [
            -151.0365525,
            -16.7358777
          ],
          [
            -151.0368813,
            -16.7356532
          ],
          [
            -151.0371851,
            -16.7354590
          ],
          [
            -151.0374899,
            -16.7352815
          ],
          [
            -151.0378101,
            -16.7350974
          ],
          [
            -151.0381334,
            -16.7348923
          ],
          [
            -151.0385152,
            -16.7346975
          ],
          [
            -151.0388695,
            -16.7345032
          ],
          [
            -151.0391853,
            -16.7342785
          ],
          [
            -151.0394500,
            -16.7340212
          ],
          [
            -151.0397246,
            -16.7337618
          ],
          [
            -151.0399895,
            -16.7334248
          ],
          [
            -151.0403027,
            -16.7331055
          ],
          [
            -151.0405543,
            -16.7327818
          ],
          [
            -151.0408746,
            -16.7324199
          ],
          [
            -151.0410627,
            -16.7321002
          ],
          [
            -151.0413182,
            -16.7320851
          ],
          [
            -151.0415566,
            -16.7323324
          ],
          [
            -151.0418108,
            -16.7326305
          ],
          [
            -151.0419947,
            -16.7329701
          ],
          [
            -151.0420410,
            -16.7333504
          ],
          [
            -151.0420990,
            -16.7337083
          ],
          [
            -151.0423095,
            -16.7340243
          ],
          [
            -151.0426128,
            -16.7341941
          ],
          [
            -151.0427771,
            -16.7344704
          ],
          [
            -151.0429545,
            -16.7348048
          ],
          [
            -151.0432621,
            -16.7350780
          ],
          [
            -151.0435132,
            -16.7354239
          ],
          [
            -151.0437815,
            -16.7357193
          ],
          [
            -151.0440207,
            -16.7359998
          ],
          [
            -151.0443585,
            -16.7364409
          ],
          [
            -151.0448287,
            -16.7370322
          ],
          [
            -151.0451871,
            -16.7376211
          ],
          [
            -151.0455402,
            -16.7383059
          ],
          [
            -151.0456862,
            -16.7387707
          ],
          [
            -151.0457810,
            -16.7390984
          ],
          [
            -151.0459345,
            -16.7395358
          ],
          [
            -151.0460753,
            -16.7400941
          ],
          [
            -151.0461987,
            -16.7408090
          ],
          [
            -151.0463493,
            -16.7411039
          ],
          [
            -151.0463889,
            -16.7417958
          ],
          [
            -151.0462854,
            -16.7421002
          ],
          [
            -151.0464063,
            -16.7424264
          ],
          [
            -151.0465082,
            -16.7427280
          ],
          [
            -151.0464643,
            -16.7430899
          ],
          [
            -151.0464015,
            -16.7434580
          ],
          [
            -151.0463354,
            -16.7438462
          ],
          [
            -151.0463098,
            -16.7441946
          ],
          [
            -151.0462165,
            -16.7445620
          ],
          [
            -151.0461117,
            -16.7449496
          ],
          [
            -151.0460901,
            -16.7453023
          ],
          [
            -151.0460630,
            -16.7456717
          ],
          [
            -151.0460239,
            -16.7460875
          ],
          [
            -151.0460246,
            -16.7465070
          ],
          [
            -151.0459674,
            -16.7466550
          ],
          [
            -151.0456319,
            -16.7468381
          ],
          [
            -151.0451986,
            -16.7468243
          ],
          [
            -151.0448240,
            -16.7469891
          ],
          [
            -151.0445256,
            -16.7472176
          ],
          [
            -151.0442997,
            -16.7474955
          ],
          [
            -151.0442474,
            -16.7477785
          ],
          [
            -151.0439579,
            -16.7479776
          ],
          [
            -151.0438962,
            -16.7481228
          ],
          [
            -151.0440753,
            -16.7482843
          ],
          [
            -151.0440612,
            -16.7485587
          ],
          [
            -151.0440944,
            -16.7488545
          ],
          [
            -151.0442074,
            -16.7491399
          ],
          [
            -151.0443530,
            -16.7494432
          ],
          [
            -151.0444798,
            -16.7497261
          ],
          [
            -151.0446263,
            -16.7499764
          ],
          [
            -151.0448532,
            -16.7501299
          ],
          [
            -151.0452244,
            -16.7500750
          ],
          [
            -151.0455751,
            -16.7501208
          ],
          [
            -151.0458479,
            -16.7502374
          ],
          [
            -151.0461539,
            -16.7502870
          ],
          [
            -151.0463833,
            -16.7503616
          ],
          [
            -151.0463939,
            -16.7506178
          ],
          [
            -151.0464949,
            -16.7508939
          ],
          [
            -151.0465661,
            -16.7510943
          ],
          [
            -151.0466528,
            -16.7513301
          ],
          [
            -151.0466362,
            -16.7515477
          ],
          [
            -151.0464087,
            -16.7517016
          ],
          [
            -151.0462608,
            -16.7519217
          ],
          [
            -151.0463304,
            -16.7522160
          ],
          [
            -151.0463327,
            -16.7525012
          ],
          [
            -151.0464155,
            -16.7527757
          ],
          [
            -151.0465329,
            -16.7530444
          ],
          [
            -151.0466717,
            -16.7533351
          ],
          [
            -151.0467497,
            -16.7536445
          ],
          [
            -151.0468500,
            -16.7539511
          ],
          [
            -151.0470657,
            -16.7541577
          ],
          [
            -151.0470451,
            -16.7544718
          ],
          [
            -151.0470371,
            -16.7548007
          ],
          [
            -151.0471423,
            -16.7551647
          ],
          [
            -151.0471017,
            -16.7555205
          ],
          [
            -151.0470129,
            -16.7558925
          ],
          [
            -151.0469138,
            -16.7562365
          ],
          [
            -151.0469056,
            -16.7565365
          ],
          [
            -151.0468893,
            -16.7567887
          ],
          [
            -151.0469166,
            -16.7570757
          ],
          [
            -151.0469387,
            -16.7573773
          ],
          [
            -151.0469978,
            -16.7576538
          ],
          [
            -151.0470566,
            -16.7579375
          ],
          [
            -151.0470786,
            -16.7581766
          ],
          [
            -151.0469366,
            -16.7584499
          ],
          [
            -151.0468584,
            -16.7587656
          ],
          [
            -151.0467833,
            -16.7590599
          ],
          [
            -151.0467298,
            -16.7594008
          ],
          [
            -151.0467282,
            -16.7596732
          ],
          [
            -151.0466727,
            -16.7600236
          ],
          [
            -151.0466748,
            -16.7603770
          ],
          [
            -151.0466253,
            -16.7606938
          ],
          [
            -151.0465416,
            -16.7609843
          ],
          [
            -151.0464107,
            -16.7612769
          ],
          [
            -151.0462430,
            -16.7615577
          ]
        ]
      }
    },
    {
      "type": "Feature",
      "properties": {},
      "geometry": {
        "type": "LineString",
        "coordinates": [
          [
            -151.0239915,
            -16.6865203
          ],
          [
            -151.0243840,
            -16.6865852
          ],
          [
            -151.0247981,
            -16.6866283
          ],
          [
            -151.0252015,
            -16.6867205
          ],
          [
            -151.0256003,
            -16.6868235
          ],
          [
            -151.0259909,
            -16.6869279
          ],
          [
            -151.0264309,
            -16.6870546
          ],
          [
            -151.0268392,
            -16.6871981
          ],
          [
            -151.0272998,
            -16.6873713
          ],
          [
            -151.0277690,
            -16.6875160
          ],
          [
            -151.0282354,
            -16.6876568
          ],
          [
            -151.0286966,
            -16.6877788
          ],
          [
            -151.0291261,
            -16.6879672
          ],
          [
            -151.0295158,
            -16.6881734
          ],
          [
            -151.0298904,
            -16.6883919
          ],
          [
            -151.0302449,
            -16.6886515
          ],
          [
            -151.0306276,
            -16.6888963
          ],
          [
            -151.0309936,
            -16.6891982
          ],
          [
            -151.0313285,
            -16.6894978
          ],
          [
            -151.0316496,
            -16.6898057
          ],
          [
            -151.0319494,
            -16.6900898
          ],
          [
            -151.0322356,
            -16.6903992
          ],
          [
            -151.0325472,
            -16.6907141
          ],
          [
            -151.0328446,
            -16.6910403
          ],
          [
            -151.0330474,
            -16.6913895
          ],
          [
            -151.0333054,
            -16.6917536
          ],
          [
            -151.0335348,
            -16.6921036
          ],
          [
            -151.0337456,
            -16.6924478
          ],
          [
            -151.0339203,
            -16.6928079
          ],
          [
            -151.0341202,
            -16.6931639
          ],
          [
            -151.0346402,
            -16.6939336
          ],
          [
            -151.0354477,
            -16.6954344
          ],
          [
            -151.0367562,
            -16.6974553
          ],
          [
            -151.0383185,
            -16.6998255
          ],
          [
            -151.0394370,
            -16.7015973
          ],
          [
            -151.0402118,
            -16.7028132
          ],
          [
            -151.0407664,
            -16.7040070
          ],
          [
            -151.0407374,
            -16.7050379
          ],
          [
            -151.0405685,
            -16.7052275
          ],
          [
            -151.0402930,
            -16.7054636
          ],
          [
            -151.0400254,
            -16.7057306
          ],
          [
            -151.0397657,
            -16.7061671
          ],
          [
            -151.0396649,
            -16.7065499
          ],
          [
            -151.0396626,
            -16.7069548
          ],
          [
            -151.0397691,
            -16.7087712
          ],
          [
            -151.0396463,
            -16.7091910
          ],
          [
            -151.0393351,
            -16.7096151
          ],
          [
            -151.0393544,
            -16.7099288
          ],
          [
            -151.0392418,
            -16.7106657
          ],
          [
            -151.0388220,
            -16.7107486
          ],
          [
            -151.0384905,
            -16.7109618
          ],
          [
            -151.0382004,
            -16.7113001
          ],
          [
            -151.0374240,
            -16.7123449
          ],
          [
            -151.0370293,
            -16.7128609
          ],
          [
            -151.0368074,
            -16.7131854
          ],
          [
            -151.0359306,
            -16.7139868
          ],
          [
            -151.0353192,
            -16.7141461
          ],
          [
            -151.0334813,
            -16.7153401
          ],
          [
            -151.0336539,
            -16.7157717
          ],
          [
            -151.0339167,
            -16.7160343
          ],
          [
            -151.0340239,
            -16.7164420
          ],
          [
            -151.0340471,
            -16.7168917
          ],
          [
            -151.0342014,
            -16.7172385
          ],
          [
            -151.0341405,
            -16.7175659
          ],
          [
            -151.0339381,
            -16.7177529
          ],
          [
            -151.0339698,
            -16.7182029
          ],
          [
            -151.0338469,
            -16.7183382
          ],
          [
            -151.0330261,
            -16.7197290
          ],
          [
            -151.0328685,
            -16.7200773
          ],
          [
            -151.0328028,
            -16.7207522
          ],
          [
            -151.0322821,
            -16.7209247
          ],
          [
            -151.0319926,
            -16.7212374
          ],
          [
            -151.0316152,
            -16.7212114
          ],
          [
            -151.0319389,
            -16.7213308
          ],
          [
            -151.0319301,
            -16.7217472
          ],
          [
            -151.0316976,
            -16.7220495
          ],
          [
            -151.0329717,
            -16.7221544
          ],
          [
            -151.0333627,
            -16.7219574
          ],
          [
            -151.0338242,
            -16.7217156
          ],
          [
            -151.0343544,
            -16.7213733
          ],
          [
            -151.0347514,
            -16.7211039
          ],
          [
            -151.0354631,
            -16.7212627
          ],
          [
            -151.0360798,
            -16.7214667
          ],
          [
            -151.0365009,
            -16.7216830
          ]
        ]
      }
    }
  ]
}
